{"1": 43.66860294342041, "2": 13.701524019241333, "3": 14.22617244720459, "4": 14.597219228744507, "5": 15.034373044967651, "6": 15.22935438156128, "7": 16.220751762390137, "8": 15.93080759048462, "9": 16.115630388259888, "10": 16.335103511810303, "11": 16.711596250534058, "12": 16.81713318824768, "13": 16.717547178268433, "14": 16.94768977165222, "15": 16.834499835968018, "16": 17.82841181755066, "17": 17.37722420692444, "18": 16.95287823677063, "19": 16.8120698928833, "20": 16.826943159103394, "21": 17.117355823516846, "22": 16.711138486862183, "23": 17.22036075592041, "24": 17.120395183563232, "25": 17.1226589679718, "26": 17.014471292495728, "27": 17.741637706756592, "28": 17.21103262901306, "29": 17.362889289855957, "30": 17.030439853668213, "31": 17.23045325279236, "32": 17.33795738220215, "33": 17.138458490371704, "34": 17.170358657836914, "35": 17.22326350212097, "36": 17.33084797859192, "37": 17.521931171417236, "38": 17.26226830482483, "39": 17.540266036987305, "40": 17.540577173233032, "41": 17.232324838638306, "42": 17.9506516456604, "43": 17.435863971710205, "44": 17.340397357940674, "45": 17.333186626434326, "46": 17.965290069580078, "47": 17.342016458511353, "48": 17.53128480911255, "49": 17.47689700126648, "50": 17.564738988876343, "51": 17.451796531677246, "52": 17.530189275741577, "53": 17.31684184074402, "54": 17.345685482025146, "55": 17.55843758583069, "56": 18.030192613601685, "57": 17.323585987091064, "58": 17.47079300880432, "59": 17.313342571258545, "60": 17.545077800750732, "61": 17.420790433883667, "62": 17.7321560382843, "63": 17.495586156845093, "64": 18.05073881149292, "65": 17.852166175842285, "66": 17.54817795753479, "67": 17.566025018692017, "68": 17.326789140701294, "69": 17.325181484222412, "70": 17.448261737823486, "71": 17.63664174079895, "72": 17.423221588134766, "73": 17.62598466873169, "74": 17.339227199554443, "75": 18.258395671844482, "76": 17.45757555961609, "77": 17.543166637420654, "78": 17.63568687438965, "79": 17.538721799850464, "80": 17.53949761390686, "81": 18.252142429351807, "82": 17.867599487304688, "83": 17.853664875030518, "84": 17.880584239959717, "85": 17.535839557647705, "86": 17.532739877700806, "87": 17.533373832702637, "88": 17.427481651306152, "89": 17.529639720916748, "90": 17.52292490005493, "91": 17.5185444355011, "92": 17.625552654266357, "93": 17.74272394180298, "94": 17.923333406448364, "95": 17.61928081512451, "96": 17.529869318008423, "97": 17.61821436882019, "98": 17.732279062271118, "99": 17.63158917427063, "100": 19.840104579925537, "101": 18.728508710861206, "102": 17.62549328804016, "103": 18.427469730377197, "104": 17.543710708618164, "105": 17.4379243850708, "106": 17.51731252670288, "107": 17.45457935333252, "108": 17.66711163520813, "109": 20.865272283554077, "110": 20.11355757713318, "111": 17.919845581054688, "112": 17.556691884994507, "113": 17.466797828674316, "114": 17.528555870056152, "115": 17.53275465965271, "116": 17.6585054397583, "117": 17.430174112319946, "118": 17.529738664627075, "119": 17.565640449523926, "120": 17.679044008255005, "121": 17.635685682296753, "122": 18.04259181022644, "123": 17.543785572052002, "124": 17.648558855056763, "125": 17.440274000167847, "126": 17.638303995132446, "127": 17.51860737800598, "128": 17.433069705963135, "129": 17.550386905670166, "130": 17.333847284317017, "131": 17.65330171585083, "132": 17.85778784751892, "133": 17.62346053123474, "134": 17.523900032043457, "135": 17.443517446517944, "136": 17.5350079536438, "137": 17.547682523727417, "138": 17.4652681350708, "139": 17.62913465499878, "140": 17.732946395874023, "141": 18.045663833618164, "142": 17.73865246772766, "143": 17.537934064865112, "144": 17.53855299949646, "145": 17.441986560821533, "146": 17.535043239593506, "147": 17.551639318466187, "148": 17.82672381401062, "149": 17.433358192443848, "150": 17.766472578048706, "151": 18.020912885665894, "152": 17.65984058380127, "153": 17.733030080795288, "154": 17.846988677978516, "155": 17.762688875198364, "156": 17.669421434402466, "157": 18.036960124969482, "158": 17.659268856048584, "159": 17.633450031280518, "160": 18.11917233467102, "161": 17.733542919158936, "162": 17.858531713485718, "163": 17.530409812927246, "164": 17.695674657821655, "165": 17.55166459083557, "166": 17.554179906845093, "167": 17.541481494903564, "168": 17.42195153236389, "169": 17.73122215270996, "170": 17.774564027786255, "171": 17.743441104888916, "172": 17.553204774856567, "173": 17.437121868133545, "174": 18.283984422683716, "175": 17.72308325767517, "176": 17.77843976020813, "177": 17.449971675872803, "178": 17.929168701171875, "179": 18.08612370491028, "180": 17.67873525619507, "181": 17.740328550338745, "182": 17.640058994293213, "183": 17.657389163970947, "184": 17.627888441085815, "185": 17.719369411468506, "186": 17.73948621749878, "187": 17.63680076599121, "188": 18.063557624816895, "189": 17.732340335845947, "190": 17.51864194869995, "191": 17.612730979919434, "192": 17.648364305496216, "193": 17.556338787078857, "194": 17.543411016464233, "195": 17.8291916847229, "196": 17.454985857009888, "197": 17.727718353271484, "198": 18.03922748565674, "199": 17.97408890724182, "200": 17.65144109725952, "201": 17.627752780914307, "202": 18.026392459869385, "203": 17.718827724456787, "204": 18.023659229278564, "205": 17.824485778808594, "206": 17.53542447090149, "207": 17.832656383514404, "208": 17.57204818725586, "209": 17.55563974380493, "210": 17.767093658447266, "211": 17.61603355407715, "212": 17.531466722488403, "213": 17.51218867301941, "214": 17.54569125175476, "215": 17.450488567352295, "216": 17.64744544029236, "217": 18.144031047821045, "218": 17.93244504928589, "219": 17.629989624023438, "220": 17.84868288040161, "221": 17.53408408164978, "222": 17.520722150802612, "223": 17.457825660705566, "224": 17.68291449546814, "225": 17.44669222831726, "226": 17.981560707092285, "227": 17.529616355895996, "228": 18.139307498931885, "229": 17.544419288635254, "230": 17.687131881713867, "231": 17.53866982460022, "232": 17.450491189956665, "233": 17.94877314567566, "234": 17.635425567626953, "235": 17.739744663238525, "236": 18.556699514389038, "237": 17.4246826171875, "238": 17.668720722198486, "239": 17.839927196502686, "240": 17.568666696548462, "241": 17.767635345458984, "242": 17.63229751586914, "243": 17.640635013580322, "244": 17.522342205047607, "245": 17.953276872634888, "246": 17.85642147064209, "247": 17.73935055732727, "248": 17.83223843574524, "249": 17.932108879089355, "250": 17.72148036956787, "251": 18.245042324066162, "252": 17.749857664108276, "253": 17.637816667556763, "254": 17.66576385498047, "255": 18.032681226730347, "256": 17.53286051750183, "257": 17.63542079925537, "258": 17.513211965560913, "259": 17.546393156051636, "260": 17.726588010787964, "261": 17.58118963241577, "262": 17.61876893043518, "263": 17.526597261428833, "264": 18.133949518203735, "265": 17.536980867385864, "266": 17.534668684005737, "267": 18.75853681564331, "268": 17.62602472305298, "269": 17.743938446044922, "270": 17.639451503753662, "271": 17.71457028388977, "272": 17.872488021850586, "273": 17.720521688461304, "274": 18.364742279052734, "275": 17.74251651763916, "276": 17.452364683151245, "277": 17.42551851272583, "278": 17.629594564437866, "279": 17.467604398727417, "280": 17.951453924179077, "281": 17.86049509048462, "282": 17.829792261123657, "283": 18.142744779586792, "284": 17.55790424346924, "285": 17.43051528930664, "286": 17.428328275680542, "287": 17.42004132270813, "288": 17.564517736434937, "289": 17.435327768325806, "290": 17.64821696281433, "291": 17.753453731536865, "292": 17.5252525806427, "293": 18.15061616897583, "294": 17.84454917907715, "295": 17.717598915100098, "296": 17.529165983200073, "297": 17.908945322036743, "298": 17.35641598701477, "299": 17.654033660888672, "300": 17.347413063049316, "301": 17.539366006851196, "302": 18.068681478500366, "303": 17.515009880065918, "304": 17.52918291091919,