{"1": 77.35295748710632, "2": 39.572394609451294, "3": 46.57810735702515, "4": 43.893824338912964, "5": 36.49049758911133, "6": 44.6403534412384, "7": 47.9190092086792, "8": 40.8345410823822, "9": 35.062092781066895, "10": 117.47622466087341, "11": 16.791740894317627, "12": 17.03854250907898, "13": 16.64551877975464, "14": 16.830952644348145, "15": 16.726325273513794, "16": 16.95127272605896, "17": 17.226539850234985, "18": 16.608280420303345, "19": 17.435304164886475, "20": 16.823277473449707, "21": 16.82001543045044, "22": 16.71550488471985, "23": 16.567243814468384, "24": 17.152844190597534, "25": 16.721031665802002, "26": 16.618017196655273, "27": 17.141109228134155, "28": 16.72406005859375, "29": 16.63123345375061, "30": 16.85964012145996, "31": 16.449485540390015, "32": 16.54344344139099, "33": 16.721044301986694, "34": 16.6231427192688, "35": 16.61487603187561, "36": 16.526515007019043, "37": 17.02340292930603, "38": 16.512758493423462, "39": 16.63113784790039, "40": 16.929735898971558, "41": 16.62777590751648, "42": 16.639496326446533, "43": 16.734756231307983, "44": 16.758938312530518, "45": 16.718741178512573, "46": 16.518850088119507, "47": 17.495596170425415, "48": 16.535375118255615, "49": 16.71651601791382, "50": 16.721530437469482, "51": 16.661988496780396, "52": 16.728594541549683, "53": 16.56826901435852, "54": 16.84068465232849, "55": 16.72197461128235, "56": 16.525285959243774, "57": 17.43914222717285, "58": 16.724647760391235, "59": 16.651424169540405, "60": 16.654027700424194, "61": 16.678378582000732, "62": 16.73527193069458, "63": 16.74018692970276, "64": 16.76636052131653, "65": 16.665452480316162, "66": 16.65189790725708, "67": 17.216798782348633, "68": 16.754995584487915, "69": 16.827104330062866, "70": 16.821338653564453, "71": 16.82682728767395, "72": 16.837639093399048, "73": 16.9269015789032, "74": 16.73482584953308, "75": 16.71620488166809, "76": 16.845729112625122, "77": 17.024603366851807, "78": 16.70681858062744, "79": 16.717466592788696, "80": 16.65348720550537, "81": 16.629286289215088, "82": 16.537742614746094, "83": 16.52041482925415, "84": 16.72223925590515, "85": 16.622010707855225, "86": 16.748050689697266, "87": 17.1460964679718, "88": 16.62557816505432, "89": 16.736223697662354, "90": 16.926799774169922, "91": 16.830490589141846, "92": 16.652779817581177, "93": 16.822434663772583, "94": 16.622124910354614, "95": 16.726258754730225, "96": 16.75353765487671, "97": 17.14876103401184, "98": 16.555732250213623, "99": 16.757747411727905, "100": 16.897906064987183}