{"1": 176.43422102928162, "2": 203.63388180732727, "3": 105.77555871009827, "4": 16.82450222969055, "5": 16.845452070236206, "6": 16.96439242362976, "7": 16.834113121032715, "8": 16.84763503074646, "9": 16.73939824104309, "10": 17.343032836914062, "11": 16.849425554275513, "12": 16.932170629501343, "13": 16.837067365646362, "14": 16.731582403182983, "15": 16.895465850830078, "16": 16.830052852630615, "17": 16.982494115829468, "18": 17.07457447052002, "19": 16.940848350524902, "20": 16.839170932769775, "21": 17.06251883506775, "22": 16.869369745254517, "23": 16.844338417053223, "24": 16.847293853759766, "25": 16.84469699859619, "26": 16.84709334373474, "27": 16.945784330368042, "28": 16.83629298210144, "29": 17.042900800704956, "30": 16.93634819984436, "31": 16.829816579818726, "32": 16.958129167556763, "33": 16.929927349090576, "34": 17.339468479156494, "35": 16.84185481071472, "36": 16.971654415130615, "37": 16.83206868171692, "38": 16.869601011276245, "39": 17.344932317733765, "40": 16.937753200531006, "41": 17.026813983917236, "42": 16.94524574279785, "43": 16.8293399810791, "44": 17.04577898979187, "45": 16.939257621765137, "46": 17.052858352661133, "47": 17.05207633972168, "48": 16.97524929046631, "49": 17.974703788757324, "50": 17.058627367019653, "51": 17.04409956932068, "52": 17.14949655532837, "53": 16.95377016067505, "54": 17.046077251434326, "55": 16.92700982093811, "56": 17.032644748687744, "57": 16.84960150718689, "58": 16.976327896118164, "59": 17.38595199584961, "60": 17.0322265625, "61": 18.261380195617676, "62": 17.06296420097351, "63": 16.93790578842163, "64": 16.960959434509277, "65": 17.457290649414062, "66": 17.039864540100098, "67": 17.04157042503357, "68": 17.056911945343018, "69": 17.237562894821167, "70": 17.034975051879883, "71": 16.956335306167603, "72": 16.870376110076904, "73": 17.069093942642212, "74": 16.937158346176147, "75": 16.941577672958374, "76": 16.93141484260559, "77": 17.03152823448181, "78": 17.345670461654663, "79": 16.943851947784424, "80": 16.92889380455017, "81": 17.781161785125732, "82": 19.336445569992065, "83": 18.06679344177246, "84": 17.060774564743042, "85": 16.933415174484253, "86": 16.915019035339355, "87": 16.83022952079773, "88": 17.33132243156433, "89": 16.838665008544922, "90": 16.92812204360962, "91": 16.930860996246338, "92": 16.955831050872803, "93": 16.922052145004272, "94": 16.93612289428711, "95": 19.70099639892578, "96": 16.960212469100952, "97": 17.146894216537476, "98": 17.560827255249023, "99": 16.963435173034668, "100": 17.036738634109497, "101": 16.94351029396057, "102": 16.86490297317505, "103": 16.95681881904602, "104": 17.035167932510376, "105": 17.17310929298401, "106": 17.093997955322266, "107": 17.24465823173523, "108": 17.578446626663208, "109": 16.846298933029175, "110": 16.96134901046753, "111": 17.547096967697144, "112": 16.963034629821777, "113": 16.930256366729736, "114": 16.951512336730957, "115": 16.84893798828125, "116": 16.72813630104065, "117": 17.858379125595093, "118": 16.945531845092773, "119": 16.730693340301514, "120": 16.745418071746826, "121": 17.031996965408325, "122": 16.86606526374817, "123": 16.88651442527771, "124": 16.852128505706787, "125": 16.836665630340576, "126": 16.969473838806152, "127": 17.774204969406128, "128": 16.94998025894165, "129": 16.97983193397522, "130": 17.039702653884888, "131": 16.947168350219727, "132": 16.941091299057007, "133": 16.96376919746399, "134": 16.937705039978027, "135": 17.052889108657837, "136": 16.958888292312622, "137": 17.654396772384644, "138": 16.84127140045166, "139": 17.037667274475098, "140": 17.24327850341797, "141": 16.756731271743774, "142": 16.943464756011963, "143": 16.869889497756958, "144": 16.733649492263794, "145": 16.935256958007812, "146": 17.086424112319946, "147": 17.333705186843872, "148": 17.04314136505127, "149": 16.644402265548706, "150": 16.929137468338013, "151": 16.988974571228027, "152": 16.937494039535522, "153": 17.248695611953735, "154": 17.06660509109497, "155": 17.44426465034485, "156": 17.349194526672363, "157": 16.84653663635254, "158": 16.94260263442993, "159": 17.44925594329834, "160": 16.949931621551514, "161": 17.03970980644226, "162": 17.2642822265625, "163": 17.050166606903076, "164": 17.035186767578125, "165": 16.9625301361084, "166": 17.571343421936035, "167": 16.861266136169434, "168": 17.07112956047058, "169": 17.04183578491211, "170": 17.074073553085327, "171": 16.945339679718018, "172": 17.159842014312744, "173": 16.95769500732422, "174": 17.228980541229248, "175": 16.953975915908813, "176": 17.408177375793457, "177": 17.060492753982544, "178": 17.448241710662842, "179": 16.937458753585815, "180": 17.055758237838745, "181": 16.929476737976074, "182": 16.938656091690063, "183": 17.24900484085083, "184": 17.260636806488037, "185": 17.143502473831177, "186": 17.25328826904297, "187": 16.83913826942444, "188": 16.945459842681885, "189": 17.12966561317444, "190": 17.05640411376953, "191": 17.15569281578064, "192": 17.00222635269165, "193": 16.75001549720764, "194": 17.2293701171875, "195": 17.186415672302246, "196": 17.02287268638611, "197": 16.825106382369995, "198": 16.72613787651062, "199": 16.820102214813232, "200": 16.83414912223816, "201": 16.86618208885193, "202": 16.8271906375885, "203": 16.84882664680481, "204": 16.62681245803833, "205": 17.04906702041626, "206": 16.826385021209717, "207": 16.828115224838257, "208": 17.35383629798889, "209": 16.827188968658447, "210": 17.022809267044067, "211": 16.838869094848633, "212": 16.67582654953003, "213": 16.831742763519287, "214": 16.810096263885498, "215": 16.945765495300293, "216": 16.94063448905945, "217": 16.841275691986084, "218": 16.615796089172363, "219": 16.627371788024902, "220": 16.747255086898804, "221": 16.540005922317505, "222": 16.740780115127563, "223": 16.81810450553894, "224": 16.724793672561646, "225": 17.049556255340576, "226": 16.840356588363647, "227": 16.821248054504395, "228": 16.730234146118164, "229": 16.720463514328003, "230": 16.822020292282104, "231": 16.62298822402954, "232": 16.759655475616455, "233": 16.623652458190918, "234": 16.74069309234619, "235": 17.026082277297974, "236": 16.619274616241455, "237": 16.750092267990112, "238": 16.63563895225525, "239": 16.623888731002808, "240": 16.7860164642334, "241": 16.925487756729126, "242": 16.758732080459595, "243": 16.930298566818237, "244": 16.7409725189209, "245": 16.976957321166992, "246": 16.65162754058838, "247": 16.422931909561157, "248": 16.71052360534668, "249": 16.55631685256958, "250": 16.648494720458984, "251": 16.523011207580566, "252": 16.622673511505127, "253": 16.639734029769897, "254": 17.373465061187744, "255": 16.92011523246765, "256": 16.6534640789032, "257": 17.02880883216858, "258": 16.72682785987854, "259": 17.82646894454956, "260": 16.526633977890015, "261": 16.755149364471436, "262": 16.523188829421997, "263": 16.63582754135132, "264": 16.63222098350525, "265": 16.88498091697693, "266": 16.524116039276123, "267": 16.624288320541382, "268": 16.523629188537598, "269": 16.544803142547607, "270": 16.64063572883606, "271": 16.74019742012024, "272": 16.635576725006104, "273": 16.61708903312683, "274": 16.530272006988525, "275": 16.936589002609253, "276": 16.860699892044067, "277": 16.628251791000366, "278": 16.72689700126648, "279": 16.631285905838013, "280": 16.628093957901, "281": 16.618558883666992, "282": 16.53375768661499, "283": 16.723854541778564, "284": 16.5082848072052, "285": 16.826284170150757, "286": 17.104264497756958, "287": 16.61919379234314, "288": 16.648812294006348, "289": 16.644049167633057, "290": 16.76673722267151, "291": 16.816784858703613, "292": 17.09273338317871, "293": 16.741477489471436, "294": 16.634735107421875, "295": 16.742308378219604, "296": 17.045541763305664, "297": 16.72191095352173, "298": 16.748770475387573, "299": 16.811362504959106, "300": 16.72726535797119, "301": 16.613062620162964, "302": 16.64256501197815, "303": 16.752782821655273, "304": 16.7209792137146, "305": 16.91250443458557,