{"1": 158.41631722450256, "2": 140.20726871490479, "3": 135.4035840034485, "4": 115.61638975143433, "5": 17.94247007369995, "6": 17.83639097213745, "7": 18.177527904510498, "8": 17.527207851409912, "9": 17.436017751693726, "10": 17.518288373947144, "11": 17.446520805358887, "12": 17.349132537841797, "13": 17.331413984298706, "14": 17.468364477157593, "15": 17.434161901474, "16": 18.24383783340454, "17": 17.349767923355103, "18": 17.33702802658081, "19": 17.428407669067383, "20": 17.44584345817566, "21": 17.35949969291687, "22": 17.541510343551636, "23": 17.352919101715088, "24": 17.439838647842407, "25": 17.3183376789093, "26": 17.81701159477234, "27": 17.546406507492065, "28": 17.52509331703186, "29": 17.44179105758667, "30": 17.342868089675903, "31": 17.142699003219604, "32": 17.334365844726562, "33": 17.14984393119812, "34": 17.341214656829834, "35": 17.43533229827881, "36": 17.421408653259277, "37": 17.430589199066162, "38": 17.428616762161255, "39": 17.320956707000732, "40": 17.448535442352295, "41": 17.12592577934265, "42": 17.347395658493042, "43": 17.34761619567871, "44": 17.252575635910034, "45": 17.63683819770813, "46": 17.347904443740845, "47": 17.326823234558105, "48": 17.44194221496582, "49": 17.240448236465454, "50": 17.33258628845215, "51": 17.563895225524902, "52": 17.737798929214478, "53": 17.3227059841156, "54": 17.432245016098022, "55": 17.745639085769653, "56": 17.339048147201538, "57": 17.422571897506714, "58": 17.528573513031006, "59": 17.319611310958862, "60": 17.23533010482788, "61": 17.53743314743042, "62": 17.246140480041504, "63": 17.433754444122314, "64": 17.63266134262085, "65": 17.242576122283936, "66": 17.323853254318237, "67": 17.322824239730835, "68": 17.53575038909912, "69": 17.262685537338257, "70": 17.447181224822998, "71": 17.33709144592285, "72": 17.341758966445923, "73": 17.2649507522583, "74": 18.06200933456421, "75": 17.525744676589966, "76": 17.16233777999878, "77": 17.412814378738403, "78": 17.322885513305664, "79": 17.24874520301819, "80": 17.25763511657715, "81": 17.23347520828247, "82": 17.323867321014404, "83": 17.556121110916138, "84": 18.23839783668518, "85": 17.539066553115845, "86": 17.43617010116577, "87": 17.027859449386597, "88": 17.976733922958374, "89": 17.24689769744873, "90": 17.36836838722229, "91": 17.318080186843872, "92": 17.534529209136963, "93": 17.638508319854736, "94": 17.325335264205933, "95": 18.442943811416626, "96": 17.33149027824402, "97": 17.32054305076599, "98": 17.4304518699646, "99": 17.694239616394043, "100": 17.246139526367188, "101": 17.743059158325195, "102": 17.34905695915222, "103": 17.719205617904663, "104": 17.295205116271973, "105": 17.23276400566101, "106": 17.474514961242676, "107": 17.332271337509155, "108": 17.337145566940308, "109": 17.31230092048645, "110": 17.5390362739563, "111": 17.441326141357422, "112": 17.423853635787964, "113": 17.2354736328125, "114": 17.351574897766113, "115": 17.440304040908813, "116": 17.45599389076233, "117": 17.726977825164795, "118": 17.34386682510376, "119": 17.38398003578186, "120": 17.531752109527588, "121": 17.534362316131592, "122": 17.82786273956299, "123": 17.33721661567688, "124": 17.420615911483765, "125": 17.308459997177124, "126": 17.252063989639282, "127": 17.22369694709778, "128": 17.423604249954224, "129": 17.014816522598267, "130": 17.326250314712524, "131": 17.33358597755432, "132": 17.82069730758667, "133": 17.73805809020996, "134": 17.43032479286194, "135": 17.24412250518799, "136": 17.35495924949646, "137": 17.223662853240967, "138": 17.128143787384033, "139": 17.337812185287476, "140": 17.170615911483765, "141": 17.553898811340332, "142": 17.261713981628418, "143": 17.135211944580078, "144": 17.351520538330078, "145": 17.330166578292847, "146": 17.127039909362793, "147": 17.8370041847229, "148": 17.235969066619873, "149": 17.337195873260498, "150": 17.534350872039795, "151": 17.726661443710327, "152": 17.029149770736694, "153": 17.342109203338623, "154": 17.338590145111084, "155": 17.31493091583252, "156": 17.160083293914795, "157": 17.73939299583435, "158": 17.222572803497314, "159": 17.448071479797363, "160": 17.314655542373657, "161": 17.880391359329224, "162": 17.323933601379395, "163": 17.438999891281128, "164": 17.370545864105225, "165": 17.668697595596313, "166": 17.5259108543396, "167": 17.247822761535645, "168": 17.339895486831665, "169": 17.14076542854309, "170": 17.84144139289856, "171": 17.422611236572266, "172": 17.218836307525635, "173": 17.443148612976074, "174": 17.219621419906616, "175": 17.54793906211853, "176": 17.236713886260986, "177": 17.42847490310669, "178": 17.52411985397339, "179": 17.53520655632019, "180": 18.143604278564453, "181": 17.619563341140747, "182": 17.55822515487671, "183": 17.23919129371643, "184": 17.423038244247437, "185": 17.341274738311768, "186": 17.240710496902466, "187": 17.351251125335693, "188": 17.11719036102295, "189": 17.447922706604004, "190": 17.847298622131348, "191": 17.340428829193115, "192": 17.367685079574585, "193": 17.16180396080017, "194": 17.829370737075806, "195": 17.335670948028564, "196": 17.54095768928528, "197": 17.32825779914856, "198": 17.446686506271362, "199": 17.938576698303223, "200": 17.229645013809204, "201": 17.333831548690796, "202": 17.424734592437744, "203": 17.445335149765015, "204": 17.454821348190308, "205": 17.31179428100586, "206": 17.529740571975708, "207": 17.326669216156006, "208": 17.318018674850464, "209": 17.83005928993225, "210": 17.31580376625061, "211": 17.423375844955444, "212": 17.57707667350769, "213": 17.252243041992188, "214": 17.478134393692017, "215": 17.457905054092407, "216": 17.538797616958618, "217": 17.52239489555359, "218": 17.841511487960815, "219": 17.553279876708984, "220": 17.33570885658264, "221": 17.465233325958252, "222": 17.233371019363403, "223": 17.341819524765015, "224": 17.33349323272705, "225": 17.43684411048889, "226": 17.334701538085938, "227": 17.328461408615112, "228": 18.157897233963013, "229": 17.422542572021484, "230": 17.4434814453125, "231": 17.445804357528687, "232": 17.326387882232666, "233": 17.653092622756958, "234": 17.447166919708252, "235": 17.318475008010864, "236": 17.24269986152649, "237": 17.326846599578857, "238": 17.720412254333496, "239": 17.249497413635254, "240": 17.349328756332397, "241": 17.45964002609253, "242": 17.832462549209595, "243": 17.444229125976562, "244": 17.145588397979736, "245": 17.34494662284851, "246": 17.335441827774048, "247": 17.843528509140015, "248": 18.068910121917725, "249": 17.451786756515503, "250": 17.333650588989258, "251": 17.340269565582275, "252": 17.53085684776306, "253": 17.53864288330078, "254": 17.340036869049072, "255": 17.315112352371216, "256": 17.23040747642517, "257": 17.83467674255371, "258": 17.386231660842896, "259": 17.567858457565308, "260": 17.331746578216553, "261": 17.431734323501587, "262": 17.43435287475586, "263": 17.36869215965271, "264": 17.34252166748047, "265": 17.450173377990723, "266": 17.87701177597046, "267": 17.26927423477173, "268": 17.333932399749756, "269": 17.418468952178955, "270": 17.321943044662476, "271": 17.544443130493164, "272": 17.640331268310547, "273": 17.433212757110596, "274": 17.249456882476807, "275": 17.639491319656372, "276": 17.96064281463623, "277": 17.436189889907837, "278": 17.42904496192932, "279": 17.425615310668945, "280": 17.550650119781494, "281": 17.617655038833618, "282": 17.434611558914185, "283": 17.727410316467285, "284": 18.24103593826294, "285": 17.33518648147583, "286": 17.63617491722107, "287": 17.31664490699768, "288": 17.48170280456543, "289": 17.955007076263428, "290": 17.428343534469604, "291": 17.81976294517517, "292": 17.4616756439209, "293": 17.4326114654541, "294": 17.32712173461914, "295": 17.725142240524292, "296": 17.43455743789673, "297": 17.416922330856323, "298": 17.24624466896057, "299": 17.445817470550537, "300": 17.465129613876343, "301": 17.521005392074585, "302": 17.53286576271057, "303": 17.392956733703613, "304": 17.33116388320923,