{"1": 131.06808876991272, "2": 87.03714156150818, "3": 99.8639440536499, "4": 74.46476674079895, "5": 113.83272504806519, "6": 17.031716346740723, "7": 17.97864270210266, "8": 16.87112522125244, "9": 16.828384399414062, "10": 17.045828580856323, "11": 17.353323936462402, "12": 16.73741865158081, "13": 16.726481676101685, "14": 16.73524808883667, "15": 17.53737187385559, "16": 17.082873106002808, "17": 16.930894374847412, "18": 16.832748889923096, "19": 16.633806943893433, "20": 16.839611053466797, "21": 16.86847162246704, "22": 16.75480341911316, "23": 17.16360855102539, "24": 17.090544939041138, "25": 16.874749660491943, "26": 16.841922760009766, "27": 16.824661016464233, "28": 16.845111846923828, "29": 16.85425043106079, "30": 16.832919120788574, "31": 16.832871675491333, "32": 16.74256205558777, "33": 16.82814884185791, "34": 16.837107181549072, "35": 16.635178565979004, "36": 16.743772506713867, "37": 17.570698022842407, "38": 16.74651837348938, "39": 16.84470844268799, "40": 16.631797790527344, "41": 17.486204862594604, "42": 17.049854278564453, "43": 16.820863246917725, "44": 16.82367730140686, "45": 16.746140480041504, "46": 16.817715644836426, "47": 17.77101230621338, "48": 16.950199365615845, "49": 17.16453266143799, "50": 17.06852960586548, "51": 18.956974029541016, "52": 18.364834308624268, "53": 16.927513599395752, "54": 16.688886642456055, "55": 16.988776445388794, "56": 16.716607093811035, "57": 16.846680879592896, "58": 16.63337755203247, "59": 16.641435146331787, "60": 16.930248975753784, "61": 16.64918065071106, "62": 16.86388349533081, "63": 16.73799419403076, "64": 16.63432550430298, "65": 16.84804368019104, "66": 16.647098064422607, "67": 17.02952790260315, "68": 16.852540254592896, "69": 16.56650972366333, "70": 16.826817989349365, "71": 16.723634958267212, "72": 16.952468395233154, "73": 16.68100619316101, "74": 16.816527843475342, "75": 16.762079000473022, "76": 16.829684257507324, "77": 16.844300508499146, "78": 16.83119034767151, "79": 16.83050847053528, "80": 16.978826999664307, "81": 16.724083423614502, "82": 16.88720154762268, "83": 16.834925413131714, "84": 16.754008769989014, "85": 17.0334575176239, "86": 16.952550411224365, "87": 16.96446204185486, "88": 17.058753490447998, "89": 16.828678131103516, "90": 17.092636585235596, "91": 16.9766206741333, "92": 16.92914652824402, "93": 17.460505723953247, "94": 17.04625105857849, "95": 17.752408504486084, "96": 17.153506755828857, "97": 17.961705207824707, "98": 17.53097629547119, "99": 17.748993396759033, "100": 17.628832817077637}