{"1": 128.4717242717743, "2": 116.48574495315552, "3": 115.08501172065735, "4": 115.12143731117249, "5": 17.372480630874634, "6": 17.863478660583496, "7": 17.374379873275757, "8": 17.143306255340576, "9": 17.133469104766846, "10": 17.231191635131836, "11": 17.055052995681763, "12": 17.29254412651062, "13": 17.24406933784485, "14": 17.36929416656494, "15": 17.623210906982422, "16": 17.041516542434692, "17": 17.327558279037476, "18": 17.138538360595703, "19": 17.172783613204956, "20": 17.13985323905945, "21": 16.932647705078125, "22": 17.068801164627075, "23": 17.133654356002808, "24": 16.942524433135986, "25": 17.43992018699646, "26": 17.023334741592407, "27": 17.02992081642151, "28": 17.520015239715576, "29": 16.94129967689514, "30": 17.02432918548584, "31": 17.055787086486816, "32": 16.83667254447937, "33": 17.44590401649475, "34": 17.049168586730957, "35": 17.53192400932312, "36": 17.865437984466553, "37": 17.027345657348633, "38": 17.026668548583984, "39": 17.010068893432617, "40": 16.824533462524414, "41": 17.045269012451172, "42": 16.927666664123535, "43": 17.011873960494995, "44": 17.128337860107422, "45": 17.598121404647827, "46": 17.242263317108154, "47": 16.821244955062866, "48": 17.340003490447998, "49": 17.13861393928528, "50": 17.058622360229492, "51": 17.130244255065918, "52": 17.018592834472656, "53": 17.322163581848145, "54": 17.1352961063385, "55": 17.131412267684937, "56": 17.124096155166626, "57": 17.058186531066895, "58": 16.9232439994812, "59": 17.1434383392334, "60": 17.131186485290527, "61": 17.035892963409424, "62": 17.15370512008667, "63": 17.07147979736328, "64": 17.657585859298706, "65": 17.132047414779663, "66": 17.04947328567505, "67": 17.23222064971924, "68": 17.342628955841064, "69": 17.14030957221985, "70": 17.235174417495728, "71": 17.347615003585815, "72": 17.021172523498535, "73": 17.021719932556152, "74": 17.426020622253418, "75": 17.031764030456543, "76": 17.47300386428833, "77": 17.16202688217163, "78": 17.03888177871704, "79": 17.157241344451904, "80": 17.239469528198242, "81": 17.354933500289917, "82": 17.042041063308716, "83": 18.246190786361694, "84": 17.635921478271484, "85": 17.33822250366211, "86": 17.040760278701782, "87": 17.040521144866943, "88": 17.155314445495605, "89": 17.118833541870117, "90": 17.148942947387695, "91": 17.67490792274475, "92": 17.354633808135986, "93": 17.580847024917603, "94": 17.143256664276123, "95": 17.035583972930908, "96": 17.057174921035767, "97": 17.254253149032593, "98": 17.120054244995117, "99": 17.121987104415894, "100": 17.152686595916748}