{"1": 274.0546922683716, "2": 257.70354294776917, "3": 116.86627221107483, "4": 18.449249505996704, "5": 17.863574266433716, "6": 18.050002574920654, "7": 17.853542804718018, "8": 17.933445692062378, "9": 17.858586072921753, "10": 17.84349536895752, "11": 18.706672430038452, "12": 18.385104656219482, "13": 17.76688504219055, "14": 17.640033960342407, "15": 17.661412715911865, "16": 17.617353916168213, "17": 17.647547006607056, "18": 17.65909242630005, "19": 17.65657663345337, "20": 18.356141567230225, "21": 17.62532925605774, "22": 17.682422637939453, "23": 18.55666947364807, "24": 17.6434805393219, "25": 17.54229974746704, "26": 17.462873458862305, "27": 17.852564096450806, "28": 17.651170253753662, "29": 17.591418027877808, "30": 17.82752799987793, "31": 17.242502212524414, "32": 17.55362606048584, "33": 17.566547870635986, "34": 17.464277267456055, "35": 17.84058928489685, "36": 17.429605960845947, "37": 17.506709575653076, "38": 17.54358458518982, "39": 17.84738850593567, "40": 17.327510356903076, "41": 17.36329936981201, "42": 17.42775535583496, "43": 17.31763219833374, "44": 17.32553744316101, "45": 17.44194269180298, "46": 17.444278955459595, "47": 17.4517765045166, "48": 17.505316495895386, "49": 18.045006036758423, "50": 17.23995566368103, "51": 17.628440141677856, "52": 17.262166500091553, "53": 17.402525901794434, "54": 17.34279990196228, "55": 17.54427933692932, "56": 17.223323106765747, "57": 17.354851722717285, "58": 17.72857403755188, "59": 17.531537294387817, "60": 17.33334732055664, "61": 17.223256587982178, "62": 17.17339038848877, "63": 17.27624773979187, "64": 17.46257972717285, "65": 17.319297552108765, "66": 17.33052921295166, "67": 17.536848545074463, "68": 18.030104637145996, "69": 17.42343235015869, "70": 17.727837562561035, "71": 17.45594310760498, "72": 17.439729690551758, "73": 17.419718027114868, "74": 17.439015865325928, "75": 17.328838348388672, "76": 17.416478395462036, "77": 17.411245346069336, "78": 17.466880798339844, "79": 17.212139129638672, "80": 17.34155011177063, "81": 17.153788328170776, "82": 17.246712684631348, "83": 17.377159595489502, "84": 17.518967151641846, "85": 17.21609878540039, "86": 17.33399271965027, "87": 17.736864805221558, "88": 17.339725971221924, "89": 17.22892189025879, "90": 17.351184129714966, "91": 17.24192237854004, "92": 17.33854651451111, "93": 17.419016122817993, "94": 17.45513343811035, "95": 17.499315977096558, "96": 17.223960638046265, "97": 17.732476234436035, "98": 17.461060047149658, "99": 17.3460054397583, "100": 17.3285174369812}