{"1": 423.1980381011963, "2": 118.21675562858582, "3": 18.04756188392639, "4": 17.953483819961548, "5": 17.760429859161377, "6": 17.831499576568604, "7": 17.746810913085938, "8": 17.623610019683838, "9": 17.832761764526367, "10": 17.443031072616577, "11": 18.140710830688477, "12": 17.480387926101685, "13": 17.363240242004395, "14": 17.745251893997192, "15": 17.62932252883911, "16": 17.624170541763306, "17": 17.42346501350403, "18": 17.43604016304016, "19": 17.41248059272766, "20": 17.9427227973938, "21": 17.529972791671753, "22": 17.32961392402649, "23": 17.45773983001709, "24": 17.334662437438965, "25": 17.2374267578125, "26": 17.284866333007812, "27": 17.325603008270264, "28": 17.21912956237793, "29": 17.25640058517456, "30": 18.23674988746643, "31": 17.218652725219727, "32": 17.457690954208374, "33": 17.313944339752197, "34": 16.91890573501587, "35": 17.214450120925903, "36": 17.232543468475342, "37": 17.1264910697937, "38": 17.35554027557373, "39": 17.12149477005005, "40": 17.4244282245636, "41": 17.346184253692627, "42": 17.223050355911255, "43": 17.132481575012207, "44": 17.11806583404541, "45": 17.061111211776733, "46": 17.140164852142334, "47": 17.12883949279785, "48": 17.24039888381958, "49": 17.247193574905396, "50": 17.1111798286438, "51": 17.437286376953125, "52": 17.76724147796631, "53": 17.21922540664673, "54": 17.2569580078125, "55": 17.216856002807617, "56": 17.03876256942749, "57": 17.237016916275024, "58": 17.06479048728943, "59": 17.564592838287354, "60": 16.931306838989258, "61": 17.0216064453125, "62": 17.35054636001587, "63": 17.556236267089844, "64": 17.234959363937378, "65": 17.348171710968018, "66": 17.32863163948059, "67": 17.23239040374756, "68": 17.219481468200684, "69": 17.647499084472656, "70": 17.218262910842896, "71": 17.138115882873535, "72": 17.276156663894653, "73": 17.444252729415894, "74": 17.22559094429016, "75": 17.121557235717773, "76": 17.44433283805847, "77": 17.037508487701416, "78": 17.436516523361206, "79": 17.742762565612793, "80": 17.144694328308105, "81": 17.140318393707275, "82": 17.228848218917847, "83": 16.923800706863403, "84": 17.160809755325317, "85": 17.251899480819702, "86": 17.066750049591064, "87": 17.012291193008423, "88": 17.62984609603882, "89": 17.166996240615845, "90": 17.115373373031616, "91": 17.21135115623474, "92": 17.094205141067505, "93": 17.04100513458252, "94": 17.130341291427612, "95": 19.847212076187134, "96": 19.77005362510681, "97": 17.305469751358032, "98": 17.864283561706543, "99": 17.36097812652588, "100": 17.147204637527466, "101": 17.252615928649902, "102": 17.2210795879364, "103": 17.389487266540527, "104": 17.341861486434937, "105": 17.439077615737915, "106": 17.340245723724365, "107": 17.677159070968628, "108": 17.410218477249146, "109": 18.455217838287354, "110": 18.11935830116272, "111": 17.53022575378418, "112": 19.68019986152649, "113": 19.46511936187744, "114": 17.639599084854126, "115": 17.57769513130188, "116": 17.582985401153564, "117": 19.199136972427368, "118": 17.44207262992859, "119": 17.247997045516968, "120": 17.538137674331665, "121": 17.48744773864746, "122": 17.630901098251343, "123": 17.367443084716797, "124": 17.943630933761597, "125": 17.67478919029236, "126": 17.864962816238403, "127": 17.65932822227478, "128": 17.439851760864258, "129": 17.54817485809326, "130": 17.535781383514404, "131": 17.33637046813965, "132": 17.246379613876343, "133": 17.451430797576904, "134": 17.471505403518677, "135": 17.64229989051819, "136": 17.634611129760742, "137": 17.441750288009644, "138": 17.55950617790222, "139": 17.562770128250122, "140": 17.43971300125122, "141": 17.453682899475098, "142": 17.659913539886475, "143": 17.64549708366394, "144": 17.33373260498047, "145": 17.94946551322937, "146": 17.44524359703064, "147": 17.448596954345703, "148": 17.429123163223267, "149": 17.5439772605896, "150": 17.481391668319702, "151": 17.738683462142944, "152": 17.532458305358887, "153": 17.253359079360962, "154": 17.657007694244385, "155": 17.572871685028076, "156": 17.329420566558838, "157": 17.454224348068237, "158": 17.89625859260559, "159": 17.538826942443848, "160": 17.453786373138428, "161": 17.655689477920532, "162": 17.42794418334961, "163": 17.634954929351807, "164": 18.015624284744263, "165": 17.463119506835938, "166": 17.554165601730347, "167": 17.338974952697754, "168": 17.495509386062622, "169": 17.44417381286621, "170": 17.435171127319336, "171": 17.910143613815308, "172": 17.537863731384277, "173": 17.427367210388184, "174": 17.956236839294434, "175": 17.334651708602905, "176": 17.360631227493286, "177": 17.449240922927856, "178": 17.239107131958008, "179": 17.434727907180786, "180": 17.37951159477234, "181": 17.45036268234253, "182": 17.55822443962097, "183": 18.056380033493042, "184": 17.424755811691284, "185": 17.550750970840454, "186": 17.54286217689514, "187": 17.426578760147095, "188": 17.351988315582275, "189": 17.53516983985901, "190": 17.460399866104126, "191": 17.47395348548889, "192": 17.341123819351196, "193": 17.664820432662964, "194": 17.24442195892334, "195": 17.57250666618347, "196": 17.240222454071045, "197": 17.255971670150757, "198": 17.33718252182007, "199": 17.444534063339233, "200": 17.15871500968933, "201": 17.31684899330139, "202": 17.85476303100586, "203": 17.328851222991943, "204": 17.323930263519287, "205": 17.427798986434937, "206": 17.222110986709595, "207": 17.22725534439087, "208": 17.24022126197815, "209": 17.314965963363647, "210": 17.147197246551514, "211": 17.2639102935791, "212": 18.04474115371704, "213": 17.340786695480347, "214": 17.22164011001587, "215": 17.359968423843384, "216": 17.17286992073059, "217": 17.42977738380432, "218": 17.40606379508972, "219": 17.34407067298889, "220": 17.345516443252563, "221": 17.602497339248657, "222": 17.621804237365723, "223": 17.25463557243347, "224": 17.202919244766235, "225": 17.231674909591675, "226": 17.42680597305298, "227": 17.286911964416504, "228": 17.257466077804565, "229": 17.45603322982788, "230": 17.528722286224365, "231": 17.615477800369263, "232": 17.236850261688232, "233": 17.31899881362915, "234": 17.343420267105103, "235": 17.330130577087402, "236": 17.333847522735596, "237": 17.333927631378174, "238": 17.332483053207397, "239": 17.231791257858276, "240": 17.54694628715515, "241": 17.92599368095398, "242": 17.24499201774597, "243": 17.445354223251343, "244": 17.326419591903687, "245": 17.216010808944702, "246": 17.427639722824097, "247": 17.52865171432495, "248": 17.342349529266357, "249": 17.455435276031494, "250": 18.322068452835083, "251": 17.93265151977539, "252": 17.123055696487427, "253": 17.419495820999146, "254": 17.426855087280273, "255": 17.33908724784851, "256": 17.232678651809692, "257": 17.336533308029175, "258": 17.234978914260864, "259": 17.433371782302856, "260": 18.06803870201111, "261": 17.346555471420288, "262": 17.21455144882202, "263": 17.235148191452026, "264": 17.228126525878906, "265": 17.232811212539673, "266": 17.980487823486328, "267": 17.331754446029663, "268": 17.329227447509766, "269": 17.13617753982544, "270": 18.341099977493286, "271": 17.150173902511597, "272": 17.144291400909424, "273": 17.348061323165894, "274": 17.13787841796875, "275": 17.22333836555481, "276": 17.461141109466553, "277": 17.44904136657715, "278": 17.432160139083862, "279": 17.92709445953369, "280": 17.249151945114136, "281": 17.239394664764404, "282": 17.042090892791748, "283": 17.14311408996582, "284": 17.464561462402344, "285": 17.124061107635498, "286": 17.43931746482849, "287": 17.134596586227417, "288": 17.228046417236328, "289": 17.933959007263184, "290": 17.243277311325073, "291": 17.233222484588623, "292": 17.382063627243042, "293": 17.23118495941162, "294": 17.232008457183838, "295": 17.352502584457397, "296": 17.344796419143677, "297": 17.319807052612305, "298": 17.417263746261597, "299": 17.62988805770874, "300": 17.568966150283813, "301": 17.2481210231781, "302": 17.509688138961792, "303": 17.225428342819214, "304": 17.250659942626953,