{"1": 171.43154883384705, "2": 177.5606107711792, "3": 107.3670244216919, "4": 17.833333730697632, "5": 17.521101236343384, "6": 17.518965005874634, "7": 17.426467418670654, "8": 19.86826729774475, "9": 17.419254064559937, "10": 17.436457633972168, "11": 17.424919843673706, "12": 17.419017553329468, "13": 17.423492431640625, "14": 17.321511268615723, "15": 17.316264629364014, "16": 17.465925931930542, "17": 18.22346329689026, "18": 17.967310428619385, "19": 17.424562692642212, "20": 17.434410095214844, "21": 17.230687141418457, "22": 17.418550729751587, "23": 17.233513832092285, "24": 17.456079959869385, "25": 17.22636103630066, "26": 17.225058794021606, "27": 17.62905216217041, "28": 17.341084003448486, "29": 17.23339819908142, "30": 17.22235345840454, "31": 17.31052279472351, "32": 17.228347301483154, "33": 17.95127558708191, "34": 17.430994510650635, "35": 17.322627067565918, "36": 17.82743525505066, "37": 17.426493644714355, "38": 17.123897075653076, "39": 17.371801614761353, "40": 17.13372492790222, "41": 17.22189211845398, "42": 17.26434588432312, "43": 17.3253014087677, "44": 17.385946035385132, "45": 17.11697220802307, "46": 17.638856649398804, "47": 17.237335920333862, "48": 17.330530643463135, "49": 17.340919971466064, "50": 17.266539096832275, "51": 17.526494026184082, "52": 17.327348709106445, "53": 17.443993091583252, "54": 17.23428225517273, "55": 17.429238080978394, "56": 17.81249189376831, "57": 17.230212688446045, "58": 17.34981369972229, "59": 17.290446043014526, "60": 17.239854097366333, "61": 17.92927861213684, "62": 17.8349769115448, "63": 17.2284414768219, "64": 17.753071546554565, "65": 17.794567823410034, "66": 17.5430269241333, "67": 17.449782609939575, "68": 21.555758237838745, "69": 18.04227566719055, "70": 17.54741621017456, "71": 17.422672510147095, "72": 17.460575580596924, "73": 17.358115673065186, "74": 17.439202308654785, "75": 17.58674693107605, "76": 17.36417007446289, "77": 17.437389135360718, "78": 17.33208727836609, "79": 17.408929109573364, "80": 17.429790258407593, "81": 17.733572244644165, "82": 17.526034116744995, "83": 17.336994886398315, "84": 18.185678005218506, "85": 17.432114362716675, "86": 17.31944990158081, "87": 17.044018268585205, "88": 17.66050410270691, "89": 17.37546157836914, "90": 17.222113370895386, "91": 17.218966484069824, "92": 18.352450609207153, "93": 17.240925312042236, "94": 17.83996295928955, "95": 17.111989498138428, "96": 17.338749885559082, "97": 17.24225425720215, "98": 17.537248373031616, "99": 17.11738109588623, "100": 17.43405318260193}