{"1": 189.39497303962708, "2": 166.0147557258606, "3": 155.27495312690735, "4": 114.48743486404419, "5": 17.661638975143433, "6": 17.724525451660156, "7": 17.737606287002563, "8": 18.039780616760254, "9": 17.626478672027588, "10": 17.44029402732849, "11": 17.54716992378235, "12": 17.443673849105835, "13": 17.35353398323059, "14": 17.663228034973145, "15": 18.759963274002075, "16": 17.240952730178833, "17": 17.640456914901733, "18": 17.449793577194214, "19": 17.436513423919678, "20": 17.219388484954834, "21": 17.242345094680786, "22": 17.843590021133423, "23": 17.130563974380493, "24": 17.332865476608276, "25": 17.34391474723816, "26": 17.288368940353394, "27": 17.861358165740967, "28": 17.41795539855957, "29": 17.223867416381836, "30": 17.028380393981934, "31": 17.327604293823242, "32": 17.320672512054443, "33": 17.329148769378662, "34": 17.24266529083252, "35": 17.34827423095703, "36": 17.234798669815063, "37": 18.01920437812805, "38": 17.109935998916626, "39": 17.2742657661438, "40": 17.420806884765625, "41": 17.422314882278442, "42": 17.43410873413086, "43": 17.317350149154663, "44": 17.41543221473694, "45": 17.3384747505188, "46": 17.741140842437744, "47": 17.638231992721558, "48": 17.22490096092224, "49": 17.211462259292603, "50": 17.32875657081604, "51": 17.349076747894287, "52": 17.466273069381714, "53": 17.540295600891113, "54": 17.228960275650024, "55": 17.386324882507324, "56": 17.838836908340454, "57": 17.330196142196655, "58": 17.42663049697876, "59": 17.319488525390625, "60": 17.348953247070312, "61": 17.234866619110107, "62": 17.44606590270996, "63": 17.335033655166626, "64": 17.33652114868164, "65": 17.219948768615723, "66": 17.661587715148926, "67": 17.430742025375366, "68": 17.370847940444946, "69": 17.72317862510681, "70": 17.344636917114258, "71": 17.437875509262085, "72": 17.22415804862976, "73": 17.245129108428955, "74": 17.326154947280884, "75": 17.756478309631348, "76": 17.252849578857422, "77": 17.54364013671875, "78": 17.348015546798706, "79": 17.35205316543579, "80": 17.357057571411133, "81": 17.264707803726196, "82": 17.335371017456055, "83": 17.337098360061646, "84": 17.337713718414307, "85": 17.935384273529053, "86": 17.216504096984863, "87": 17.236578226089478, "88": 17.217655658721924, "89": 17.357592344284058, "90": 17.31356954574585, "91": 17.324790716171265, "92": 17.255788803100586, "93": 17.322773694992065, "94": 17.65528702735901, "95": 17.434336185455322, "96": 17.137192010879517, "97": 17.235227584838867, "98": 17.242862462997437, "99": 17.333618879318237, "100": 17.464468002319336}