{"1": 337.9711790084839, "2": 105.62518191337585, "3": 18.83936905860901, "4": 17.627984046936035, "5": 17.536498546600342, "6": 17.629040241241455, "7": 17.56699848175049, "8": 17.734166383743286, "9": 17.741194248199463, "10": 18.14924669265747, "11": 17.7397940158844, "12": 17.622060775756836, "13": 17.77105140686035, "14": 18.144678592681885, "15": 17.549259185791016, "16": 17.53560447692871, "17": 17.665257453918457, "18": 17.54036045074463, "19": 17.53923749923706, "20": 18.092366933822632, "21": 17.435176610946655, "22": 17.77463436126709, "23": 17.851848602294922, "24": 17.42575478553772, "25": 17.645336866378784, "26": 17.539889812469482, "27": 17.451854944229126, "28": 17.747843503952026, "29": 18.26280403137207, "30": 17.462379217147827, "31": 17.53486204147339, "32": 17.540212631225586, "33": 17.76937961578369, "34": 18.353283882141113, "35": 17.636932134628296, "36": 17.54786205291748, "37": 17.55906653404236, "38": 17.52479100227356, "39": 17.937877416610718, "40": 17.647701263427734, "41": 17.545562267303467, "42": 17.549306392669678, "43": 17.53412175178528, "44": 17.55219602584839, "45": 17.734327793121338, "46": 17.755916595458984, "47": 17.534184217453003, "48": 18.145216941833496, "49": 17.632485151290894, "50": 17.84228801727295, "51": 17.875075340270996, "52": 17.465989589691162, "53": 17.556410789489746, "54": 17.852787256240845, "55": 17.626943588256836, "56": 17.51680016517639, "57": 17.644718408584595, "58": 17.643137216567993, "59": 18.333592653274536, "60": 18.36604356765747, "61": 18.223362922668457, "62": 17.633038997650146, "63": 18.564288854599, "64": 17.84795641899109, "65": 17.651349544525146, "66": 17.560030698776245, "67": 18.149627685546875, "68": 17.45153045654297, "69": 17.478751182556152, "70": 17.456920385360718, "71": 17.23443031311035, "72": 17.53915762901306, "73": 17.458669424057007, "74": 17.4430992603302, "75": 17.5413236618042, "76": 18.67494511604309, "77": 17.540369272232056, "78": 17.924742937088013, "79": 17.728484869003296, "80": 17.563071489334106, "81": 18.405290842056274, "82": 19.875695943832397, "83": 18.24777865409851, "84": 18.457454681396484, "85": 18.461859226226807, "86": 18.064529418945312, "87": 17.529072046279907, "88": 17.457873106002808, "89": 17.64374542236328, "90": 17.89029335975647, "91": 17.850603580474854, "92": 17.766330003738403, "93": 17.647828578948975, "94": 19.540988445281982, "95": 18.23251509666443, "96": 17.639247179031372, "97": 17.948270797729492, "98": 17.633808374404907, "99": 17.549427270889282, "100": 17.631518840789795}