{"1": 87.5287594795227, "2": 59.1869912147522, "3": 54.68716287612915, "4": 53.48952794075012, "5": 58.42741894721985, "6": 57.33364939689636, "7": 35.02339267730713, "8": 112.38478112220764, "9": 17.0626277923584, "10": 16.85611081123352, "11": 16.867770195007324, "12": 16.842310428619385, "13": 16.723041772842407, "14": 16.637635469436646, "15": 16.530805587768555, "16": 16.74865174293518, "17": 16.74690890312195, "18": 16.757107973098755, "19": 17.54289746284485, "20": 16.648208379745483, "21": 16.628252267837524, "22": 16.64630699157715, "23": 16.65924882888794, "24": 16.514771461486816, "25": 16.636252403259277, "26": 16.62797236442566, "27": 16.434818983078003, "28": 16.827496767044067, "29": 16.71706509590149, "30": 16.618378400802612, "31": 16.519256353378296, "32": 16.631401538848877, "33": 16.627411365509033, "34": 16.430492877960205, "35": 16.525517225265503, "36": 16.626787424087524, "37": 16.53702449798584, "38": 16.43733263015747, "39": 16.750397205352783, "40": 16.527608633041382, "41": 16.74763584136963, "42": 17.238110065460205, "43": 16.307715892791748, "44": 16.437836170196533, "45": 16.335540294647217, "46": 16.729928016662598, "47": 16.41297459602356, "48": 16.638378381729126, "49": 16.750088930130005, "50": 16.651657104492188, "51": 16.44639277458191, "52": 16.32797074317932, "53": 16.345449209213257, "54": 16.52807116508484, "55": 16.628475427627563, "56": 16.44052243232727, "57": 16.73420023918152, "58": 16.524961233139038, "59": 16.83469820022583, "60": 16.42639183998108, "61": 16.424516201019287, "62": 16.55983304977417, "63": 16.525404930114746, "64": 16.428773403167725, "65": 16.32115364074707, "66": 16.227497339248657, "67": 16.653071641921997, "68": 16.529268503189087, "69": 17.0141441822052, "70": 16.534631490707397, "71": 16.427578926086426, "72": 16.326517820358276, "73": 16.44140100479126, "74": 16.455564975738525, "75": 16.322593927383423, "76": 16.5433828830719, "77": 16.33588671684265, "78": 16.338029384613037, "79": 16.937384366989136, "80": 16.543272256851196, "81": 16.439183235168457, "82": 16.522669792175293, "83": 16.331273794174194, "84": 16.41659164428711, "85": 16.84418535232544, "86": 16.541484832763672, "87": 16.41320776939392, "88": 16.41844129562378, "89": 16.832662105560303, "90": 16.620661973953247, "91": 16.325483798980713, "92": 16.349600791931152, "93": 16.453195810317993, "94": 16.415395975112915, "95": 16.523170709609985, "96": 16.426775693893433, "97": 16.823135375976562, "98": 16.329938173294067, "99": 16.62973976135254, "100": 16.547269105911255}