{"1": 104.56375527381897, "2": 86.39360356330872, "3": 77.71662306785583, "4": 85.69834923744202, "5": 35.13034725189209, "6": 114.05376267433167, "7": 16.933901071548462, "8": 16.850619077682495, "9": 16.72121548652649, "10": 16.73050618171692, "11": 17.248412370681763, "12": 16.542476654052734, "13": 16.536684274673462, "14": 16.847068786621094, "15": 16.630248069763184, "16": 17.42890763282776, "17": 16.714563131332397, "18": 16.65942096710205, "19": 16.74599027633667, "20": 16.51351499557495, "21": 17.130022764205933, "22": 16.527132511138916, "23": 16.535197496414185, "24": 16.432229042053223, "25": 16.624188661575317, "26": 16.736815690994263, "27": 16.53872036933899, "28": 16.660011768341064, "29": 16.62264084815979, "30": 16.52489924430847, "31": 17.442890882492065, "32": 17.036977291107178, "33": 16.516088008880615, "34": 16.82624626159668, "35": 16.528310298919678, "36": 16.616978645324707, "37": 16.53453803062439, "38": 16.832461833953857, "39": 17.33555769920349, "40": 16.664220094680786, "41": 17.02018451690674, "42": 16.83627724647522, "43": 16.75004267692566, "44": 16.618759155273438, "45": 16.412272214889526, "46": 16.630078077316284, "47": 16.74558925628662, "48": 16.645440816879272, "49": 16.834201097488403, "50": 16.83347749710083, "51": 17.22369360923767, "52": 16.611191987991333, "53": 16.536525011062622, "54": 16.73552417755127, "55": 16.627842903137207, "56": 16.623971462249756, "57": 16.956095695495605, "58": 16.62508511543274, "59": 16.51448154449463, "60": 16.64581871032715, "61": 17.02868342399597, "62": 16.706708669662476, "63": 16.534668922424316, "64": 16.832505702972412, "65": 16.845783472061157, "66": 16.62808847427368, "67": 16.519397497177124, "68": 16.63090705871582, "69": 16.62883758544922, "70": 16.73381733894348, "71": 17.02859115600586, "72": 16.731348276138306, "73": 16.53083062171936, "74": 16.87577986717224, "75": 16.825897216796875, "76": 16.51738715171814, "77": 16.926173210144043, "78": 16.528242349624634, "79": 16.706521034240723, "80": 16.552051782608032, "81": 17.15390968322754, "82": 16.960352659225464, "83": 16.53363609313965, "84": 16.62053418159485, "85": 16.639501571655273, "86": 16.722198724746704, "87": 16.907623052597046, "88": 16.54112434387207, "89": 17.12050175666809, "90": 16.614606857299805, "91": 17.034409523010254, "92": 16.535480737686157, "93": 16.54714822769165, "94": 16.61831498146057, "95": 16.820921182632446, "96": 16.737209796905518, "97": 16.62484622001648, "98": 16.936877727508545, "99": 16.655028581619263, "100": 16.72907567024231}