{"1": 529.619687795639, "2": 124.54929566383362, "3": 19.848899602890015, "4": 18.96426224708557, "5": 19.1474826335907, "6": 19.162712812423706, "7": 19.243319511413574, "8": 19.60387921333313, "9": 19.450276851654053, "10": 19.749387979507446, "11": 18.74429726600647, "12": 19.839970588684082, "13": 20.198158740997314, "14": 19.909056425094604, "15": 20.963693380355835, "16": 19.03525996208191, "17": 20.04063844680786, "18": 19.750099897384644, "19": 19.25854802131653, "20": 20.950133562088013, "21": 19.839028120040894, "22": 20.228397607803345, "23": 19.978219747543335, "24": 21.547017335891724, "25": 19.664941549301147, "26": 20.352688789367676, "27": 19.26802945137024, "28": 20.203914403915405, "29": 20.63810706138611, "30": 20.944021463394165, "31": 20.08534598350525, "32": 21.35654854774475, "33": 21.65204167366028, "34": 19.76002073287964, "35": 20.828040599822998, "36": 19.25754976272583, "37": 20.0415198802948, "38": 21.457376956939697, "39": 19.877996683120728, "40": 20.258824110031128, "41": 21.674436569213867, "42": 19.840497493743896, "43": 19.835026502609253, "44": 19.28141760826111, "45": 19.693817853927612, "46": 19.458017110824585, "47": 18.845813274383545, "48": 18.934680938720703, "49": 19.11967182159424, "50": 18.860403060913086, "51": 18.637007236480713, "52": 18.424461603164673, "53": 18.330755710601807, "54": 18.740438222885132, "55": 18.236170053482056, "56": 18.34869647026062, "57": 18.264220476150513, "58": 18.155447483062744, "59": 18.641245365142822, "60": 18.138837814331055, "61": 18.134594202041626, "62": 18.070737600326538, "63": 18.73760986328125, "64": 18.078458547592163, "65": 17.832310914993286, "66": 17.93742084503174, "67": 18.14627170562744, "68": 18.098112106323242, "69": 18.258881092071533, "70": 17.875216960906982, "71": 17.832794189453125, "72": 17.833475351333618, "73": 17.84591007232666, "74": 17.871564388275146, "75": 17.82193398475647, "76": 17.54926562309265, "77": 17.842890977859497, "78": 18.422733783721924, "79": 17.535188674926758, "80": 17.758734464645386, "81": 17.646236896514893, "82": 17.754578590393066, "83": 17.821386337280273, "84": 17.83073925971985, "85": 17.942715406417847, "86": 17.800292253494263, "87": 18.23967742919922, "88": 17.623464345932007, "89": 17.75913166999817, "90": 17.73336696624756, "91": 17.757487535476685, "92": 17.757522344589233, "93": 17.416239023208618, "94": 17.62268614768982, "95": 17.56540870666504, "96": 17.45825481414795, "97": 18.22879934310913, "98": 17.540958642959595, "99": 17.422309160232544, "100": 17.762048959732056}