{"1": 39.29214859008789, "2": 12.56668496131897, "3": 10.97542142868042, "4": 12.482730865478516, "5": 12.416216135025024, "6": 16.436931848526, "7": 13.270094156265259, "8": 15.095515251159668, "9": 13.050673723220825, "10": 18.71420383453369, "11": 41.185038328170776, "12": 6.874255895614624, "13": 6.881976127624512, "14": 6.80203914642334, "15": 6.668642520904541, "16": 6.791688442230225, "17": 6.770692586898804, "18": 6.988668918609619, "19": 6.796586990356445, "20": 6.793757438659668, "21": 6.905742645263672, "22": 6.896214246749878, "23": 6.789917469024658, "24": 6.8203957080841064, "25": 6.7967658042907715, "26": 6.782310247421265, "27": 6.791729688644409, "28": 6.86517596244812, "29": 6.792316675186157, "30": 6.7836594581604, "31": 6.775493383407593, "32": 6.97613000869751, "33": 6.676681041717529, "34": 6.874146223068237, "35": 6.88165545463562, "36": 6.911251783370972, "37": 6.777415990829468, "38": 6.771878004074097, "39": 7.508835792541504, "40": 6.7797229290008545, "41": 6.903975486755371, "42": 6.870961904525757, "43": 6.795285224914551, "44": 6.7515740394592285, "45": 6.974350214004517, "46": 6.809136152267456, "47": 6.879887342453003, "48": 6.883112192153931, "49": 6.7693328857421875, "50": 6.881677865982056, "51": 6.779038190841675, "52": 6.890702962875366, "53": 6.871583700180054, "54": 6.906722068786621, "55": 6.81420636177063, "56": 6.898737668991089, "57": 6.79106330871582, "58": 6.7818427085876465, "59": 6.979297876358032, "60": 6.771210670471191, "61": 6.870302200317383, "62": 6.792391300201416, "63": 6.876128911972046, "64": 6.786284446716309, "65": 6.778442621231079, "66": 6.869329929351807, "67": 6.887330055236816, "68": 6.813054084777832, "69": 7.07114315032959, "70": 6.9001784324646, "71": 6.895260334014893, "72": 6.920722007751465, "73": 6.881812810897827, "74": 6.86747407913208, "75": 6.782122850418091, "76": 6.778358697891235, "77": 6.868957757949829, "78": 6.877331972122192, "79": 6.874607086181641, "80": 6.776307821273804, "81": 6.790370464324951, "82": 6.9084553718566895, "83": 6.778789758682251, "84": 6.875505208969116, "85": 6.764714479446411, "86": 6.971109867095947, "87": 6.889203310012817, "88": 6.773022174835205, "89": 6.875138282775879, "90": 6.835930824279785, "91": 6.788916826248169, "92": 6.878101587295532, "93": 7.02749228477478, "94": 7.2120537757873535, "95": 7.536359548568726, "96": 7.324726104736328, "97": 7.0040199756622314, "98": 6.910905122756958, "99": 6.9872071743011475, "100": 6.906740665435791}