{"1": 145.0863311290741, "2": 40.306278228759766, "3": 8.239326000213623, "4": 7.506962060928345, "5": 7.30695104598999, "6": 7.0903942584991455, "7": 6.9907355308532715, "8": 6.9985222816467285, "9": 7.28199315071106, "10": 7.088907480239868, "11": 7.023298501968384, "12": 7.009154558181763, "13": 6.988932847976685, "14": 7.021299839019775, "15": 7.139535903930664, "16": 6.9979236125946045, "17": 7.029321193695068, "18": 7.112523078918457, "19": 6.980664014816284, "20": 7.118173122406006, "21": 6.996216058731079, "22": 7.09424614906311, "23": 7.081895351409912, "24": 7.108571529388428, "25": 7.184694766998291, "26": 7.077311277389526, "27": 7.266379117965698, "28": 7.081980466842651, "29": 7.08659029006958, "30": 7.734278440475464, "31": 7.561197280883789, "32": 7.573729991912842, "33": 6.976485013961792, "34": 7.178254842758179, "35": 7.374940633773804, "36": 6.9791224002838135, "37": 7.190668106079102, "38": 7.0874693393707275, "39": 7.084206819534302, "40": 7.6804726123809814, "41": 7.103636980056763, "42": 7.273746490478516, "43": 7.0954296588897705, "44": 7.17509651184082, "45": 7.172909498214722, "46": 7.191894769668579, "47": 7.082699775695801, "48": 7.091414213180542, "49": 7.191014766693115, "50": 7.074948310852051, "51": 7.183196067810059, "52": 7.216522216796875, "53": 7.212769031524658, "54": 7.285823106765747, "55": 7.403191089630127, "56": 7.289135217666626, "57": 7.183115005493164, "58": 7.077621221542358, "59": 7.08258318901062, "60": 7.172770023345947, "61": 7.171462535858154, "62": 7.279482841491699, "63": 7.178369998931885, "64": 7.2897021770477295, "65": 7.075780391693115, "66": 7.296955585479736, "67": 7.218654632568359, "68": 7.289519786834717, "69": 7.176231861114502, "70": 7.311032056808472, "71": 7.168395757675171, "72": 7.200554847717285, "73": 7.14410400390625, "74": 7.230386018753052, "75": 7.183855295181274, "76": 7.237182855606079, "77": 7.586190700531006, "78": 7.194163799285889, "79": 7.303630590438843, "80": 7.249113082885742, "81": 7.295336961746216, "82": 7.193661451339722, "83": 7.226101398468018, "84": 7.192677736282349, "85": 7.178768157958984, "86": 7.184462785720825, "87": 7.179123878479004, "88": 7.282588720321655, "89": 7.2801995277404785, "90": 7.27423620223999, "91": 7.2738752365112305, "92": 7.378716230392456, "93": 7.278330326080322, "94": 7.495883941650391, "95": 7.27717399597168, "96": 7.281277418136597, "97": 7.312759160995483, "98": 7.183967590332031, "99": 7.503003120422363, "100": 7.726243257522583, "101": 7.483464241027832, "102": 7.282341003417969, "103": 7.406765699386597, "104": 7.276655912399292, "105": 7.322831630706787, "106": 7.392339706420898, "107": 7.2761170864105225, "108": 7.398842811584473, "109": 7.294676303863525, "110": 7.408376216888428, "111": 7.393499374389648, "112": 7.420727968215942, "113": 7.390862941741943, "114": 7.4836859703063965, "115": 7.3826212882995605, "116": 7.728377342224121, "117": 7.505370140075684, "118": 7.3812456130981445, "119": 7.411128997802734, "120": 7.306108474731445, "121": 7.480515480041504, "122": 7.724830865859985, "123": 7.507754802703857, "124": 7.48198390007019, "125": 7.407513618469238, "126": 7.5065016746521, "127": 7.496021270751953, "128": 7.497885704040527, "129": 7.38115930557251, "130": 7.582471609115601, "131": 7.6311280727386475, "132": 7.525001049041748, "133": 7.4094085693359375, "134": 7.606841325759888, "135": 7.622289657592773, "136": 7.38637900352478, "137": 7.422451972961426, "138": 7.492532968521118, "139": 7.475450277328491, "140": 7.6120734214782715, "141": 8.200419187545776, "142": 7.59505820274353, "143": 8.010863304138184, "144": 7.500229597091675, "145": 7.538822412490845, "146": 7.644046306610107, "147": 7.523798942565918, "148": 7.678523063659668, "149": 7.593982696533203, "150": 7.5847203731536865, "151": 7.495446681976318, "152": 7.883744716644287, "153": 7.497897386550903, "154": 7.584933042526245, "155": 7.613920450210571, "156": 7.606214284896851, "157": 7.487025737762451, "158": 7.59134840965271, "159": 7.580196380615234, "160": 7.504428863525391, "161": 7.592562198638916, "162": 7.606871843338013, "163": 7.575480937957764, "164": 7.500568866729736, "165": 8.088311910629272, "166": 7.585260391235352, "167": 8.006442785263062, "168": 7.609235048294067, "169": 7.701225996017456, "170": 7.510016202926636, "171": 7.695043087005615, "172": 7.494487762451172, "173": 7.614429235458374, "174": 7.590708255767822, "175": 7.587848663330078, "176": 7.602133750915527, "177": 7.576172828674316, "178": 7.540485858917236, "179": 7.634004831314087, "180": 7.805875062942505, "181": 7.628276109695435, "182": 7.624363899230957, "183": 7.704797744750977, "184": 7.517694473266602, "185": 7.715131044387817, "186": 8.082934141159058, "187": 7.886178493499756, "188": 7.692678213119507, "189": 7.810250759124756, "190": 7.590287208557129, "191": 7.710180282592773, "192": 7.689591884613037, "193": 7.713525295257568, "194": 7.706026792526245, "195": 7.694395065307617, "196": 7.712751150131226, "197": 7.6869120597839355, "198": 7.6105194091796875, "199": 7.63195013999939, "200": 8.103758096694946, "201": 7.843243360519409, "202": 7.602248430252075, "203": 8.109765529632568, "204": 7.705843687057495, "205": 8.107555866241455, "206": 7.6978466510772705, "207": 7.979363203048706, "208": 7.796146631240845, "209": 7.582127809524536, "210": 7.680124998092651, "211": 8.692271947860718, "212": 7.696935653686523, "213": 8.041595220565796, "214": 7.997026681900024, "215": 8.1139657497406, "216": 7.7902610301971436, "217": 7.718409776687622, "218": 7.748298406600952, "219": 7.722930192947388, "220": 7.711924076080322, "221": 7.893355846405029, "222": 7.687992095947266, "223": 7.682448387145996, "224": 7.7065346240997314, "225": 8.199409246444702, "226": 7.851292133331299, "227": 7.601674318313599, "228": 8.208132266998291, "229": 7.8047935962677, "230": 7.591167211532593, "231": 7.5793235301971436, "232": 7.676342964172363, "233": 7.741364479064941, "234": 7.684937953948975, "235": 7.599731922149658, "236": 9.009930849075317, "237": 7.544458627700806, "238": 7.593565464019775, "239": 7.694636106491089, "240": 7.521791458129883, "241": 7.5840065479278564, "242": 7.5323193073272705, "243": 7.592507600784302, "244": 7.5882651805877686, "245": 8.096364736557007, "246": 7.695923089981079, "247": 7.480565071105957, "248": 7.607742071151733, "249": 8.126871109008789, "250": 7.589983701705933, "251": 7.495304107666016, "252": 7.4837870597839355, "253": 7.64677619934082, "254": 7.406007289886475, "255": 7.587318658828735, "256": 7.588961839675903, "257": 7.503136873245239, "258": 7.607073068618774, "259": 7.497059345245361, "260": 7.499629259109497, "261": 7.41517972946167, "262": 7.5053629875183105, "263": 7.483978748321533, "264": 7.584096908569336, "265": 7.3906896114349365, "266": 7.481557607650757, "267": 7.508829593658447, "268": 7.515266180038452, "269": 7.502188682556152, "270": 7.404763221740723, "271": 7.804818153381348, "272": 7.382227897644043, "273": 7.28162145614624, "274": 7.400551795959473, "275": 7.491122484207153, "276": 7.5198609828948975, "277": 7.417553663253784, "278": 7.387716054916382, "279": 7.520780086517334, "280": 7.397428274154663, "281": 7.39486289024353, "282": 7.509856462478638, "283": 7.511096239089966, "284": 7.479182958602905, "285": 7.502167701721191, "286": 7.503469705581665, "287": 7.385003089904785, "288": 7.407379865646362, "289": 7.3873138427734375, "290": 7.2770702838897705, "291": 7.493308067321777, "292": 7.526153326034546, "293": 7.793472051620483, "294": 7.389344930648804, "295": 7.273159742355347, "296": 7.390094995498657, "297": 7.389254808425903, "298": 7.276674509048462, "299": 7.387833833694458, "300": 7.395523548126221, "301": 7.297144889831543, "302": 7.389115571975708, "303": 7.540553331375122, "304": 7.3843488693237305, "305": 7.2924041748046875, "306": 7.398447275161743, "307": 7.382624387741089, "308": 7.392739772796631, "309": 7.420595645904541, "310": 7.476414680480957, "311": 7.380167007446289,