{"1": 72.19106268882751, "2": 54.91178297996521, "3": 49.86790466308594, "4": 26.37426495552063, "5": 41.326403856277466, "6": 6.873881578445435, "7": 6.781464576721191, "8": 6.776956796646118, "9": 6.973767518997192, "10": 6.8023271560668945, "11": 6.885258913040161, "12": 6.780878305435181, "13": 6.793236970901489, "14": 6.879314422607422, "15": 6.768000364303589, "16": 7.190544843673706, "17": 7.179362058639526, "18": 6.728623390197754, "19": 6.7789154052734375, "20": 6.786008834838867, "21": 7.7250611782073975, "22": 6.816913604736328, "23": 6.790088415145874, "24": 6.8981099128723145, "25": 6.778807878494263, "26": 6.782317638397217, "27": 6.79864239692688, "28": 6.777900695800781, "29": 6.776492118835449, "30": 6.797081470489502, "31": 6.766829490661621, "32": 6.767401218414307, "33": 6.78717303276062, "34": 6.694246530532837, "35": 6.7791972160339355, "36": 6.775286436080933, "37": 6.793381214141846, "38": 6.672208547592163, "39": 6.823236703872681, "40": 6.581763029098511, "41": 6.782776594161987, "42": 6.680405855178833, "43": 6.573380470275879, "44": 6.57185173034668, "45": 6.79813814163208, "46": 6.803383111953735, "47": 6.790736436843872, "48": 6.905974864959717, "49": 6.891123294830322, "50": 6.792768478393555, "51": 6.779587268829346, "52": 6.7971484661102295, "53": 6.791529655456543, "54": 6.773437738418579, "55": 6.797016859054565, "56": 6.724640846252441, "57": 6.788408994674683, "58": 6.855437994003296, "59": 6.588932752609253, "60": 6.783543825149536, "61": 6.910048484802246, "62": 6.7230260372161865, "63": 6.674679756164551, "64": 6.772964000701904, "65": 6.883888006210327, "66": 6.68746542930603, "67": 6.673692941665649, "68": 6.682540416717529, "69": 6.690979957580566, "70": 6.772660255432129, "71": 6.707853555679321, "72": 6.885215997695923, "73": 6.887650012969971, "74": 6.785593032836914, "75": 7.105465412139893, "76": 7.03013014793396, "77": 7.595048427581787, "78": 6.783365249633789, "79": 6.870126008987427, "80": 6.674270868301392, "81": 6.6862053871154785, "82": 6.79436182975769, "83": 6.7870659828186035, "84": 6.870891571044922, "85": 6.798101425170898, "86": 6.786247730255127, "87": 6.776702165603638, "88": 6.791144847869873, "89": 6.883239507675171, "90": 6.679562091827393, "91": 6.582784175872803, "92": 6.871376276016235, "93": 6.799371719360352, "94": 6.816715717315674, "95": 6.6984617710113525, "96": 6.903575420379639, "97": 6.900773048400879, "98": 6.769301176071167, "99": 6.790019512176514, "100": 6.782272815704346}