{"1": 84.19605135917664, "2": 73.53665256500244, "3": 41.82184839248657, "4": 6.90650200843811, "5": 6.992718458175659, "6": 7.2237749099731445, "7": 7.975754737854004, "8": 7.7950522899627686, "9": 6.878230094909668, "10": 7.732473373413086, "11": 7.499006748199463, "12": 6.986836194992065, "13": 6.809127569198608, "14": 6.9809956550598145, "15": 6.980503797531128, "16": 7.19489598274231, "17": 7.015275478363037, "18": 7.014370679855347, "19": 6.892298460006714, "20": 7.009524345397949, "21": 7.01104474067688, "22": 6.991861581802368, "23": 7.015746593475342, "24": 6.9843525886535645, "25": 7.218268632888794, "26": 6.980757236480713, "27": 6.976298093795776, "28": 6.990347862243652, "29": 7.079447269439697, "30": 7.102680206298828, "31": 7.086221694946289, "32": 7.083714723587036, "33": 7.117877960205078, "34": 7.178576946258545, "35": 6.983842611312866, "36": 6.999654293060303, "37": 7.084856748580933, "38": 6.8790388107299805, "39": 7.09131383895874, "40": 7.073275327682495, "41": 6.983774185180664, "42": 7.2282044887542725, "43": 7.403979778289795, "44": 7.091312646865845, "45": 7.386393070220947, "46": 7.394036769866943, "47": 7.602635383605957, "48": 7.381757974624634, "49": 7.194804906845093, "50": 7.279945373535156, "51": 7.384504795074463, "52": 7.104897499084473, "53": 6.994162559509277, "54": 7.086583137512207, "55": 6.988143444061279, "56": 7.094239711761475, "57": 7.009392738342285, "58": 7.077210903167725, "59": 6.990290880203247, "60": 6.993261098861694, "61": 6.974874973297119, "62": 6.988143444061279, "63": 6.993492364883423, "64": 7.1052398681640625, "65": 7.015629768371582, "66": 7.084334850311279, "67": 7.084919214248657, "68": 7.087785482406616, "69": 7.027557373046875, "70": 7.002638101577759, "71": 7.003051280975342, "72": 6.980762004852295, "73": 6.98258900642395, "74": 6.9849724769592285, "75": 7.184728145599365, "76": 6.981390953063965, "77": 7.096781253814697, "78": 6.970829486846924, "79": 6.94278621673584, "80": 7.451354503631592, "81": 6.995248556137085, "82": 7.08618688583374, "83": 7.509078025817871, "84": 7.497266530990601, "85": 6.880673170089722, "86": 7.08167839050293, "87": 6.889500856399536, "88": 6.986273288726807, "89": 6.982335805892944, "90": 6.98432183265686, "91": 6.990494012832642, "92": 7.1159281730651855, "93": 7.093299388885498, "94": 6.876081943511963, "95": 6.977949380874634, "96": 6.989729404449463, "97": 7.092584609985352, "98": 6.8927552700042725, "99": 7.076895713806152, "100": 6.9719719886779785}