{"1": 162.48075246810913, "2": 22.176238298416138, "3": 41.38001751899719, "4": 6.994856357574463, "5": 6.882782936096191, "6": 6.980046510696411, "7": 6.992943048477173, "8": 6.8968799114227295, "9": 6.8852174282073975, "10": 7.070684194564819, "11": 6.782718658447266, "12": 6.89743709564209, "13": 6.976091146469116, "14": 6.8832924365997314, "15": 6.91710901260376, "16": 6.8812949657440186, "17": 6.978130578994751, "18": 6.875722169876099, "19": 6.9018073081970215, "20": 6.992783069610596, "21": 6.995377540588379, "22": 6.929792642593384, "23": 7.075843334197998, "24": 6.9725422859191895, "25": 8.283005714416504, "26": 8.242918491363525, "27": 7.619580268859863, "28": 6.900579214096069, "29": 6.884654998779297, "30": 6.87996506690979, "31": 6.8926615715026855, "32": 6.873839855194092, "33": 6.880736589431763, "34": 6.875641584396362, "35": 6.895826101303101, "36": 7.00709080696106, "37": 6.767925500869751, "38": 6.882736682891846, "39": 6.88544774055481, "40": 7.162269353866577, "41": 6.836473226547241, "42": 6.8785436153411865, "43": 6.96999979019165, "44": 6.878785610198975, "45": 7.010355234146118, "46": 6.986613035202026, "47": 6.89388108253479, "48": 6.981347560882568, "49": 6.79986834526062, "50": 6.7987847328186035, "51": 6.909020900726318, "52": 6.9721360206604, "53": 6.903533935546875, "54": 6.792513370513916, "55": 6.880451440811157, "56": 6.918636322021484, "57": 6.778394937515259, "58": 6.894956111907959, "59": 6.989100217819214, "60": 6.975275039672852, "61": 6.874060869216919, "62": 6.979268789291382, "63": 6.916747570037842, "64": 7.005921125411987, "65": 6.888438940048218, "66": 6.7768919467926025, "67": 6.909312725067139, "68": 6.890122175216675, "69": 6.976569652557373, "70": 7.137698173522949, "71": 7.194255590438843, "72": 6.885418653488159, "73": 6.780194282531738, "74": 6.889965295791626, "75": 6.878100156784058, "76": 6.889185905456543, "77": 6.784174680709839, "78": 6.77422571182251, "79": 7.388307094573975, "80": 6.885390281677246, "81": 6.799090385437012, "82": 6.882016181945801, "83": 6.881140470504761, "84": 6.87964129447937, "85": 6.889129877090454, "86": 6.975570440292358, "87": 6.987770080566406, "88": 6.797056436538696, "89": 6.994056940078735, "90": 6.9380943775177, "91": 6.905997276306152, "92": 6.785383701324463, "93": 7.294997453689575, "94": 6.893248796463013, "95": 6.875759840011597, "96": 6.884161472320557, "97": 6.886092901229858, "98": 7.019059419631958, "99": 6.8823888301849365, "100": 6.913738250732422}