{"1": 88.20269966125488, "2": 73.73307251930237, "3": 42.72570562362671, "4": 41.15267372131348, "5": 6.774958848953247, "6": 6.810706853866577, "7": 6.7729692459106445, "8": 6.679004192352295, "9": 6.900918245315552, "10": 6.678912878036499, "11": 6.779452562332153, "12": 6.778918981552124, "13": 6.779198884963989, "14": 6.888366937637329, "15": 6.802306890487671, "16": 6.793597459793091, "17": 6.670335054397583, "18": 6.783261060714722, "19": 6.816514492034912, "20": 6.696506977081299, "21": 6.777207374572754, "22": 6.669067621231079, "23": 6.72884726524353, "24": 6.904489755630493, "25": 7.873153448104858, "26": 6.719277381896973, "27": 6.775595664978027, "28": 6.6060566902160645, "29": 6.7869908809661865, "30": 6.77958869934082, "31": 6.792102336883545, "32": 6.687272787094116, "33": 6.6789093017578125, "34": 6.884436130523682, "35": 6.7866222858428955, "36": 6.706148147583008, "37": 6.766145467758179, "38": 6.992703437805176, "39": 6.785806655883789, "40": 6.699345588684082, "41": 6.796417951583862, "42": 6.789081811904907, "43": 6.683799743652344, "44": 6.787534952163696, "45": 6.70360255241394, "46": 6.779625654220581, "47": 6.68892502784729, "48": 6.796312093734741, "49": 6.793522357940674, "50": 6.937031269073486, "51": 6.789034605026245, "52": 6.827984809875488, "53": 6.824583530426025, "54": 6.807982683181763, "55": 6.697250604629517, "56": 6.670260429382324, "57": 6.772220849990845, "58": 6.794381618499756, "59": 6.671712636947632, "60": 6.8150269985198975, "61": 6.7035417556762695, "62": 7.081752777099609, "63": 7.21994948387146, "64": 6.978762865066528, "65": 6.803215980529785, "66": 6.680660009384155, "67": 6.803009510040283, "68": 6.91052508354187, "69": 6.78798246383667, "70": 6.929536819458008, "71": 6.776799917221069, "72": 6.753183126449585, "73": 6.783512115478516, "74": 6.807119369506836, "75": 6.776612043380737, "76": 6.7703986167907715, "77": 6.7973997592926025, "78": 6.897557735443115, "79": 6.800318956375122, "80": 6.792110919952393, "81": 6.7780749797821045, "82": 6.772802829742432, "83": 6.786555290222168, "84": 6.7043774127960205, "85": 6.77955174446106, "86": 6.9784321784973145, "87": 6.772226572036743, "88": 6.865293741226196, "89": 6.8317506313323975, "90": 6.795873641967773, "91": 6.770829200744629, "92": 6.685176372528076, "93": 6.692291975021362, "94": 6.9183876514434814, "95": 6.779072999954224, "96": 6.683039903640747, "97": 6.774446964263916, "98": 6.782243251800537, "99": 6.686133623123169, "100": 6.778576612472534}