{"1": 51.452131271362305, "2": 24.355097770690918, "3": 29.876410245895386, "4": 28.568659782409668, "5": 34.457353353500366, "6": 40.970492362976074, "7": 6.880620956420898, "8": 6.684750318527222, "9": 6.685945987701416, "10": 6.579022645950317, "11": 6.780838251113892, "12": 6.676758289337158, "13": 6.780903577804565, "14": 6.684406757354736, "15": 6.650461196899414, "16": 6.699213027954102, "17": 6.673752069473267, "18": 6.814954996109009, "19": 6.478655576705933, "20": 6.582400798797607, "21": 6.6623451709747314, "22": 6.6872382164001465, "23": 6.687104225158691, "24": 6.7965147495269775, "25": 6.789719581604004, "26": 6.667510032653809, "27": 6.589824199676514, "28": 6.599676132202148, "29": 6.721271514892578, "30": 6.800723075866699, "31": 6.581290006637573, "32": 7.421096324920654, "33": 7.090728044509888, "34": 6.789467811584473, "35": 6.683170795440674, "36": 6.77424430847168, "37": 6.690826654434204, "38": 6.775066614151001, "39": 6.690014839172363, "40": 6.777628660202026, "41": 6.705113649368286, "42": 6.58261775970459, "43": 6.577061414718628, "44": 6.888081789016724, "45": 6.673795700073242, "46": 6.674205303192139, "47": 6.706997871398926, "48": 6.778199672698975, "49": 6.872079133987427, "50": 6.786782503128052, "51": 6.663239240646362, "52": 6.793991565704346, "53": 6.671830892562866, "54": 6.686858415603638, "55": 6.693652629852295, "56": 6.783362627029419, "57": 6.6712751388549805, "58": 6.568072557449341, "59": 6.668117046356201, "60": 6.675859212875366, "61": 6.789899587631226, "62": 6.6620941162109375, "63": 6.663191556930542, "64": 6.665294170379639, "65": 6.774642467498779, "66": 6.76501202583313, "67": 6.6764326095581055, "68": 6.701414108276367, "69": 6.895397186279297, "70": 6.8731043338775635, "71": 6.682317495346069, "72": 6.795147180557251, "73": 6.977627992630005, "74": 6.6682562828063965, "75": 6.70215368270874, "76": 6.775535821914673, "77": 6.669059753417969, "78": 6.785416841506958, "79": 6.693991184234619, "80": 6.773582696914673, "81": 6.800622940063477, "82": 6.89694356918335, "83": 6.573092937469482, "84": 6.768317461013794, "85": 6.670333623886108, "86": 6.799354076385498, "87": 6.666297912597656, "88": 6.6686084270477295, "89": 6.8896543979644775, "90": 6.676994562149048, "91": 6.773059844970703, "92": 6.672917604446411, "93": 6.796621799468994, "94": 6.692018747329712, "95": 6.781360864639282, "96": 6.76336669921875, "97": 6.871103048324585, "98": 6.774604797363281, "99": 6.773148775100708, "100": 6.768144845962524}