{"1": 134.89857268333435, "2": 60.66572642326355, "3": 41.363661766052246, "4": 7.210614204406738, "5": 7.094878911972046, "6": 7.217093467712402, "7": 7.313042163848877, "8": 7.302134990692139, "9": 7.185261964797974, "10": 7.410606384277344, "11": 7.216180324554443, "12": 7.098690032958984, "13": 7.1042304039001465, "14": 7.121221542358398, "15": 7.078265905380249, "16": 7.0054802894592285, "17": 7.0912184715271, "18": 7.093059301376343, "19": 7.123144149780273, "20": 7.080778121948242, "21": 7.187709093093872, "22": 7.111948013305664, "23": 7.1265153884887695, "24": 7.110084056854248, "25": 7.28394341468811, "26": 7.104128360748291, "27": 7.281795263290405, "28": 7.211307525634766, "29": 7.327905893325806, "30": 8.699955224990845, "31": 7.349448204040527, "32": 7.556856393814087, "33": 7.210348606109619, "34": 7.093243837356567, "35": 7.102215051651001, "36": 7.2032859325408936, "37": 6.9998884201049805, "38": 7.191796541213989, "39": 7.315367937088013, "40": 7.284772634506226, "41": 7.186827898025513, "42": 7.203448295593262, "43": 7.2041895389556885, "44": 7.296815395355225, "45": 7.423623085021973, "46": 7.300631284713745, "47": 7.307446718215942, "48": 7.20462965965271, "49": 7.190881252288818, "50": 7.292125940322876, "51": 7.286172151565552, "52": 7.3258748054504395, "53": 7.200149059295654, "54": 7.4548609256744385, "55": 7.405202150344849, "56": 7.185104608535767, "57": 7.29355525970459, "58": 7.4060218334198, "59": 7.287384033203125, "60": 7.280712366104126, "61": 7.293792724609375, "62": 7.415659666061401, "63": 7.295521974563599, "64": 7.423276901245117, "65": 7.2967588901519775, "66": 7.190932273864746, "67": 7.196599960327148, "68": 7.286344528198242, "69": 7.4249653816223145, "70": 7.2098987102508545, "71": 7.397261619567871, "72": 8.399402379989624, "73": 7.308827877044678, "74": 7.399308681488037, "75": 7.300915956497192, "76": 7.304723501205444, "77": 8.293473958969116, "78": 7.204852819442749, "79": 7.395596981048584, "80": 7.387068510055542, "81": 7.513512134552002, "82": 7.3999152183532715, "83": 7.307228088378906, "84": 7.315351724624634, "85": 7.426928997039795, "86": 7.39371395111084, "87": 7.397002696990967, "88": 7.196011304855347, "89": 7.319052219390869, "90": 7.3908209800720215, "91": 7.297792911529541, "92": 7.3997790813446045, "93": 7.30398416519165, "94": 7.291600227355957, "95": 7.311275959014893, "96": 7.4160332679748535, "97": 7.436829090118408, "98": 7.4936604499816895, "99": 7.512397527694702, "100": 7.29415225982666}