{"1": 116.20258331298828, "2": 103.37561678886414, "3": 110.07534742355347, "4": 35.092756509780884, "5": 115.63137221336365, "6": 16.853822946548462, "7": 17.019134283065796, "8": 16.85093903541565, "9": 16.865235090255737, "10": 17.036083936691284, "11": 17.52358603477478, "12": 16.785512447357178, "13": 16.87616539001465, "14": 16.81539487838745, "15": 17.0515775680542, "16": 16.764078617095947, "17": 16.924206495285034, "18": 16.943844079971313, "19": 16.83487105369568, "20": 16.815801858901978, "21": 17.326050758361816, "22": 16.82781410217285, "23": 16.854817390441895, "24": 16.802778244018555, "25": 16.870068788528442, "26": 17.664242029190063, "27": 16.932241201400757, "28": 16.8632755279541, "29": 17.122492790222168, "30": 17.024152517318726, "31": 17.169866800308228, "32": 16.936254739761353, "33": 17.463330268859863, "34": 16.82833170890808, "35": 16.81711721420288, "36": 16.727732181549072, "37": 16.738402605056763, "38": 17.047931909561157, "39": 16.63574981689453, "40": 17.183351039886475, "41": 18.95320153236389, "42": 16.923972606658936, "43": 16.948466539382935, "44": 16.993911743164062, "45": 17.334240198135376, "46": 16.92973256111145, "47": 16.857017755508423, "48": 16.933677196502686, "49": 16.921080112457275, "50": 17.054521799087524, "51": 16.8222918510437, "52": 16.815397024154663, "53": 16.720301151275635, "54": 16.821871757507324, "55": 16.7285258769989, "56": 16.921922206878662, "57": 16.931134700775146, "58": 16.727640867233276, "59": 17.162496089935303, "60": 17.237108945846558, "61": 17.039974451065063, "62": 16.828811645507812, "63": 16.532966136932373, "64": 16.83824872970581, "65": 16.831992149353027, "66": 16.99606704711914, "67": 16.616132974624634, "68": 16.83709454536438, "69": 16.78449535369873, "70": 17.22792363166809, "71": 16.95329451560974, "72": 16.826905012130737, "73": 16.63159203529358, "74": 16.840093851089478, "75": 17.02961826324463, "76": 16.98693561553955, "77": 17.26960325241089, "78": 16.74943780899048, "79": 16.719138860702515, "80": 17.335911989212036, "81": 17.02631402015686, "82": 17.74941897392273, "83": 16.731666803359985, "84": 16.916795015335083, "85": 16.945555686950684, "86": 16.745710611343384, "87": 16.8288152217865, "88": 16.840269565582275, "89": 16.722397327423096, "90": 17.24908971786499, "91": 16.927013874053955, "92": 17.030130624771118, "93": 17.03077793121338, "94": 16.9660542011261, "95": 17.062751293182373, "96": 16.733050107955933, "97": 17.321571111679077, "98": 16.862308979034424, "99": 16.765739679336548, "100": 17.428123474121094}