{"1": 91.81745457649231, "2": 72.64510297775269, "3": 62.38354730606079, "4": 72.43553328514099, "5": 66.78068113327026, "6": 23.45137667655945, "7": 105.29291915893555, "8": 16.7303249835968, "9": 16.52592897415161, "10": 17.539233684539795, "11": 16.614736318588257, "12": 16.54507327079773, "13": 16.313523530960083, "14": 16.650110960006714, "15": 16.330665588378906, "16": 16.56228494644165, "17": 16.522894144058228, "18": 16.422119617462158, "19": 16.317779541015625, "20": 16.356696844100952, "21": 16.327365398406982, "22": 16.21905016899109, "23": 16.343607425689697, "24": 16.93468141555786, "25": 16.119176864624023, "26": 16.234129428863525, "27": 16.539899587631226, "28": 16.41961431503296, "29": 16.409897565841675, "30": 16.272727489471436, "31": 16.33285355567932, "32": 16.213244915008545, "33": 16.21425437927246, "34": 17.036283016204834, "35": 16.34696865081787, "36": 16.243447303771973, "37": 16.229209423065186, "38": 16.316205739974976, "39": 16.226829528808594, "40": 16.125056505203247, "41": 16.20332908630371, "42": 16.845361471176147, "43": 16.234605312347412, "44": 16.82212734222412, "45": 16.447455883026123, "46": 16.414039373397827, "47": 16.20821237564087, "48": 16.32262659072876, "49": 16.336697101593018, "50": 16.33908748626709, "51": 16.312716484069824, "52": 16.218602895736694, "53": 16.116350173950195, "54": 16.350095987319946, "55": 16.423768281936646, "56": 16.233311414718628, "57": 16.226660013198853, "58": 16.213181257247925, "59": 16.11512017250061, "60": 16.211108922958374, "61": 16.522661685943604, "62": 16.32831883430481, "63": 16.2084538936615, "64": 16.326612949371338, "65": 16.61686635017395, "66": 16.362950325012207, "67": 16.14616370201111, "68": 16.439830541610718, "69": 16.23368740081787, "70": 16.31361675262451, "71": 16.30937695503235, "72": 16.22092890739441, "73": 16.316009283065796, "74": 16.330767154693604, "75": 16.715667486190796, "76": 16.28090763092041, "77": 16.33259654045105, "78": 16.39036750793457, "79": 16.315572023391724, "80": 16.294901132583618, "81": 16.45164680480957, "82": 16.31256103515625, "83": 16.225228548049927, "84": 16.819889307022095, "85": 16.451433420181274, "86": 16.316625833511353, "87": 16.232332944869995, "88": 16.24157404899597, "89": 16.511815309524536, "90": 16.434364557266235, "91": 16.316627979278564, "92": 16.433263301849365, "93": 16.348873376846313, "94": 16.421220779418945, "95": 17.32448148727417, "96": 16.615973711013794, "97": 16.323275566101074, "98": 16.3689866065979, "99": 16.574655532836914, "100": 16.328566074371338}