{"1": 46.9218544960022, "2": 14.79495120048523, "3": 14.394515991210938, "4": 13.38801908493042, "5": 13.143027305603027, "6": 16.239684104919434, "7": 20.58183217048645, "8": 15.904337167739868, "9": 14.755579471588135, "10": 17.91402006149292, "11": 18.405232906341553, "12": 15.667960166931152, "13": 15.744600534439087, "14": 16.31165623664856, "15": 15.894303798675537, "16": 19.32593584060669, "17": 15.760971307754517, "18": 17.719203233718872, "19": 21.13013982772827, "20": 16.40978193283081, "21": 19.689728498458862, "22": 18.63552761077881, "23": 17.00696301460266, "24": 16.15915012359619, "25": 17.745783805847168, "26": 23.326406717300415, "27": 116.21592879295349, "28": 16.723086833953857, "29": 16.734358549118042, "30": 17.5578134059906, "31": 16.833964347839355, "32": 16.52214479446411, "33": 16.561870336532593, "34": 16.555229902267456, "35": 16.529680490493774, "36": 16.732035875320435, "37": 16.539073944091797, "38": 16.8525390625, "39": 16.520158767700195, "40": 16.93874430656433, "41": 16.523471355438232, "42": 16.528717756271362, "43": 16.739683151245117, "44": 16.540938138961792, "45": 16.533244609832764, "46": 16.550761461257935, "47": 16.933587789535522, "48": 16.64392900466919, "49": 17.05457091331482, "50": 17.046605348587036, "51": 16.53661322593689, "52": 16.63403034210205, "53": 16.640523672103882, "54": 16.544010877609253, "55": 16.834548711776733, "56": 16.67586374282837, "57": 16.57371687889099, "58": 16.532233238220215, "59": 16.383384466171265, "60": 17.22907567024231, "61": 16.515695810317993, "62": 16.72926664352417, "63": 16.812997579574585, "64": 16.458192825317383, "65": 16.416698932647705, "66": 16.446598768234253, "67": 16.62102484703064, "68": 16.5239679813385, "69": 16.525359392166138, "70": 16.836175441741943, "71": 16.562321186065674, "72": 16.620582580566406, "73": 16.512217044830322, "74": 16.448192596435547, "75": 16.43071961402893, "76": 16.425686836242676, "77": 16.565545320510864, "78": 16.549103021621704, "79": 16.536659717559814, "80": 17.130435466766357, "81": 16.56446146965027, "82": 16.5336275100708, "83": 16.55064105987549, "84": 16.42782497406006, "85": 16.537107229232788, "86": 16.415337800979614, "87": 16.46742033958435, "88": 16.66286015510559, "89": 16.62996006011963, "90": 16.94273567199707, "91": 16.41603183746338, "92": 16.32336735725403, "93": 16.73047137260437, "94": 16.43709087371826, "95": 16.639354705810547, "96": 16.427749156951904, "97": 16.537778854370117, "98": 16.343781232833862, "99": 16.435800790786743, "100": 16.5364727973938}