{"1": 53.49080181121826, "2": 25.48074460029602, "3": 21.362902402877808, "4": 27.211119174957275, "5": 24.897383451461792, "6": 27.86423921585083, "7": 25.452393770217896, "8": 31.302589178085327, "9": 29.050390481948853, "10": 33.10832858085632, "11": 31.269511938095093, "12": 27.82132625579834, "13": 35.16704726219177, "14": 116.58413529396057, "15": 17.03875160217285, "16": 17.018094778060913, "17": 16.922274589538574, "18": 17.15910840034485, "19": 16.934593439102173, "20": 17.361900806427002, "21": 17.045480966567993, "22": 17.02621293067932, "23": 16.932558059692383, "24": 16.993596076965332, "25": 16.946998834609985, "26": 17.025005340576172, "27": 16.83964443206787, "28": 16.838972091674805, "29": 17.097110509872437, "30": 17.528639316558838, "31": 16.760612726211548, "32": 16.84035873413086, "33": 16.822470664978027, "34": 16.94249200820923, "35": 16.8366641998291, "36": 16.959644317626953, "37": 16.857842206954956, "38": 16.828688383102417, "39": 16.953285694122314, "40": 17.23155951499939, "41": 16.780459880828857, "42": 16.9306902885437, "43": 16.821298599243164, "44": 16.965786457061768, "45": 16.723285913467407, "46": 17.03319549560547, "47": 16.93788456916809, "48": 16.933370351791382, "49": 16.741403102874756, "50": 17.328726768493652, "51": 16.834468841552734, "52": 16.930241107940674, "53": 16.747768878936768, "54": 16.818140745162964, "55": 16.84719443321228, "56": 17.147469997406006, "57": 16.941243410110474, "58": 16.835835456848145, "59": 16.93402910232544, "60": 17.245012283325195, "61": 16.923652172088623, "62": 17.161343097686768, "63": 16.83178734779358, "64": 16.819290161132812, "65": 16.851399898529053, "66": 16.956156253814697, "67": 16.930379390716553, "68": 16.836183786392212, "69": 16.88745141029358, "70": 17.058501482009888, "71": 16.846012115478516, "72": 16.826765298843384, "73": 17.06386399269104, "74": 16.73692798614502, "75": 16.758020162582397, "76": 16.76104760169983, "77": 16.83188509941101, "78": 16.983020067214966, "79": 16.764360666275024, "80": 17.250795364379883, "81": 16.906129360198975, "82": 16.831908702850342, "83": 16.77647376060486, "84": 16.86649441719055, "85": 16.82807731628418, "86": 16.9534330368042, "87": 16.749086618423462, "88": 16.941264629364014, "89": 17.038560390472412, "90": 16.947656631469727, "91": 16.855074405670166, "92": 16.823802947998047, "93": 16.951706409454346, "94": 16.83122420310974, "95": 16.92638373374939, "96": 16.86816644668579, "97": 16.921347856521606, "98": 16.83875584602356, "99": 17.253326416015625, "100": 17.85455346107483}