{"1": 48.83571100234985, "2": 15.616868019104004, "3": 15.716750860214233, "4": 15.976995706558228, "5": 16.25869369506836, "6": 17.29962134361267, "7": 17.00360369682312, "8": 17.38367533683777, "9": 17.385087966918945, "10": 17.89175057411194, "11": 17.78658890724182, "12": 18.1442289352417, "13": 18.094183683395386, "14": 18.21062183380127, "15": 18.532451391220093, "16": 18.079999923706055, "17": 18.28943705558777, "18": 20.044732570648193, "19": 19.737056493759155, "20": 18.204960584640503, "21": 18.206142902374268, "22": 18.323357582092285, "23": 18.387458324432373, "24": 18.68641424179077, "25": 18.27621078491211, "26": 18.28219246864319, "27": 19.806864976882935, "28": 18.289981365203857, "29": 18.182889699935913, "30": 18.500178813934326, "31": 18.183032751083374, "32": 18.284199476242065, "33": 18.80391502380371, "34": 18.366270542144775, "35": 18.3825945854187, "36": 18.294055700302124, "37": 18.453069925308228, "38": 18.397653818130493, "39": 18.63730478286743, "40": 18.38563895225525, "41": 18.383028030395508, "42": 18.9831383228302, "43": 18.62195324897766, "44": 18.583739280700684, "45": 18.600709676742554, "46": 18.49790096282959, "47": 18.706027507781982, "48": 18.48214077949524, "49": 18.57551884651184, "50": 18.712444305419922, "51": 18.901315689086914, "52": 18.509793281555176, "53": 18.64287543296814, "54": 18.585647344589233, "55": 18.598415851593018, "56": 18.707863807678223, "57": 18.70259380340576, "58": 18.51015329360962, "59": 18.58076786994934, "60": 18.872856378555298, "61": 18.685343027114868, "62": 18.700286388397217, "63": 18.618418216705322, "64": 18.68454122543335, "65": 18.516889810562134, "66": 18.68746566772461, "67": 18.59237289428711, "68": 18.6208279132843, "69": 19.022246837615967, "70": 18.608679056167603, "71": 19.225816011428833, "72": 18.589247465133667, "73": 18.584839344024658, "74": 18.634703874588013, "75": 18.619117259979248, "76": 18.61830997467041, "77": 18.69090223312378, "78": 19.088054418563843, "79": 18.807355880737305, "80": 18.60976004600525, "81": 19.042786836624146, "82": 18.827513933181763, "83": 18.68411135673523, "84": 18.804524898529053, "85": 18.906975269317627, "86": 18.685087203979492, "87": 19.065688133239746, "88": 18.69406795501709, "89": 18.7020902633667, "90": 18.79988718032837, "91": 18.690106630325317, "92": 18.7267644405365, "93": 18.851291179656982, "94": 19.329214811325073, "95": 18.48924422264099, "96": 19.03047275543213, "97": 18.92084264755249, "98": 16.758046865463257, "99": 18.886589288711548, "100": 18.903230667114258, "101": 18.81521964073181, "102": 18.596230506896973, "103": 18.884600162506104, "104": 18.683135747909546, "105": 19.035860061645508, "106": 18.720362186431885, "107": 18.683411121368408, "108": 18.723771333694458, "109": 18.698051691055298, "110": 18.816402196884155, "111": 18.690825939178467, "112": 18.935011625289917, "113": 18.893457412719727, "114": 19.209014892578125, "115": 19.649109840393066, "116": 19.02441930770874, "117": 18.82007646560669, "118": 19.02495312690735, "119": 18.98379111289978, "120": 18.94076681137085, "121": 19.49707055091858, "122": 19.73055338859558, "123": 19.694395542144775, "124": 19.999752283096313, "125": 19.926390171051025, "126": 19.893255472183228, "127": 19.714664936065674, "128": 20.13723587989807, "129": 19.52542734146118, "130": 19.623460292816162, "131": 20.184953451156616, "132": 19.807512760162354, "133": 19.70746159553528, "134": 19.951205492019653, "135": 19.72806191444397, "136": 19.92018961906433, "137": 18.050721883773804, "138": 20.822199821472168, "139": 20.45225954055786, "140": 20.20511269569397, "141": 20.030742168426514, "142": 19.424919843673706, "143": 19.312926292419434, "144": 19.112377882003784, "145": 19.002114057540894, "146": 18.99997591972351, "147": 19.016026973724365, "148": 19.26626682281494, "149": 18.881732940673828, "150": 18.71773099899292, "151": 18.63223099708557, "152": 18.812740802764893, "153": 18.874770164489746, "154": 18.682368516921997, "155": 18.729271173477173, "156": 18.817868947982788, "157": 18.788171529769897, "158": 19.117945194244385, "159": 18.504971981048584, "160": 18.562979459762573, "161": 18.483840942382812, "162": 18.496636867523193, "163": 18.399998664855957, "164": 18.48153805732727, "165": 18.50753617286682, "166": 18.725056886672974, "167": 18.600500345230103, "168": 18.4863600730896, "169": 18.40086269378662, "170": 18.822243690490723, "171": 18.579633235931396, "172": 18.725786209106445, "173": 18.553890228271484, "174": 18.416733503341675, "175": 18.782845973968506, "176": 18.486250162124634, "177": 16.52733063697815, "178": 18.52060294151306, "179": 18.507956504821777, "180": 18.487056016921997, "181": 18.29983353614807, "182": 18.566649913787842, "183": 18.511822938919067, "184": 18.691473484039307, "185": 18.393354177474976, "186": 18.378753900527954, "187": 18.489248275756836, "188": 18.61126208305359, "189": 18.482463598251343, "190": 18.23987889289856, "191": 18.646580696105957, "192": 18.432024002075195, "193": 18.826802730560303, "194": 18.38255739212036, "195": 18.420204639434814, "196": 18.47714853286743, "197": 18.4024920463562, "198": 18.488855600357056, "199": 18.499297618865967, "200": 18.517988920211792, "201": 18.28392457962036, "202": 19.221271991729736, "203": 18.315808057785034, "204": 18.38150930404663, "205": 18.296112298965454, "206": 18.38103175163269, "207": 18.39885926246643, "208": 18.28420352935791, "209": 18.279008626937866, "210": 18.39294958114624, "211": 18.71256446838379, "212": 18.28918194770813, "213": 18.486006498336792, "214": 18.427682876586914, "215": 18.36381697654724, "216": 18.298386096954346, "217": 18.551567792892456, "218": 18.293325662612915, "219": 18.397879362106323, "220": 18.61649465560913, "221": 18.692118883132935, "222": 18.5415678024292, "223": 18.405882358551025, "224": 18.31135320663452, "225": 18.39027428627014, "226": 18.385430574417114, "227": 18.423725128173828, "228": 18.307328939437866, "229": 18.60721445083618, "230": 18.41344714164734, "231": 18.41038489341736, "232": 18.585344076156616, "233": 18.37614393234253, "234": 18.498719692230225, "235": 18.301578044891357, "236": 18.788872003555298, "237": 18.428001642227173, "238": 18.69849991798401, "239": 18.419654846191406, "240": 18.485220670700073, "241": 18.391037225723267, "242": 18.616429328918457, "243": 18.39780354499817, "244": 18.39378261566162, "245": 18.304763317108154, "246": 18.390608549118042, "247": 19.12141990661621, "248": 18.32280731201172, "249": 18.520206689834595, "250": 18.2895450592041, "251": 18.315156936645508, "252": 18.497620582580566, "253": 18.380613327026367, "254": 18.383862257003784, "255": 18.513083696365356, "256": 18.51273012161255, "257": 18.645076751708984, "258": 18.396214962005615, "259": 18.413978099822998, "260": 18.496605396270752, "261": 18.422200918197632, "262": 18.49552083015442, "263": 18.314804553985596, "264": 19.201210498809814, "265": 18.623618125915527, "266": 18.412183046340942, "267": 18.40268611907959, "268": 18.48115062713623, "269": 19.213000774383545, "270": 18.47234582901001, "271": 16.606003999710083, "272": 18.564677000045776, "273": 18.62032699584961, "274": 18.3109290599823, "275": 18.87609076499939, "276": 18.50039029121399, "277": 18.553940534591675, "278": 18.615289449691772, "279": 18.525780200958252, "280": 18.396949291229248, "281": 18.653411626815796, "282": 18.497472524642944, "283": 18.381714820861816, "284": 18.6216824054718, "285": 18.50807285308838, "286": 18.41467571258545, "287": 18.40591025352478, "288": 18.504087448120117, "289": 18.503445863723755, "290": 18.394192457199097, "291": 18.422046661376953, "292": 18.82847285270691, "293": 18.520833015441895, "294": 18.38377046585083, "295": 18.287977695465088, "296": 18.41370964050293, "297": 18.604424238204956, "298": 18.39722204208374, "299": 18.437501192092896, "300": 18.58673357963562, "301": 18.59875202178955, "302": 18.665295839309692, "303": 18.587803840637207, "304": 18.300023317337036, "305": 18.50236940383911,