{"1": 210.67978644371033, "2": 172.77917385101318, "3": 163.72203731536865, "4": 148.971093416214, "5": 18.80843448638916, "6": 19.908013105392456, "7": 19.00996685028076, "8": 18.62409210205078, "9": 18.699402570724487, "10": 18.523043155670166, "11": 18.959428310394287, "12": 18.795765161514282, "13": 19.497400999069214, "14": 19.603469610214233, "15": 18.595307111740112, "16": 18.21451735496521, "17": 18.40310287475586, "18": 18.388358116149902, "19": 18.202216625213623, "20": 18.294504165649414, "21": 18.148045778274536, "22": 18.18560814857483, "23": 18.330487966537476, "24": 18.09028172492981, "25": 18.161836862564087, "26": 18.023805141448975, "27": 17.97860860824585, "28": 18.19503879547119, "29": 18.334791660308838, "30": 18.081343412399292, "31": 18.201784133911133, "32": 18.18594980239868, "33": 18.26975417137146, "34": 18.10888409614563, "35": 18.371006965637207, "36": 17.849512577056885, "37": 18.366575241088867, "38": 18.40608835220337, "39": 18.387723684310913, "40": 18.288883447647095, "41": 18.294053554534912, "42": 18.89908766746521, "43": 18.379363536834717, "44": 18.500215530395508, "45": 18.479034185409546, "46": 18.555050373077393, "47": 18.609090566635132, "48": 18.843010663986206, "49": 18.490450859069824, "50": 18.501178979873657, "51": 19.073823928833008, "52": 18.60509943962097, "53": 18.692246437072754, "54": 18.820523977279663, "55": 18.79287099838257, "56": 19.11863660812378, "57": 18.800389051437378, "58": 18.706034421920776, "59": 18.817863702774048, "60": 19.232349395751953, "61": 19.094929456710815, "62": 19.00582766532898, "63": 18.991530656814575, "64": 19.180877923965454, "65": 19.121870279312134, "66": 19.2070472240448, "67": 19.377906560897827, "68": 19.521564960479736, "69": 19.274275541305542, "70": 19.19315457344055, "71": 19.422040224075317, "72": 19.294143438339233, "73": 19.110520362854004, "74": 19.114087343215942, "75": 18.985610485076904, "76": 19.29853129386902, "77": 18.936490058898926, "78": 19.61139416694641, "79": 20.46678376197815, "80": 20.096338987350464, "81": 19.386557579040527, "82": 19.4879252910614, "83": 19.71958827972412, "84": 19.296854972839355, "85": 19.17218565940857, "86": 19.628507137298584, "87": 19.210788011550903, "88": 19.131641149520874, "89": 19.037224769592285, "90": 18.988367557525635, "91": 19.012783765792847, "92": 18.90474224090576, "93": 19.00403070449829, "94": 19.32298183441162, "95": 18.906834363937378, "96": 18.90730881690979, "97": 19.03552269935608, "98": 18.80362892150879, "99": 18.77171540260315, "100": 18.589255571365356}