{"1": 131.97583603858948, "2": 115.80853819847107, "3": 149.5827341079712, "4": 86.81334924697876, "5": 155.08804488182068, "6": 18.80145573616028, "7": 19.00670075416565, "8": 18.708077907562256, "9": 18.648521184921265, "10": 18.692546844482422, "11": 18.578734636306763, "12": 18.291314840316772, "13": 18.279131412506104, "14": 18.885553121566772, "15": 18.278740882873535, "16": 18.67871356010437, "17": 18.205429315567017, "18": 18.288686513900757, "19": 18.60457181930542, "20": 18.308457136154175, "21": 18.342488050460815, "22": 18.19895339012146, "23": 18.674662351608276, "24": 18.277129411697388, "25": 18.51034712791443, "26": 18.3080632686615, "27": 18.183100938796997, "28": 18.204803705215454, "29": 18.322802305221558, "30": 18.33391237258911, "31": 18.212427854537964, "32": 18.70428490638733, "33": 18.30358576774597, "34": 18.18129801750183, "35": 18.287338972091675, "36": 18.51551365852356, "37": 18.104447841644287, "38": 18.28232765197754, "39": 18.420056581497192, "40": 18.294127941131592, "41": 18.54187512397766, "42": 19.109081029891968, "43": 18.656763076782227, "44": 18.280150651931763, "45": 18.38450026512146, "46": 18.103480339050293, "47": 18.31146264076233, "48": 18.320196866989136, "49": 18.289478063583374, "50": 18.391379356384277, "51": 18.38044238090515, "52": 18.411899089813232, "53": 18.412948846817017, "54": 18.53667950630188, "55": 18.31018877029419, "56": 18.38295340538025, "57": 18.272226810455322, "58": 18.3763370513916, "59": 18.52168035507202, "60": 18.501507997512817, "61": 18.298827171325684, "62": 18.315206289291382, "63": 18.272881746292114, "64": 18.18065094947815, "65": 18.28907084465027, "66": 18.308534145355225, "67": 18.417256593704224, "68": 18.090522527694702, "69": 18.738062620162964, "70": 18.583518743515015, "71": 18.174846649169922, "72": 18.289303302764893, "73": 18.1882586479187, "74": 18.20970869064331, "75": 18.08633065223694, "76": 18.199425220489502, "77": 18.204002141952515, "78": 18.71043109893799, "79": 18.210928678512573, "80": 18.116825819015503, "81": 18.267269134521484, "82": 18.209465742111206, "83": 18.185251712799072, "84": 18.18503451347351, "85": 18.28973412513733, "86": 18.17434072494507, "87": 18.625277042388916, "88": 18.290088176727295, "89": 18.206485509872437, "90": 18.198251008987427, "91": 18.288959980010986, "92": 18.184529781341553, "93": 18.190462350845337, "94": 18.081398725509644, "95": 18.092106819152832, "96": 19.02695608139038, "97": 18.182631492614746, "98": 18.269360303878784, "99": 18.29895567893982, "100": 18.21674346923828}