{"1": 515.1227262020111, "2": 169.89648532867432, "3": 20.151393175125122, "4": 19.73541808128357, "5": 19.385276794433594, "6": 19.49118733406067, "7": 19.525028705596924, "8": 19.537976026535034, "9": 19.298316955566406, "10": 19.53774642944336, "11": 19.602635145187378, "12": 19.431264638900757, "13": 19.29935622215271, "14": 19.233819246292114, "15": 19.303228616714478, "16": 19.439743280410767, "17": 19.187865734100342, "18": 19.498252391815186, "19": 19.830655336380005, "20": 19.309370279312134, "21": 19.309694528579712, "22": 19.09147071838379, "23": 19.39873743057251, "24": 19.22520089149475, "25": 19.317197561264038, "26": 19.211945295333862, "27": 18.99409508705139, "28": 19.793909072875977, "29": 19.08414363861084, "30": 19.145008087158203, "31": 19.21254587173462, "32": 19.287744283676147, "33": 18.98526096343994, "34": 19.292094230651855, "35": 19.196122884750366, "36": 19.119534015655518, "37": 19.80531358718872, "38": 19.24311923980713, "39": 19.31311798095703, "40": 19.176557064056396, "41": 19.136505126953125, "42": 19.294599533081055, "43": 19.292698621749878, "44": 19.018616676330566, "45": 19.50580096244812, "46": 19.24100971221924, "47": 19.18188166618347, "48": 19.092968702316284, "49": 19.134087085723877, "50": 19.192306518554688, "51": 19.401493310928345, "52": 19.10333752632141, "53": 19.18105125427246, "54": 19.488861083984375, "55": 19.29161310195923, "56": 18.911243677139282, "57": 19.394042015075684, "58": 19.10506796836853, "59": 19.121488332748413, "60": 19.210509538650513, "61": 19.49501371383667, "62": 19.10149574279785, "63": 19.54951238632202, "64": 19.202515840530396, "65": 19.255878686904907, "66": 19.319801568984985, "67": 19.203644037246704, "68": 19.421786785125732, "69": 19.49136972427368, "70": 19.42567801475525, "71": 19.8697247505188, "72": 19.408769130706787, "73": 19.198888301849365, "74": 19.121819734573364, "75": 19.099321842193604, "76": 19.117002725601196, "77": 19.304845809936523, "78": 19.32637667655945, "79": 19.12740468978882, "80": 19.821532249450684, "81": 19.006607055664062, "82": 18.990176677703857, "83": 19.396138668060303, "84": 18.91052556037903, "85": 19.12208390235901, "86": 18.916635036468506, "87": 18.984097242355347, "88": 19.115200757980347, "89": 19.532899379730225, "90": 19.116454362869263, "91": 19.016093254089355, "92": 18.906258583068848, "93": 18.803133726119995, "94": 18.997723817825317, "95": 19.01078486442566, "96": 18.796265125274658, "97": 18.899714708328247, "98": 19.092915534973145, "99": 18.986591815948486, "100": 19.019447803497314}