{"1": 368.8207986354828, "2": 152.25960993766785, "3": 18.99349617958069, "4": 19.543094873428345, "5": 18.800628900527954, "6": 19.088083744049072, "7": 18.592970371246338, "8": 18.489946126937866, "9": 18.710088968276978, "10": 18.487570762634277, "11": 18.595070600509644, "12": 18.644784688949585, "13": 18.493454456329346, "14": 18.405524969100952, "15": 19.08798313140869, "16": 18.4898681640625, "17": 18.638615131378174, "18": 18.418766975402832, "19": 18.572677850723267, "20": 18.68741750717163, "21": 18.389965295791626, "22": 18.29574704170227, "23": 18.480506420135498, "24": 18.7247371673584, "25": 18.715195655822754, "26": 18.512208223342896, "27": 18.48866629600525, "28": 18.575968742370605, "29": 18.39113974571228, "30": 18.37536644935608, "31": 18.428686380386353, "32": 18.444334745407104, "33": 19.015706300735474, "34": 18.593610048294067, "35": 18.6265389919281, "36": 18.39568781852722, "37": 18.424550771713257, "38": 18.610597133636475, "39": 18.42104935646057, "40": 18.32298994064331, "41": 18.288691997528076, "42": 18.876434803009033, "43": 18.483054399490356, "44": 18.69953727722168, "45": 18.397276639938354, "46": 18.787529230117798, "47": 18.405128717422485, "48": 18.27798843383789, "49": 18.59105658531189, "50": 18.273890495300293, "51": 18.987110137939453, "52": 18.389312744140625, "53": 18.382845878601074, "54": 18.180715799331665, "55": 18.272467613220215, "56": 18.376399517059326, "57": 18.20875358581543, "58": 18.091703176498413, "59": 18.382264614105225, "60": 18.59221839904785, "61": 18.42208743095398, "62": 18.395369291305542, "63": 18.282507181167603, "64": 18.47011113166809, "65": 18.4908504486084, "66": 18.169065237045288, "67": 18.106980323791504, "68": 18.729793787002563, "69": 18.700373649597168, "70": 18.878847122192383, "71": 18.285613298416138, "72": 18.373876571655273, "73": 18.391093492507935, "74": 18.382811546325684, "75": 18.395446300506592, "76": 18.386083602905273, "77": 18.487957239151, "78": 18.475894689559937, "79": 18.583892345428467, "80": 18.565970182418823, "81": 18.312839031219482, "82": 18.529609441757202, "83": 18.503939867019653, "84": 17.336686611175537, "85": 18.58202028274536, "86": 18.57759952545166, "87": 18.611261129379272, "88": 18.676934957504272, "89": 18.47240900993347, "90": 18.376095056533813, "91": 18.40692377090454, "92": 18.56250023841858, "93": 18.27563714981079, "94": 18.180781364440918, "95": 18.492758989334106, "96": 18.266519784927368, "97": 18.486995458602905, "98": 18.19221806526184, "99": 18.187990188598633, "100": 18.12205696105957}