{"1": 142.85694551467896, "2": 120.75146460533142, "3": 123.79785680770874, "4": 153.14619493484497, "5": 19.135987281799316, "6": 19.169228553771973, "7": 19.009072303771973, "8": 18.88818669319153, "9": 19.19481110572815, "10": 18.683370113372803, "11": 18.80659055709839, "12": 18.798895835876465, "13": 18.68317413330078, "14": 18.487138032913208, "15": 18.70318603515625, "16": 18.680705308914185, "17": 18.81829524040222, "18": 18.906444787979126, "19": 18.703173875808716, "20": 18.683608770370483, "21": 18.69693422317505, "22": 18.70131754875183, "23": 18.633705139160156, "24": 18.49436926841736, "25": 18.62405753135681, "26": 18.712688207626343, "27": 18.995948791503906, "28": 18.49454402923584, "29": 18.479055643081665, "30": 18.77786612510681, "31": 18.490110158920288, "32": 18.483336687088013, "33": 19.268560886383057, "34": 18.388154983520508, "35": 18.72847843170166, "36": 18.784035205841064, "37": 18.59812569618225, "38": 18.48698854446411, "39": 18.60195779800415, "40": 18.47637939453125, "41": 19.098685026168823, "42": 18.909587621688843, "43": 18.596741199493408, "44": 18.99072766304016, "45": 18.389317512512207, "46": 18.51494598388672, "47": 18.484720945358276, "48": 18.593279600143433, "49": 18.49765658378601, "50": 18.73660945892334, "51": 18.956608533859253, "52": 18.674925804138184, "53": 19.006022453308105, "54": 18.815494775772095, "55": 18.93172812461853, "56": 18.61013960838318, "57": 18.699117183685303, "58": 18.59679627418518, "59": 18.709784746170044, "60": 18.58430528640747, "61": 18.772846698760986, "62": 18.98961067199707, "63": 18.610660552978516, "64": 18.591166973114014, "65": 18.592055797576904, "66": 18.744930744171143, "67": 18.590128898620605, "68": 18.637250185012817, "69": 18.687999963760376, "70": 18.99660348892212, "71": 19.12354278564453, "72": 18.59959363937378, "73": 18.5116925239563, "74": 18.821277379989624, "75": 18.59739112854004, "76": 18.594075679779053, "77": 19.200393676757812, "78": 18.589293956756592, "79": 18.67451286315918, "80": 19.180882930755615, "81": 18.610310316085815, "82": 18.482526540756226, "83": 18.606168270111084, "84": 18.819543838500977, "85": 18.786617279052734, "86": 18.402873277664185, "87": 18.486019372940063, "88": 18.58000874519348, "89": 18.98391556739807, "90": 18.48975658416748, "91": 18.407419443130493, "92": 18.497499465942383, "93": 18.575634002685547, "94": 18.560203313827515, "95": 18.58958339691162, "96": 18.578054666519165, "97": 18.478227138519287, "98": 18.994543075561523, "99": 18.59119439125061, "100": 18.71940517425537}