{"1": 232.05371832847595, "2": 249.36474895477295, "3": 148.8389401435852, "4": 19.042500495910645, "5": 18.707807540893555, "6": 18.61024308204651, "7": 18.685292959213257, "8": 18.600852727890015, "9": 18.582640886306763, "10": 18.391971826553345, "11": 18.804593801498413, "12": 18.837312936782837, "13": 18.39379072189331, "14": 18.507080554962158, "15": 18.667011976242065, "16": 18.28871488571167, "17": 18.394520044326782, "18": 18.438174962997437, "19": 18.3180890083313, "20": 18.58306884765625, "21": 18.922616243362427, "22": 18.28143000602722, "23": 18.176936626434326, "24": 18.413761377334595, "25": 18.22849178314209, "26": 18.287341594696045, "27": 18.576000452041626, "28": 18.18518090248108, "29": 18.501832008361816, "30": 18.592671394348145, "31": 18.294553756713867, "32": 18.30271577835083, "33": 18.294432163238525, "34": 18.40681004524231, "35": 18.500553369522095, "36": 18.401832342147827, "37": 18.291354417800903, "38": 18.268054962158203, "39": 18.589104890823364, "40": 18.402474403381348, "41": 18.38923168182373, "42": 18.678733110427856, "43": 18.375133991241455, "44": 18.374566078186035, "45": 18.280109643936157, "46": 18.417759656906128, "47": 18.41522479057312, "48": 18.704065561294556, "49": 18.18156623840332, "50": 18.310420513153076, "51": 18.299169778823853, "52": 18.509069681167603, "53": 18.408080101013184, "54": 18.40230441093445, "55": 18.288746118545532, "56": 18.593366384506226, "57": 19.218385457992554, "58": 18.38922643661499, "59": 18.29738163948059, "60": 18.412894248962402, "61": 18.319396257400513, "62": 18.37126111984253, "63": 18.370248556137085, "64": 18.32378578186035, "65": 18.464353799819946, "66": 19.38334822654724, "67": 18.412043571472168, "68": 18.27278423309326, "69": 18.504990339279175, "70": 18.299335479736328, "71": 18.201637983322144, "72": 18.612765550613403, "73": 18.382507801055908, "74": 18.28229022026062, "75": 18.819294214248657, "76": 18.41351819038391, "77": 18.327327013015747, "78": 18.27415108680725, "79": 18.29069685935974, "80": 18.35560393333435, "81": 18.856425762176514, "82": 18.327492713928223, "83": 18.408926486968994, "84": 18.836302757263184, "85": 18.430103063583374, "86": 18.405674934387207, "87": 18.389229774475098, "88": 18.390532970428467, "89": 18.329700469970703, "90": 18.477887630462646, "91": 18.398576498031616, "92": 18.49428367614746, "93": 18.695131540298462, "94": 18.304139137268066, "95": 18.49166202545166, "96": 18.380879163742065, "97": 18.405206441879272, "98": 18.418500900268555, "99": 18.379841566085815, "100": 18.201080322265625}