{"1": 163.62780594825745, "2": 177.6305215358734, "3": 147.0045256614685, "4": 18.54922890663147, "5": 18.489303588867188, "6": 18.585057973861694, "7": 18.45519518852234, "8": 18.784027576446533, "9": 18.38888645172119, "10": 18.21281886100769, "11": 18.196697473526, "12": 18.27569079399109, "13": 18.192414045333862, "14": 18.20401906967163, "15": 18.193751573562622, "16": 18.09396195411682, "17": 18.38972234725952, "18": 18.26744246482849, "19": 18.10304880142212, "20": 18.249229907989502, "21": 18.507421016693115, "22": 18.279196739196777, "23": 18.190319776535034, "24": 17.99773859977722, "25": 18.420562267303467, "26": 18.460444927215576, "27": 18.199875116348267, "28": 18.121207237243652, "29": 18.2787504196167, "30": 18.21281147003174, "31": 18.374778985977173, "32": 18.285441875457764, "33": 17.9813175201416, "34": 18.179642915725708, "35": 18.19024920463562, "36": 18.51425790786743, "37": 18.384806632995605, "38": 18.17669177055359, "39": 17.991438150405884, "40": 18.06514620780945, "41": 18.275208473205566, "42": 18.182199239730835, "43": 18.20926523208618, "44": 19.02388596534729, "45": 18.38458824157715, "46": 18.00890588760376, "47": 18.17676544189453, "48": 18.169777870178223, "49": 18.390438079833984, "50": 18.22168493270874, "51": 18.189720153808594, "52": 18.400099515914917, "53": 18.614347219467163, "54": 18.684843063354492, "55": 18.30624294281006, "56": 18.274129152297974, "57": 18.274951219558716, "58": 18.291150331497192, "59": 18.57779335975647, "60": 18.29700231552124, "61": 18.383240938186646, "62": 18.407665967941284, "63": 18.798917531967163, "64": 18.385438203811646, "65": 18.49787664413452, "66": 18.29413938522339, "67": 18.64086079597473, "68": 18.479952335357666, "69": 18.79356813430786, "70": 18.626525402069092, "71": 18.635393619537354, "72": 18.99360704421997, "73": 18.385186433792114, "74": 18.507020950317383, "75": 18.288174390792847, "76": 18.496623754501343, "77": 18.404546976089478, "78": 18.32277011871338, "79": 18.490108251571655, "80": 18.491745233535767, "81": 18.99524450302124, "82": 18.599144458770752, "83": 18.505691528320312, "84": 18.38651967048645, "85": 18.389635801315308, "86": 18.53663921356201, "87": 18.197054386138916, "88": 18.30209970474243, "89": 18.677971601486206, "90": 18.59313154220581, "91": 18.215635538101196, "92": 18.417903184890747, "93": 18.293482065200806, "94": 18.298481225967407, "95": 18.470423221588135, "96": 18.285542964935303, "97": 18.378077745437622, "98": 18.52178454399109, "99": 18.815526962280273, "100": 18.306103467941284}