{"1": 67.5552327632904, "2": 45.79307293891907, "3": 28.354525566101074, "4": 41.267202377319336, "5": 6.873134136199951, "6": 6.681274175643921, "7": 6.875153064727783, "8": 6.811035633087158, "9": 6.79406213760376, "10": 6.7880165576934814, "11": 7.764976263046265, "12": 7.092789173126221, "13": 6.788186311721802, "14": 6.887880563735962, "15": 6.926295757293701, "16": 6.8884596824646, "17": 6.7773048877716064, "18": 6.794111013412476, "19": 6.897882461547852, "20": 6.811916828155518, "21": 6.764348030090332, "22": 6.783619165420532, "23": 6.788113594055176, "24": 6.883029460906982, "25": 6.775612831115723, "26": 6.796159029006958, "27": 7.0065178871154785, "28": 6.873682975769043, "29": 6.907016277313232, "30": 6.900689363479614, "31": 6.79259467124939, "32": 7.489028215408325, "33": 7.180693864822388, "34": 6.781599760055542, "35": 7.025909185409546, "36": 6.887512683868408, "37": 6.906209707260132, "38": 6.917328596115112, "39": 6.872360944747925, "40": 6.98408842086792, "41": 6.89001989364624, "42": 6.896757125854492, "43": 6.88908314704895, "44": 6.891230583190918, "45": 6.996273517608643, "46": 6.990240573883057, "47": 6.886245012283325, "48": 6.972875118255615, "49": 7.207978248596191, "50": 6.879602909088135, "51": 7.193105936050415, "52": 6.88045859336853, "53": 6.970426559448242, "54": 7.018819332122803, "55": 6.991097927093506, "56": 7.008252859115601, "57": 6.973158359527588, "58": 6.900708198547363, "59": 6.965562105178833, "60": 6.888317108154297, "61": 6.994420766830444, "62": 7.1054887771606445, "63": 6.925665378570557, "64": 6.943278789520264, "65": 6.979954242706299, "66": 6.889421463012695, "67": 6.999053239822388, "68": 6.990424871444702, "69": 6.97716212272644, "70": 6.9210686683654785, "71": 6.9816365242004395, "72": 6.988658666610718, "73": 6.9214396476745605, "74": 7.198648691177368, "75": 7.000704050064087, "76": 7.094359397888184, "77": 6.87673282623291, "78": 6.9847633838653564, "79": 6.98896598815918, "80": 6.98345947265625, "81": 6.985004663467407, "82": 6.87340784072876, "83": 6.984964609146118, "84": 6.896679162979126, "85": 7.098317861557007, "86": 6.999862194061279, "87": 6.982139825820923, "88": 7.085016489028931, "89": 7.001424074172974, "90": 6.99587345123291, "91": 7.009784936904907, "92": 7.010204553604126, "93": 6.985006809234619, "94": 6.977643728256226, "95": 6.991238594055176, "96": 6.973275899887085, "97": 6.995073318481445, "98": 7.292384624481201, "99": 6.992446422576904, "100": 6.9928507804870605}