{"1": 42.54415845870972, "2": 15.374918699264526, "3": 12.886625051498413, "4": 15.404057741165161, "5": 16.553375005722046, "6": 22.249109745025635, "7": 17.34533929824829, "8": 19.03890872001648, "9": 15.732637882232666, "10": 21.523271560668945, "11": 41.26564598083496, "12": 6.786195278167725, "13": 7.725745916366577, "14": 7.689842939376831, "15": 6.780683517456055, "16": 6.767988681793213, "17": 6.763892650604248, "18": 6.790742635726929, "19": 6.772521734237671, "20": 6.894280195236206, "21": 6.810433387756348, "22": 6.787899971008301, "23": 6.679605484008789, "24": 6.896265983581543, "25": 6.693058013916016, "26": 6.792833566665649, "27": 6.786466360092163, "28": 6.77810525894165, "29": 6.6963791847229, "30": 6.681747913360596, "31": 6.776408672332764, "32": 6.9013142585754395, "33": 6.777749300003052, "34": 6.795688629150391, "35": 6.880652189254761, "36": 6.784970045089722, "37": 6.7866291999816895, "38": 6.777464151382446, "39": 6.727160453796387, "40": 6.838789463043213, "41": 6.6707072257995605, "42": 6.6909568309783936, "43": 6.593188762664795, "44": 6.878627061843872, "45": 6.796166181564331, "46": 6.662584066390991, "47": 6.797152996063232, "48": 6.884097337722778, "49": 6.82332181930542, "50": 7.8279197216033936, "51": 6.895631313323975, "52": 6.773697137832642, "53": 6.675990343093872, "54": 6.779845476150513, "55": 6.679570436477661, "56": 6.773071527481079, "57": 6.693925380706787, "58": 6.89672327041626, "59": 6.770819664001465, "60": 6.785484790802002, "61": 6.701325416564941, "62": 6.780076742172241, "63": 6.794264078140259, "64": 6.797832250595093, "65": 6.809288501739502, "66": 6.681294202804565, "67": 6.7826454639434814, "68": 6.882748603820801, "69": 6.671374320983887, "70": 6.784528493881226, "71": 6.66786789894104, "72": 6.790051221847534, "73": 6.796330451965332, "74": 6.8089776039123535, "75": 6.786057233810425, "76": 6.777638912200928, "77": 6.794323205947876, "78": 6.677794456481934, "79": 6.682325839996338, "80": 6.685248613357544, "81": 6.788158893585205, "82": 6.778704643249512, "83": 6.878164768218994, "84": 6.701617002487183, "85": 6.678160667419434, "86": 6.77307915687561, "87": 6.677759885787964, "88": 6.804126024246216, "89": 6.682938098907471, "90": 6.8832879066467285, "91": 6.67304539680481, "92": 6.807548999786377, "93": 6.664907455444336, "94": 6.66793417930603, "95": 6.786932706832886, "96": 6.881663084030151, "97": 6.7778730392456055, "98": 6.802338123321533, "99": 6.78872275352478, "100": 6.89149022102356}