{"1": 130.13564682006836, "2": 18.171540021896362, "3": 41.44171380996704, "4": 6.802180528640747, "5": 6.8713061809539795, "6": 6.880494117736816, "7": 6.8078696727752686, "8": 6.980958700180054, "9": 7.080280303955078, "10": 6.888081073760986, "11": 6.880493640899658, "12": 6.877139329910278, "13": 6.895416259765625, "14": 6.890573740005493, "15": 7.041884422302246, "16": 6.923691749572754, "17": 7.002070426940918, "18": 6.876209259033203, "19": 7.703142166137695, "20": 7.104285717010498, "21": 6.784738540649414, "22": 7.036062479019165, "23": 6.904683351516724, "24": 7.114444017410278, "25": 7.037124156951904, "26": 6.878360748291016, "27": 6.999234199523926, "28": 6.87842583656311, "29": 6.98682713508606, "30": 7.005904674530029, "31": 6.996622323989868, "32": 7.092114448547363, "33": 6.889571666717529, "34": 7.0018110275268555, "35": 7.101339101791382, "36": 6.897659778594971, "37": 6.987090110778809, "38": 6.995101451873779, "39": 6.978460073471069, "40": 7.00636100769043, "41": 6.995744228363037, "42": 7.007738351821899, "43": 6.986613750457764, "44": 7.077531337738037, "45": 7.080763816833496, "46": 7.10235595703125, "47": 6.986673831939697, "48": 7.0295655727386475, "49": 7.118606090545654, "50": 6.990675926208496, "51": 7.0777037143707275, "52": 6.978783369064331, "53": 6.991439580917358, "54": 6.989688873291016, "55": 7.105456829071045, "56": 7.023112058639526, "57": 7.097668409347534, "58": 7.0807952880859375, "59": 6.99198317527771, "60": 6.995239973068237, "61": 7.007724285125732, "62": 7.307746887207031, "63": 7.011563539505005, "64": 7.092589378356934, "65": 6.991111993789673, "66": 7.08370041847229, "67": 6.9790918827056885, "68": 7.086878538131714, "69": 7.193122386932373, "70": 6.985304594039917, "71": 7.0371315479278564, "72": 7.08246636390686, "73": 7.133431673049927, "74": 7.081185340881348, "75": 7.082915306091309, "76": 7.0202717781066895, "77": 7.176054000854492, "78": 7.1912407875061035, "79": 7.1935694217681885, "80": 6.985751628875732, "81": 7.195843458175659, "82": 7.200801610946655, "83": 7.196958065032959, "84": 7.085375547409058, "85": 7.197829484939575, "86": 7.183690547943115, "87": 7.079625844955444, "88": 7.187152147293091, "89": 7.084871053695679, "90": 7.1363701820373535, "91": 7.097139835357666, "92": 7.189553260803223, "93": 7.0894341468811035, "94": 7.1203978061676025, "95": 7.195791721343994, "96": 7.2946696281433105, "97": 7.221714019775391, "98": 7.089751958847046, "99": 7.111246109008789, "100": 7.420031309127808}