{"1": 90.35243463516235, "2": 82.70360851287842, "3": 41.260252475738525, "4": 6.9822962284088135, "5": 7.136375427246094, "6": 7.101885795593262, "7": 6.902679443359375, "8": 6.871246576309204, "9": 6.777493953704834, "10": 6.895934343338013, "11": 7.150278329849243, "12": 6.90895676612854, "13": 7.654946804046631, "14": 8.418349027633667, "15": 6.86959433555603, "16": 6.879468202590942, "17": 6.793889045715332, "18": 6.814857721328735, "19": 6.893690586090088, "20": 6.771130800247192, "21": 6.89902400970459, "22": 6.795795440673828, "23": 6.991375684738159, "24": 6.927997350692749, "25": 6.983741998672485, "26": 6.914123773574829, "27": 6.903529644012451, "28": 6.879717111587524, "29": 6.889098405838013, "30": 6.817906618118286, "31": 6.979663848876953, "32": 6.77539849281311, "33": 6.989605665206909, "34": 6.82839035987854, "35": 6.878498792648315, "36": 7.18708348274231, "37": 6.888762950897217, "38": 6.8729517459869385, "39": 6.781810283660889, "40": 6.9653160572052, "41": 6.880685329437256, "42": 6.9008259773254395, "43": 6.8916051387786865, "44": 6.77921462059021, "45": 6.807345390319824, "46": 6.7915403842926025, "47": 6.896087646484375, "48": 6.996694803237915, "49": 6.89079475402832, "50": 6.9751622676849365, "51": 6.815911531448364, "52": 6.8941264152526855, "53": 6.982209205627441, "54": 6.921885013580322, "55": 7.197673320770264, "56": 6.791842222213745, "57": 6.8776161670684814, "58": 6.880147695541382, "59": 6.883703708648682, "60": 7.082104444503784, "61": 6.885383129119873, "62": 7.031840562820435, "63": 6.891418695449829, "64": 6.98122763633728, "65": 6.981757164001465, "66": 7.014723062515259, "67": 6.895467281341553, "68": 6.992607116699219, "69": 6.8982696533203125, "70": 6.89828085899353, "71": 6.893855810165405, "72": 6.977191925048828, "73": 6.90875506401062, "74": 6.894178867340088, "75": 7.0901877880096436, "76": 6.87916374206543, "77": 7.001049518585205, "78": 6.875212907791138, "79": 7.003218173980713, "80": 6.976257085800171, "81": 6.981670379638672, "82": 6.87738823890686, "83": 6.978252410888672, "84": 6.989605188369751, "85": 6.876766681671143, "86": 6.975569009780884, "87": 6.879126071929932, "88": 7.084472179412842, "89": 6.979818105697632, "90": 6.9763758182525635, "91": 6.886654615402222, "92": 6.876235723495483, "93": 7.0100953578948975, "94": 6.896403074264526, "95": 6.989024877548218, "96": 6.866315126419067, "97": 6.89975118637085, "98": 6.891997337341309, "99": 6.77923321723938, "100": 7.110943555831909, "101": 6.885778188705444, "102": 6.979031562805176, "103": 6.870218276977539, "104": 6.886394500732422, "105": 6.886737585067749, "106": 6.896591424942017, "107": 7.332341909408569, "108": 6.999321222305298, "109": 6.89035439491272, "110": 6.987298965454102, "111": 6.890110492706299, "112": 6.877732992172241, "113": 6.991569757461548, "114": 6.987152814865112, "115": 7.032573938369751, "116": 6.9960901737213135, "117": 6.993767499923706, "118": 6.988545179367065, "119": 6.97992467880249, "120": 6.981657028198242, "121": 7.129733085632324, "122": 7.210176944732666, "123": 7.084936857223511, "124": 7.131089448928833, "125": 6.984706878662109, "126": 6.981375217437744, "127": 7.181996822357178, "128": 6.969236135482788, "129": 6.989683151245117, "130": 7.1965203285217285, "131": 7.006255388259888, "132": 7.276087045669556, "133": 6.993460655212402, "134": 6.975221395492554, "135": 7.010785341262817, "136": 6.975216865539551, "137": 7.119604587554932, "138": 6.999459505081177, "139": 6.8955769538879395, "140": 6.9916462898254395, "141": 6.98861026763916, "142": 6.97769021987915, "143": 7.002200126647949, "144": 6.985893249511719, "145": 7.003427982330322, "146": 7.090224504470825, "147": 6.904804944992065, "148": 6.887010335922241, "149": 7.018569707870483, "150": 7.0909528732299805, "151": 6.988779783248901, "152": 7.0988171100616455, "153": 6.9799487590789795, "154": 7.287861108779907, "155": 7.078443765640259, "156": 7.004045248031616, "157": 7.000459671020508, "158": 6.9764111042022705, "159": 6.982232570648193, "160": 6.908023357391357, "161": 6.987883567810059, "162": 6.9751176834106445, "163": 6.976463794708252, "164": 6.891218185424805, "165": 7.27930474281311, "166": 6.9810590744018555, "167": 6.9980833530426025, "168": 6.979378700256348, "169": 6.987267017364502, "170": 6.976267337799072, "171": 7.188107252120972, "172": 6.985130071640015, "173": 6.984668731689453, "174": 6.873906373977661, "175": 6.927683591842651, "176": 6.903292894363403, "177": 7.176639795303345, "178": 6.986180543899536, "179": 6.992052316665649, "180": 6.892085075378418, "181": 6.986690282821655, "182": 7.0409276485443115, "183": 6.912733793258667, "184": 6.874935150146484, "185": 6.97534704208374, "186": 6.9759681224823, "187": 6.886064767837524, "188": 7.026483058929443, "189": 6.883644342422485, "190": 7.083430290222168, "191": 6.91013240814209, "192": 6.995584011077881, "193": 6.878556489944458, "194": 7.004321575164795, "195": 6.978058815002441, "196": 6.999161243438721, "197": 6.984476566314697, "198": 6.889926433563232, "199": 6.8768393993377686, "200": 7.124955892562866, "201": 6.998942613601685, "202": 6.8842973709106445, "203": 6.950067043304443, "204": 7.114758253097534, "205": 6.985034465789795, "206": 6.883138656616211, "207": 7.009087085723877, "208": 6.8826048374176025, "209": 6.994978666305542, "210": 6.874481439590454, "211": 6.994535207748413, "212": 6.881836891174316, "213": 6.876534700393677, "214": 6.892395496368408, "215": 6.909896373748779, "216": 6.949923515319824, "217": 7.015043497085571, "218": 6.88874626159668, "219": 6.792946100234985, "220": 7.0111083984375, "221": 6.9871604442596436, "222": 6.88517427444458, "223": 6.883899688720703, "224": 7.176824569702148, "225": 6.889704704284668, "226": 6.991122245788574, "227": 6.89975118637085, "228": 6.875367879867554, "229": 6.989691734313965, "230": 6.788036108016968, "231": 6.982530355453491, "232": 6.87942910194397, "233": 6.973918437957764, "234": 6.879992246627808, "235": 7.012864112854004, "236": 6.998350620269775, "237": 7.29961895942688, "238": 7.0074622631073, "239": 6.984851598739624, "240": 6.991001129150391, "241": 6.88275671005249, "242": 7.08685302734375, "243": 6.991596221923828, "244": 6.988387823104858, "245": 6.896848678588867, "246": 6.981724739074707, "247": 7.223006725311279, "248": 6.8912293910980225, "249": 7.095543622970581, "250": 7.209333896636963, "251": 7.095212936401367, "252": 7.007672071456909, "253": 6.8803465366363525, "254": 6.895680904388428, "255": 7.031613826751709, "256": 6.942484378814697, "257": 6.88637375831604, "258": 6.997421979904175, "259": 7.00891375541687, "260": 6.795586585998535, "261": 6.805722713470459, "262": 7.017293691635132, "263": 6.875776529312134, "264": 6.973498106002808, "265": 6.917539596557617, "266": 7.000308036804199, "267": 6.887974500656128, "268": 6.982536315917969, "269": 6.9905877113342285, "270": 6.983605861663818, "271": 7.094347953796387, "272": 6.785071134567261, "273": 6.986440420150757, "274": 7.0105977058410645, "275": 6.900516510009766, "276": 6.98292875289917, "277": 7.0129406452178955, "278": 6.8905134201049805, "279": 6.884557008743286, "280": 6.877252578735352, "281": 7.11581563949585, "282": 6.97824239730835, "283": 7.191889762878418, "284": 6.989823818206787, "285": 6.994140386581421, "286": 7.008344888687134, "287": 6.878380298614502, "288": 6.873899698257446, "289": 6.997502088546753, "290": 6.91442084312439, "291": 6.971099138259888, "292": 6.998930931091309, "293": 6.899201154708862, "294": 7.411494493484497, "295": 6.8969457149505615, "296": 6.883939504623413, "297": 7.082006931304932, "298": 6.907015800476074, "299": 6.982256650924683, "300": 7.008248567581177, "301": 6.980296850204468, "302": 6.977464199066162, "303": 6.983274459838867, "304": 6.887009143829346, "305": 7.000349998474121, "306": 7.027803659439087, "307": 6.986758470535278, "308": 6.89811372756958, "309": 6.981291770935059, "310": 7.207764625549316, "311": 6.900842666625977, "312": 7.094206094741821,