{"1": 61.8720817565918, "2": 44.44375944137573, "3": 38.81809115409851, "4": 20.220359325408936, "5": 41.503299713134766, "6": 6.9795823097229, "7": 6.915005922317505, "8": 7.077326059341431, "9": 6.989121913909912, "10": 7.109536409378052, "11": 7.095821380615234, "12": 6.880817413330078, "13": 7.6972129344940186, "14": 6.898697137832642, "15": 6.874406814575195, "16": 6.88408350944519, "17": 6.896039724349976, "18": 6.983940124511719, "19": 6.987726926803589, "20": 6.9738733768463135, "21": 6.873889207839966, "22": 7.003852605819702, "23": 6.871973037719727, "24": 7.090858221054077, "25": 6.885856628417969, "26": 6.99179482460022, "27": 6.885712623596191, "28": 6.975451946258545, "29": 6.907614707946777, "30": 6.888916492462158, "31": 6.981958866119385, "32": 6.883410453796387, "33": 6.985699892044067, "34": 7.1978065967559814, "35": 7.071974754333496, "36": 6.983804941177368, "37": 7.067359685897827, "38": 6.886873006820679, "39": 6.877889394760132, "40": 6.9039671421051025, "41": 6.993535041809082, "42": 6.88866662979126, "43": 6.872415065765381, "44": 6.880046367645264, "45": 6.989397764205933, "46": 6.880785942077637, "47": 6.889267206192017, "48": 6.9916980266571045, "49": 7.000396013259888, "50": 6.893581390380859, "51": 6.919165134429932, "52": 6.986451148986816, "53": 6.981203556060791, "54": 6.8789896965026855, "55": 6.879546642303467, "56": 6.903799057006836, "57": 6.999439001083374, "58": 7.126052618026733, "59": 6.909634828567505, "60": 6.772865295410156, "61": 6.9945080280303955, "62": 6.881524324417114, "63": 6.944853782653809, "64": 6.8800084590911865, "65": 6.884500026702881, "66": 6.78144383430481, "67": 6.887397766113281, "68": 6.904826402664185, "69": 7.5328216552734375, "70": 6.797817230224609, "71": 6.877685308456421, "72": 6.878984689712524, "73": 6.989593267440796, "74": 6.90576696395874, "75": 6.88481879234314, "76": 7.0776145458221436, "77": 6.78724217414856, "78": 6.897949695587158, "79": 6.791419982910156, "80": 7.318448305130005, "81": 7.101933240890503, "82": 6.893838167190552, "83": 6.896067142486572, "84": 6.9458746910095215, "85": 6.788480997085571, "86": 7.009447813034058, "87": 6.915781259536743, "88": 6.89706015586853, "89": 6.825601816177368, "90": 6.8233606815338135, "91": 6.8799262046813965, "92": 6.869999885559082, "93": 6.866127967834473, "94": 6.892840385437012, "95": 6.887211561203003, "96": 6.77335786819458, "97": 6.7913594245910645, "98": 6.897420406341553, "99": 6.800885438919067, "100": 6.873838901519775}