{"1": 112.94618701934814, "2": 27.755337953567505, "3": 41.46714448928833, "4": 6.9914164543151855, "5": 6.804828643798828, "6": 6.783102750778198, "7": 6.788379907608032, "8": 6.768535614013672, "9": 6.879790306091309, "10": 6.736985206604004, "11": 6.68184757232666, "12": 6.787562131881714, "13": 6.6836326122283936, "14": 6.673715829849243, "15": 6.781629323959351, "16": 6.675185203552246, "17": 6.879133224487305, "18": 6.788841485977173, "19": 6.772067546844482, "20": 6.836122035980225, "21": 6.780901908874512, "22": 6.771273374557495, "23": 6.686625003814697, "24": 6.78470253944397, "25": 6.683564186096191, "26": 6.781912565231323, "27": 7.009209156036377, "28": 6.770716190338135, "29": 6.891790390014648, "30": 6.777701377868652, "31": 6.874652147293091, "32": 6.786510705947876, "33": 6.788058519363403, "34": 6.7887797355651855, "35": 6.882776498794556, "36": 6.92706298828125, "37": 8.145262241363525, "38": 6.89538311958313, "39": 6.766658306121826, "40": 6.698253393173218, "41": 6.888293743133545, "42": 6.831639051437378, "43": 6.883635759353638, "44": 6.7936177253723145, "45": 6.680085182189941, "46": 6.927773475646973, "47": 6.804778814315796, "48": 6.7734105587005615, "49": 6.779683351516724, "50": 6.870568037033081, "51": 6.8990254402160645, "52": 6.8877270221710205, "53": 6.78477668762207, "54": 6.985671281814575, "55": 6.87850022315979, "56": 6.8734450340271, "57": 6.88349723815918, "58": 6.6914191246032715, "59": 6.767335653305054, "60": 6.871994256973267, "61": 6.866348505020142, "62": 6.902519941329956, "63": 6.797747850418091, "64": 6.793376922607422, "65": 6.781438589096069, "66": 6.819972276687622, "67": 6.881637334823608, "68": 6.886132717132568, "69": 6.779297828674316, "70": 6.826994895935059, "71": 6.6918559074401855, "72": 6.892724514007568, "73": 6.874835252761841, "74": 6.974862575531006, "75": 6.923692941665649, "76": 6.94698691368103, "77": 7.5205066204071045, "78": 6.883645534515381, "79": 6.865560293197632, "80": 6.913186550140381, "81": 6.772998094558716, "82": 6.96937894821167, "83": 7.517225503921509, "84": 6.882153272628784, "85": 6.785391807556152, "86": 6.779440879821777, "87": 6.7821266651153564, "88": 6.7848193645477295, "89": 6.785004615783691, "90": 6.776175260543823, "91": 6.790375232696533, "92": 6.778351306915283, "93": 6.8958330154418945, "94": 6.809177875518799, "95": 6.813550710678101, "96": 6.780177593231201, "97": 6.919796943664551, "98": 7.1049394607543945, "99": 6.779257535934448, "100": 6.985336065292358}