{"1": 180.83494019508362, "2": 47.74244165420532, "3": 50.952216148376465, "4": 7.282442092895508, "5": 7.701268196105957, "6": 7.521751403808594, "7": 7.307021617889404, "8": 7.389140605926514, "9": 7.292010307312012, "10": 7.2911529541015625, "11": 7.301721572875977, "12": 7.317370176315308, "13": 7.2140514850616455, "14": 7.287179470062256, "15": 7.312437057495117, "16": 7.6054301261901855, "17": 7.385272979736328, "18": 7.183196306228638, "19": 7.2931811809539795, "20": 7.191618204116821, "21": 7.400555610656738, "22": 7.237782716751099, "23": 7.2922892570495605, "24": 7.317582368850708, "25": 7.180642127990723, "26": 7.934475660324097, "27": 8.73869800567627, "28": 8.864128828048706, "29": 7.219283103942871, "30": 7.298048734664917, "31": 8.06923770904541, "32": 7.930630922317505, "33": 7.6524364948272705, "34": 7.4059226512908936, "35": 7.188519477844238, "36": 7.323260068893433, "37": 7.292951345443726, "38": 7.614520311355591, "39": 7.280895709991455, "40": 7.307989120483398, "41": 7.476376295089722, "42": 7.211565256118774, "43": 7.218011140823364, "44": 7.204603672027588, "45": 7.304474353790283, "46": 7.192603588104248, "47": 7.298009395599365, "48": 7.193812847137451, "49": 7.199033975601196, "50": 7.223182201385498, "51": 7.1122565269470215, "52": 7.1869800090789795, "53": 7.192373752593994, "54": 7.177113056182861, "55": 7.080253839492798, "56": 7.284158945083618, "57": 7.218566417694092, "58": 7.092379331588745, "59": 7.221289396286011, "60": 7.240570306777954, "61": 7.403602123260498, "62": 7.362305164337158, "63": 7.190384149551392, "64": 7.296552419662476, "65": 7.128604173660278, "66": 7.10243034362793, "67": 7.3041417598724365, "68": 7.283684253692627, "69": 7.509271860122681, "70": 7.3007872104644775, "71": 7.298750877380371, "72": 7.083682298660278, "73": 7.191861391067505, "74": 7.2104902267456055, "75": 7.091199636459351, "76": 7.179107666015625, "77": 7.1959545612335205, "78": 7.5051429271698, "79": 7.20312237739563, "80": 7.2076404094696045, "81": 7.2008750438690186, "82": 7.286185026168823, "83": 7.5966620445251465, "84": 7.188297986984253, "85": 7.223869562149048, "86": 7.196660995483398, "87": 7.252107858657837, "88": 7.235079526901245, "89": 7.174977540969849, "90": 7.192739725112915, "91": 7.088830232620239, "92": 7.183204174041748, "93": 7.3247480392456055, "94": 7.082906723022461, "95": 7.20413613319397, "96": 7.204345464706421, "97": 7.212485313415527, "98": 7.152828216552734, "99": 7.201789855957031, "100": 7.1095404624938965}