{"1": 74.35235786437988, "2": 52.42544388771057, "3": 32.76191425323486, "4": 41.99313735961914, "5": 6.689965486526489, "6": 7.640759706497192, "7": 6.905625820159912, "8": 6.789540529251099, "9": 6.818080902099609, "10": 6.803545951843262, "11": 6.7874085903167725, "12": 6.696065664291382, "13": 6.801761627197266, "14": 6.7736546993255615, "15": 6.8829169273376465, "16": 6.990001678466797, "17": 6.787751197814941, "18": 6.989126443862915, "19": 6.896162509918213, "20": 6.685747385025024, "21": 6.779422998428345, "22": 6.893800973892212, "23": 6.818356037139893, "24": 6.874594211578369, "25": 6.897192478179932, "26": 6.787477731704712, "27": 6.8964433670043945, "28": 6.803152799606323, "29": 6.818659543991089, "30": 6.882582187652588, "31": 6.781066179275513, "32": 7.003829479217529, "33": 6.92202091217041, "34": 6.8119518756866455, "35": 6.894737243652344, "36": 6.790540456771851, "37": 6.888800859451294, "38": 6.874694347381592, "39": 6.906758546829224, "40": 6.997626543045044, "41": 6.906425952911377, "42": 6.919794797897339, "43": 7.296133518218994, "44": 6.97533655166626, "45": 7.645867347717285, "46": 7.504572629928589, "47": 6.895148277282715, "48": 6.984109878540039, "49": 6.8818442821502686, "50": 6.779852390289307, "51": 6.9299585819244385, "52": 6.985922813415527, "53": 6.789130687713623, "54": 6.907496690750122, "55": 7.098838567733765, "56": 6.879317283630371, "57": 6.874412298202515, "58": 6.886273384094238, "59": 7.146647214889526, "60": 6.797652244567871, "61": 7.003655672073364, "62": 6.995309591293335, "63": 7.003789663314819, "64": 6.779988527297974, "65": 6.89275336265564, "66": 6.988643169403076, "67": 6.944880723953247, "68": 6.814533233642578, "69": 6.910727262496948, "70": 7.005417823791504, "71": 7.075900316238403, "72": 6.9226908683776855, "73": 6.8936967849731445, "74": 6.927595138549805, "75": 6.880417346954346, "76": 6.914453029632568, "77": 6.9847800731658936, "78": 6.831468343734741, "79": 7.087663888931274, "80": 6.912722110748291, "81": 6.886120080947876, "82": 7.005635499954224, "83": 6.909211158752441, "84": 7.024341106414795, "85": 6.8912129402160645, "86": 7.087698459625244, "87": 7.035933017730713, "88": 6.981702566146851, "89": 6.8810107707977295, "90": 6.897705316543579, "91": 6.9832987785339355, "92": 7.016438245773315, "93": 7.081516742706299, "94": 7.089024782180786, "95": 6.983009338378906, "96": 7.009661674499512, "97": 6.916498422622681, "98": 7.00677490234375, "99": 6.977941274642944, "100": 6.895469903945923, "101": 7.019972562789917, "102": 6.987241983413696, "103": 7.00325608253479, "104": 6.995315790176392, "105": 7.010772466659546, "106": 6.999074697494507, "107": 7.016892671585083, "108": 6.996269702911377, "109": 6.990225315093994, "110": 6.985015869140625, "111": 7.011048316955566, "112": 7.019806385040283, "113": 6.896792650222778, "114": 7.20829701423645, "115": 7.178042650222778, "116": 6.9818878173828125, "117": 6.983227968215942, "118": 6.979306936264038, "119": 7.073940992355347, "120": 6.985093832015991, "121": 8.107712984085083, "122": 9.39451003074646, "123": 7.511536359786987, "124": 7.1048665046691895, "125": 7.106598854064941, "126": 7.003161907196045, "127": 7.089315891265869, "128": 7.078469753265381, "129": 7.035932779312134, "130": 6.9836554527282715, "131": 7.2986907958984375, "132": 6.9812331199646, "133": 7.0090062618255615, "134": 6.898206472396851, "135": 6.982233285903931, "136": 7.104920148849487, "137": 6.993074417114258, "138": 6.994191884994507, "139": 7.099848747253418, "140": 7.088642358779907, "141": 6.982200622558594, "142": 6.9981606006622314, "143": 6.985972166061401, "144": 6.887245416641235, "145": 6.89574122428894, "146": 7.09697699546814, "147": 6.8777995109558105, "148": 6.982321500778198, "149": 7.011261463165283, "150": 6.973834991455078, "151": 7.077853202819824, "152": 6.99266505241394, "153": 6.994298696517944, "154": 6.9894397258758545, "155": 6.887211322784424, "156": 6.983156204223633, "157": 7.338741302490234, "158": 7.0850989818573, "159": 7.214931964874268, "160": 6.991219758987427, "161": 7.094861745834351, "162": 7.028494119644165, "163": 7.288086652755737, "164": 7.110758543014526, "165": 6.907970666885376, "166": 7.078719615936279, "167": 7.085911750793457, "168": 7.029242753982544, "169": 7.208032846450806, "170": 7.10678243637085, "171": 7.010957956314087, "172": 7.010220527648926, "173": 7.0079121589660645, "174": 7.0379486083984375, "175": 7.1154420375823975, "176": 6.994545936584473, "177": 6.903367280960083, "178": 6.989396810531616, "179": 6.878314733505249, "180": 7.096774101257324, "181": 7.001863479614258, "182": 7.085724115371704, "183": 7.003621339797974, "184": 6.985177278518677, "185": 7.133138418197632, "186": 6.99737811088562, "187": 6.985770225524902, "188": 7.0927064418792725, "189": 7.13367486000061, "190": 7.205046653747559, "191": 6.9975011348724365, "192": 7.004382371902466, "193": 7.0242674350738525, "194": 7.0398032665252686, "195": 6.9914186000823975, "196": 6.9733195304870605, "197": 6.907508611679077, "198": 6.984203100204468, "199": 6.990701675415039, "200": 6.929936170578003, "201": 6.9864397048950195, "202": 6.889227867126465, "203": 6.985470771789551, "204": 6.974385976791382, "205": 6.894957065582275, "206": 6.98956036567688, "207": 6.86801815032959, "208": 6.913850784301758, "209": 6.97749400138855, "210": 6.980839490890503, "211": 6.895863771438599, "212": 6.890506267547607, "213": 7.019674301147461, "214": 6.8761842250823975, "215": 6.97406530380249, "216": 6.873363494873047, "217": 6.983886480331421, "218": 6.90387749671936, "219": 6.982083082199097, "220": 6.8817808628082275, "221": 6.9929211139678955, "222": 7.025753736495972, "223": 6.985875368118286, "224": 6.873937368392944, "225": 6.977806568145752, "226": 6.882392644882202, "227": 7.0368335247039795, "228": 6.992024898529053, "229": 6.991520404815674, "230": 6.912679195404053, "231": 7.076782464981079, "232": 6.879181385040283, "233": 6.986410856246948, "234": 6.8811891078948975, "235": 6.899107217788696, "236": 6.789436340332031, "237": 7.03014063835144, "238": 6.883445739746094, "239": 6.974813222885132, "240": 6.907644748687744, "241": 7.010405540466309, "242": 6.902403831481934, "243": 6.990273952484131, "244": 6.977409362792969, "245": 6.894675254821777, "246": 7.231588125228882, "247": 6.98525333404541, "248": 6.916482210159302, "249": 6.904619932174683, "250": 6.993776798248291, "251": 6.882256984710693, "252": 7.031534433364868, "253": 6.884362697601318, "254": 6.906996250152588, "255": 6.882899522781372, "256": 6.893563985824585, "257": 7.083955764770508, "258": 6.888192892074585, "259": 6.913535118103027, "260": 6.992147922515869, "261": 6.892443656921387, "262": 7.0048136711120605, "263": 6.925211429595947, "264": 6.886995792388916, "265": 6.986641883850098, "266": 6.882528781890869, "267": 6.87864875793457, "268": 6.996572971343994, "269": 6.905825138092041, "270": 6.7909228801727295, "271": 6.872321128845215, "272": 6.875691175460815, "273": 7.2857630252838135, "274": 6.872908353805542, "275": 6.9871439933776855, "276": 6.976863861083984, "277": 6.884078502655029, "278": 6.976879358291626, "279": 6.90430760383606, "280": 6.876000642776489, "281": 6.891206502914429, "282": 6.895674705505371, "283": 6.982064962387085, "284": 6.896746397018433, "285": 7.190246105194092, "286": 6.992433309555054, "287": 6.976150035858154, "288": 7.00276517868042, "289": 6.881980895996094, "290": 6.874259948730469, "291": 6.995863199234009, "292": 6.989545106887817, "293": 6.983313322067261, "294": 6.9858012199401855, "295": 7.081739187240601, "296": 6.981252193450928, "297": 6.87009859085083, "298": 6.874431371688843, "299": 6.878342390060425, "300": 6.8938889503479, "301": 6.918781518936157, "302": 7.018172979354858, "303": 6.9002625942230225, "304": 6.883710145950317, "305": 6.932705640792847, "306": 6.883058309555054, "307": 6.883193254470825, "308": 6.89476752281189, "309": 6.885392665863037, "310": 7.00158166885376, "311": 6.982686281204224,