{"1": 130.82713150978088, "2": 76.06203627586365, "3": 41.50052833557129, "4": 7.109596252441406, "5": 7.003444671630859, "6": 7.004126071929932, "7": 8.319883346557617, "8": 7.990429162979126, "9": 7.18713903427124, "10": 7.090918064117432, "11": 7.083930492401123, "12": 7.087069749832153, "13": 7.08772611618042, "14": 7.391544580459595, "15": 7.096214294433594, "16": 7.082279443740845, "17": 7.0985283851623535, "18": 6.9833972454071045, "19": 7.088899374008179, "20": 7.003992319107056, "21": 6.995530843734741, "22": 7.091196775436401, "23": 7.084059476852417, "24": 7.097062587738037, "25": 6.998112678527832, "26": 6.988919496536255, "27": 7.097103118896484, "28": 6.997842311859131, "29": 6.989719390869141, "30": 6.989416837692261, "31": 6.982729196548462, "32": 7.078801155090332, "33": 7.074373722076416, "34": 6.983280181884766, "35": 7.091760158538818, "36": 7.011220216751099, "37": 7.287909746170044, "38": 7.100449085235596, "39": 7.016112327575684, "40": 6.97560977935791, "41": 7.086958885192871, "42": 7.099391460418701, "43": 7.04800009727478, "44": 6.987752914428711, "45": 7.13106632232666, "46": 7.088380336761475, "47": 7.08803915977478, "48": 7.089371681213379, "49": 7.098322868347168, "50": 7.088438034057617, "51": 7.1831395626068115, "52": 7.1072163581848145, "53": 7.0358452796936035, "54": 6.991731643676758, "55": 7.081357479095459, "56": 6.986628532409668, "57": 6.9877095222473145, "58": 7.2035157680511475, "59": 7.110969543457031, "60": 7.277543783187866, "61": 7.185931205749512, "62": 7.107501983642578, "63": 6.9803948402404785, "64": 7.082513093948364, "65": 7.08224081993103, "66": 6.978678226470947, "67": 7.088090658187866, "68": 6.9880757331848145, "69": 7.183067798614502, "70": 7.074993133544922, "71": 6.994586229324341, "72": 6.9964354038238525, "73": 7.096166133880615, "74": 7.0092995166778564, "75": 7.093744277954102, "76": 7.001719951629639, "77": 7.187629699707031, "78": 6.981420993804932, "79": 7.097760915756226, "80": 7.088201999664307, "81": 7.114934682846069, "82": 7.0269622802734375, "83": 7.443000078201294, "84": 7.099798917770386, "85": 6.9767279624938965, "86": 7.079114675521851, "87": 7.016348123550415, "88": 7.139348268508911, "89": 7.093764781951904, "90": 7.095763921737671, "91": 7.004494667053223, "92": 7.235670328140259, "93": 7.091196537017822, "94": 7.106951475143433, "95": 7.086929798126221, "96": 7.0778889656066895, "97": 7.192792654037476, "98": 7.0790300369262695, "99": 7.032851934432983, "100": 7.095968961715698}