{"1": 56.08589768409729, "2": 25.363773584365845, "3": 35.01905655860901, "4": 27.555383920669556, "5": 30.37222456932068, "6": 41.4241418838501, "7": 6.988613128662109, "8": 6.988765478134155, "9": 7.317697525024414, "10": 8.252402067184448, "11": 6.98636531829834, "12": 6.876575231552124, "13": 7.837878704071045, "14": 6.992143154144287, "15": 6.996057748794556, "16": 7.016830682754517, "17": 6.870442628860474, "18": 6.989457607269287, "19": 6.841814279556274, "20": 7.183781623840332, "21": 6.877087831497192, "22": 6.893916368484497, "23": 6.876068830490112, "24": 6.976691961288452, "25": 7.007330417633057, "26": 6.884349346160889, "27": 6.7964746952056885, "28": 6.868573427200317, "29": 6.994266986846924, "30": 6.872992992401123, "31": 6.888125896453857, "32": 7.0064778327941895, "33": 6.867488145828247, "34": 6.887693881988525, "35": 6.880336046218872, "36": 7.084815740585327, "37": 6.882673978805542, "38": 6.908127307891846, "39": 6.917996168136597, "40": 6.883019208908081, "41": 6.896258592605591, "42": 6.797023057937622, "43": 6.881141662597656, "44": 7.302508115768433, "45": 6.898051023483276, "46": 6.896810531616211, "47": 6.8781328201293945, "48": 6.9929704666137695, "49": 6.8256516456604, "50": 6.88543701171875, "51": 7.106433629989624, "52": 7.893231630325317, "53": 6.884865999221802, "54": 6.898219347000122, "55": 6.893764019012451, "56": 6.988367319107056, "57": 6.8806068897247314, "58": 6.792989730834961, "59": 6.916658163070679, "60": 6.884354591369629, "61": 6.8806843757629395, "62": 7.104655742645264, "63": 6.870006561279297, "64": 6.988111972808838, "65": 6.909635543823242, "66": 6.77577543258667, "67": 7.230302095413208, "68": 6.87724757194519, "69": 6.900232553482056, "70": 6.92074728012085, "71": 6.894952774047852, "72": 6.879740953445435, "73": 6.975112438201904, "74": 6.77209210395813, "75": 6.98881983757019, "76": 6.885243892669678, "77": 6.876260280609131, "78": 6.89934229850769, "79": 7.227222681045532, "80": 6.897701263427734, "81": 6.8750340938568115, "82": 6.972866535186768, "83": 7.106283664703369, "84": 6.791187763214111, "85": 6.870330333709717, "86": 6.948342800140381, "87": 6.880552768707275, "88": 6.817636489868164, "89": 6.880180597305298, "90": 6.777682065963745, "91": 7.195339679718018, "92": 6.795496702194214, "93": 6.9262213706970215, "94": 6.90647292137146, "95": 6.774167060852051, "96": 6.881601572036743, "97": 6.878073692321777, "98": 6.775512218475342, "99": 6.975868225097656, "100": 6.872409105300903}