{"1": 179.2012424468994, "2": 28.489994764328003, "3": 41.60209560394287, "4": 7.195449590682983, "5": 7.209202289581299, "6": 7.299186944961548, "7": 7.370923280715942, "8": 7.094109296798706, "9": 7.193802118301392, "10": 7.1058080196380615, "11": 7.090203523635864, "12": 7.1802895069122314, "13": 7.282625675201416, "14": 7.10068416595459, "15": 7.19421124458313, "16": 7.196284532546997, "17": 7.209160804748535, "18": 8.042850732803345, "19": 8.777868509292603, "20": 8.442816019058228, "21": 7.250386714935303, "22": 7.12380576133728, "23": 7.201423406600952, "24": 7.106033802032471, "25": 7.085223197937012, "26": 7.197636127471924, "27": 7.213041305541992, "28": 7.186236143112183, "29": 7.2019360065460205, "30": 7.196311950683594, "31": 7.180756568908691, "32": 7.107482671737671, "33": 7.101529121398926, "34": 7.20156455039978, "35": 7.189661264419556, "36": 7.094011545181274, "37": 7.081161737442017, "38": 7.307372570037842, "39": 7.2308509349823, "40": 7.43203067779541, "41": 7.140704870223999, "42": 7.228255271911621, "43": 7.187794208526611, "44": 7.2347800731658936, "45": 7.193759202957153, "46": 7.279363393783569, "47": 7.089833736419678, "48": 7.109269380569458, "49": 7.096984148025513, "50": 7.193999767303467, "51": 7.212871074676514, "52": 7.085573196411133, "53": 7.290002822875977, "54": 7.238058090209961, "55": 7.090126037597656, "56": 7.294837474822998, "57": 7.184290647506714, "58": 7.186983346939087, "59": 7.200523376464844, "60": 7.187809228897095, "61": 7.083656549453735, "62": 7.198090076446533, "63": 7.534855127334595, "64": 7.305739164352417, "65": 7.20235538482666, "66": 7.198598861694336, "67": 7.203268766403198, "68": 7.1203858852386475, "69": 7.0828635692596436, "70": 7.101424932479858, "71": 7.3809919357299805, "72": 7.297713756561279, "73": 7.099278688430786, "74": 7.078936338424683, "75": 7.110871315002441, "76": 7.1740639209747314, "77": 7.1906023025512695, "78": 7.20732569694519, "79": 7.105154037475586, "80": 7.19157862663269, "81": 7.1835572719573975, "82": 7.192187547683716, "83": 7.106383800506592, "84": 7.091285228729248, "85": 7.296308994293213, "86": 7.516154050827026, "87": 7.190578937530518, "88": 7.177642822265625, "89": 7.196768522262573, "90": 7.118298768997192, "91": 7.180593729019165, "92": 7.190965890884399, "93": 7.194714784622192, "94": 7.202329397201538, "95": 7.313816070556641, "96": 7.288497686386108, "97": 7.196136951446533, "98": 7.185331583023071, "99": 7.289213180541992, "100": 7.082210540771484}