{"1": 170.65897226333618, "2": 41.5683810710907, "3": 6.899016857147217, "4": 6.774241209030151, "5": 6.770420551300049, "6": 6.893307447433472, "7": 6.787709712982178, "8": 6.7782416343688965, "9": 6.777559041976929, "10": 6.693091869354248, "11": 6.777400255203247, "12": 6.687294244766235, "13": 6.673044443130493, "14": 6.662893056869507, "15": 6.786547660827637, "16": 6.698940992355347, "17": 6.669476270675659, "18": 6.676802635192871, "19": 6.678930759429932, "20": 6.693777799606323, "21": 6.667999505996704, "22": 6.581176996231079, "23": 6.66471791267395, "24": 6.672157526016235, "25": 6.782794952392578, "26": 6.585541248321533, "27": 6.8883020877838135, "28": 6.592705726623535, "29": 6.822983503341675, "30": 7.687548637390137, "31": 6.793794870376587, "32": 6.67039155960083, "33": 6.776678800582886, "34": 6.672295331954956, "35": 6.685410022735596, "36": 6.689523696899414, "37": 6.687443256378174, "38": 6.67047905921936, "39": 6.697849750518799, "40": 6.686814785003662, "41": 6.662623643875122, "42": 6.686645269393921, "43": 6.684366703033447, "44": 6.774334192276001, "45": 6.782717704772949, "46": 6.702879428863525, "47": 6.771705150604248, "48": 6.61866307258606, "49": 6.767717123031616, "50": 6.66972541809082, "51": 6.664926052093506, "52": 6.674075126647949, "53": 6.751946449279785, "54": 6.707073926925659, "55": 6.8808534145355225, "56": 6.69784140586853, "57": 6.705961227416992, "58": 6.825647592544556, "59": 6.675809144973755, "60": 6.790783405303955, "61": 6.678754091262817, "62": 6.696403503417969, "63": 6.789722442626953, "64": 6.669520139694214, "65": 6.581114292144775, "66": 6.676699638366699, "67": 6.786080837249756, "68": 6.669397592544556, "69": 6.689714670181274, "70": 6.69233775138855, "71": 6.6797003746032715, "72": 6.673521041870117, "73": 6.594149351119995, "74": 6.785845041275024, "75": 6.673523664474487, "76": 6.57648229598999, "77": 6.681155204772949, "78": 6.697864294052124, "79": 6.904867172241211, "80": 6.678629636764526, "81": 6.676558971405029, "82": 6.667825698852539, "83": 6.719293594360352, "84": 6.692829847335815, "85": 6.713350296020508, "86": 6.777640342712402, "87": 6.688646078109741, "88": 6.810223817825317, "89": 6.586113929748535, "90": 6.773225545883179, "91": 6.672436475753784, "92": 6.704127073287964, "93": 6.569438934326172, "94": 6.778344392776489, "95": 6.777664422988892, "96": 6.799920320510864, "97": 6.76268196105957, "98": 6.803704261779785, "99": 6.787160158157349, "100": 6.668757438659668}