{"1": 105.15775656700134, "2": 62.77545785903931, "3": 41.07352900505066, "4": 6.714514970779419, "5": 6.6852521896362305, "6": 6.710449695587158, "7": 6.785458087921143, "8": 6.680661678314209, "9": 6.674818277359009, "10": 6.577908754348755, "11": 6.625418186187744, "12": 6.571044445037842, "13": 6.570615530014038, "14": 6.5716657638549805, "15": 6.6748740673065186, "16": 7.154749393463135, "17": 7.704055309295654, "18": 6.681079864501953, "19": 6.917179822921753, "20": 6.564461946487427, "21": 6.575886487960815, "22": 6.701205492019653, "23": 6.909941911697388, "24": 6.674502372741699, "25": 6.675325870513916, "26": 6.574437856674194, "27": 6.685288906097412, "28": 6.78008770942688, "29": 6.767762660980225, "30": 6.588953495025635, "31": 6.704096078872681, "32": 6.5725438594818115, "33": 6.59374737739563, "34": 6.784788131713867, "35": 6.669994831085205, "36": 6.798386335372925, "37": 6.768997669219971, "38": 6.7132604122161865, "39": 6.794822931289673, "40": 6.700598239898682, "41": 6.700017690658569, "42": 6.699665069580078, "43": 6.792737245559692, "44": 6.898285627365112, "45": 7.140661954879761, "46": 6.878153085708618, "47": 6.7801313400268555, "48": 6.697637319564819, "49": 6.832247734069824, "50": 6.671266317367554, "51": 6.780175447463989, "52": 6.67748761177063, "53": 6.794011831283569, "54": 6.781990051269531, "55": 6.771704196929932, "56": 6.706867933273315, "57": 6.56637167930603, "58": 6.679285764694214, "59": 6.784908056259155, "60": 6.765700340270996, "61": 6.711520195007324, "62": 6.705508470535278, "63": 6.783434867858887, "64": 6.681039810180664, "65": 6.676449298858643, "66": 6.671253681182861, "67": 6.774359464645386, "68": 6.968017339706421, "69": 6.811519384384155, "70": 6.6799635887146, "71": 6.6719629764556885, "72": 6.772037029266357, "73": 6.678831577301025, "74": 6.6798481941223145, "75": 6.789911985397339, "76": 6.781676530838013, "77": 6.677693843841553, "78": 6.805690765380859, "79": 6.72356915473938, "80": 6.6905200481414795, "81": 6.732320785522461, "82": 6.702287673950195, "83": 6.812412738800049, "84": 6.787066698074341, "85": 6.687259912490845, "86": 6.667971849441528, "87": 6.8188722133636475, "88": 6.676452875137329, "89": 6.677793264389038, "90": 6.675575017929077, "91": 6.670623302459717, "92": 6.917879581451416, "93": 6.780519247055054, "94": 6.664917469024658, "95": 6.774305820465088, "96": 6.673295736312866, "97": 6.6805949211120605, "98": 6.7765281200408936, "99": 6.816628456115723, "100": 6.67494797706604}