{"1": 98.74181628227234, "2": 55.24594020843506, "3": 41.4630024433136, "4": 6.902015209197998, "5": 6.878957271575928, "6": 7.091320991516113, "7": 6.719522714614868, "8": 6.8253161907196045, "9": 6.984937429428101, "10": 7.170050382614136, "11": 7.099552154541016, "12": 7.003217458724976, "13": 6.784909009933472, "14": 6.78500509262085, "15": 6.718412637710571, "16": 6.795860290527344, "17": 6.667935609817505, "18": 6.9171764850616455, "19": 6.799072742462158, "20": 6.870826959609985, "21": 6.797973871231079, "22": 6.690011262893677, "23": 6.779547691345215, "24": 6.772125244140625, "25": 6.882848262786865, "26": 6.80311393737793, "27": 6.723833322525024, "28": 6.88238000869751, "29": 6.67751145362854, "30": 6.780421733856201, "31": 6.674698114395142, "32": 6.902953147888184, "33": 6.81444239616394, "34": 6.791065692901611, "35": 6.925614595413208, "36": 6.987117290496826, "37": 6.788429260253906, "38": 6.897324800491333, "39": 6.804010391235352, "40": 6.888479471206665, "41": 6.886031627655029, "42": 8.092226266860962, "43": 6.699216365814209, "44": 6.782044410705566, "45": 6.923075437545776, "46": 6.800066709518433, "47": 6.780520439147949, "48": 7.000994920730591, "49": 6.88209867477417, "50": 6.778746128082275, "51": 6.775926351547241, "52": 6.791363716125488, "53": 6.768598794937134, "54": 6.915424585342407, "55": 6.875055551528931, "56": 6.869532346725464, "57": 6.8777101039886475, "58": 6.7756476402282715, "59": 7.096679449081421, "60": 6.886414051055908, "61": 6.778686761856079, "62": 6.919901132583618, "63": 6.894561529159546, "64": 6.981572389602661, "65": 6.878628492355347, "66": 6.895373344421387, "67": 6.891349792480469, "68": 6.972355604171753, "69": 6.884263515472412, "70": 6.880764961242676, "71": 6.896806001663208, "72": 6.779068946838379, "73": 6.7663233280181885, "74": 6.795419454574585, "75": 6.926631450653076, "76": 6.87361741065979, "77": 6.781040191650391, "78": 6.8748040199279785, "79": 6.903435707092285, "80": 6.686303615570068, "81": 6.815606594085693, "82": 6.767174959182739, "83": 7.103698968887329, "84": 6.784295558929443, "85": 6.7806878089904785, "86": 6.7765936851501465, "87": 6.984443426132202, "88": 6.884835720062256, "89": 6.910127639770508, "90": 6.920395612716675, "91": 6.881067752838135, "92": 6.7876152992248535, "93": 6.821688413619995, "94": 6.787602186203003, "95": 6.871493816375732, "96": 6.774102449417114, "97": 6.772857904434204, "98": 6.773174047470093, "99": 6.7685980796813965, "100": 6.886477470397949}