{"1": 48.18853449821472, "2": 16.360042810440063, "3": 16.74971842765808, "4": 17.348220825195312, "5": 17.96356773376465, "6": 18.26110053062439, "7": 18.86290144920349, "8": 19.07821536064148, "9": 19.268540143966675, "10": 19.300085306167603, "11": 19.66953730583191, "12": 19.790236711502075, "13": 19.67300295829773, "14": 19.89713978767395, "15": 19.8777015209198, "16": 19.968956232070923, "17": 19.969902276992798, "18": 20.48988699913025, "19": 20.06732153892517, "20": 19.977200746536255, "21": 20.07125163078308, "22": 20.577969789505005, "23": 20.379932641983032, "24": 20.17636799812317, "25": 20.276348114013672, "26": 20.07391905784607, "27": 20.179712057113647, "28": 20.290562391281128, "29": 20.278510570526123, "30": 20.18153715133667, "31": 20.369853258132935, "32": 20.280112981796265, "33": 21.50814461708069, "34": 20.48184847831726, "35": 20.49936842918396, "36": 22.097280263900757, "37": 20.4743435382843, "38": 20.578718900680542, "39": 20.58316946029663, "40": 20.37880563735962, "41": 20.48268699645996, "42": 20.573976516723633, "43": 20.37208366394043, "44": 20.576424598693848, "45": 20.573508739471436, "46": 20.67859148979187, "47": 20.975394248962402, "48": 20.275840997695923, "49": 20.27399492263794, "50": 21.087512016296387, "51": 20.501646280288696, "52": 22.485289812088013, "53": 20.78099036216736, "54": 20.677404403686523, "55": 20.576770544052124, "56": 20.379701614379883, "57": 20.789095640182495, "58": 20.270734310150146, "59": 20.890296936035156, "60": 20.678956270217896, "61": 20.379845142364502, "62": 20.377523183822632, "63": 20.681756019592285, "64": 20.703943490982056, "65": 20.775137424468994, "66": 20.779236316680908, "67": 20.373630046844482, "68": 20.475886344909668, "69": 20.573764324188232, "70": 20.570495128631592, "71": 20.784270524978638, "72": 20.673221826553345, "73": 20.77964472770691, "74": 20.57301616668701, "75": 20.47011423110962, "76": 20.67526412010193, "77": 20.679357767105103, "78": 20.78898525238037, "79": 20.97818374633789, "80": 20.370771408081055, "81": 20.596027135849, "82": 20.47303009033203, "83": 20.375919342041016, "84": 20.67254400253296, "85": 20.478106260299683, "86": 20.67560338973999, "87": 20.675971746444702, "88": 20.574145555496216, "89": 20.671504735946655, "90": 20.783206462860107, "91": 20.69046449661255, "92": 20.775108814239502, "93": 20.672014474868774, "94": 20.672625064849854, "95": 20.66895341873169, "96": 20.681264877319336, "97": 20.78317403793335, "98": 20.388685703277588, "99": 20.779950380325317, "100": 20.684794187545776, "101": 20.58646059036255, "102": 20.677627086639404, "103": 20.475614070892334, "104": 20.882193088531494, "105": 20.8813579082489, "106": 20.587024927139282, "107": 20.770947694778442, "108": 20.576295852661133, "109": 21.17999291419983, "110": 22.721558332443237, "111": 24.618075609207153, "112": 21.08007526397705, "113": 22.29269027709961, "114": 20.879084587097168, "115": 20.778679847717285, "116": 21.093531131744385, "117": 20.979218006134033, "118": 21.074888944625854, "119": 20.90321445465088, "120": 21.19331431388855, "121": 20.779218435287476, "122": 20.877861499786377, "123": 21.48833680152893, "124": 21.17683458328247, "125": 20.585419178009033, "126": 20.778424739837646, "127": 20.887300729751587, "128": 21.27184796333313, "129": 20.889539003372192, "130": 20.874879360198975, "131": 20.684664249420166, "132": 20.77895736694336, "133": 20.98622488975525, "134": 20.678836345672607, "135": 20.831767320632935, "136": 21.64543843269348, "137": 21.097217082977295, "138": 21.19758939743042, "139": 20.693487644195557, "140": 20.977651119232178, "141": 20.617993593215942, "142": 20.781285762786865, "143": 20.6265606880188, "144": 20.983760356903076, "145": 20.97963833808899, "146": 20.88252854347229, "147": 20.772711992263794, "148": 21.098445892333984, "149": 21.08157730102539, "150": 21.085524082183838, "151": 20.59518599510193, "152": 20.98152446746826, "153": 20.670168161392212, "154": 20.581833362579346, "155": 20.672090768814087, "156": 20.780582427978516, "157": 21.006406784057617, "158": 20.797595262527466, "159": 20.67804765701294, "160": 21.013919353485107, "161": 20.882418155670166, "162": 20.782824754714966, "163": 20.684122323989868, "164": 21.08670687675476, "165": 21.00441575050354, "166": 20.79924249649048, "167": 20.877806425094604, "168": 21.38427186012268, "169": 20.695128917694092, "170": 20.81353497505188, "171": 20.673020601272583, "172": 20.882278203964233, "173": 20.601462364196777, "174": 20.67194175720215, "175": 20.572970390319824, "176": 21.083221435546875, "177": 20.875187397003174, "178": 21.08462882041931, "179": 20.574658632278442, "180": 20.790051221847534, "181": 20.78045129776001, "182": 20.792967319488525, "183": 20.888466835021973, "184": 20.989724159240723, "185": 20.69643235206604, "186": 20.512008666992188, "187": 20.68186044692993, "188": 20.692172050476074, "189": 20.98282814025879, "190": 20.990168571472168, "191": 20.677427768707275, "192": 21.80084729194641, "193": 20.793021202087402, "194": 20.581501245498657, "195": 20.781482934951782, "196": 20.8880512714386, "197": 20.87334179878235, "198": 20.779215097427368, "199": 20.782147884368896, "200": 20.899624824523926, "201": 20.781012296676636, "202": 21.182487964630127, "203": 20.994977474212646, "204": 20.579872131347656, "205": 20.880810499191284, "206": 20.690126419067383, "207": 20.785112380981445, "208": 21.082672357559204, "209": 20.979474544525146, "210": 20.695331573486328, "211": 20.9775288105011, "212": 20.77716636657715, "213": 20.98001217842102, "214": 20.679009437561035, "215": 20.885602712631226, "216": 20.891725540161133, "217": 20.80353856086731, "218": 21.318041563034058, "219": 20.585613250732422, "220": 20.774893522262573, "221": 20.78206968307495, "222": 20.781371116638184, "223": 20.974756956100464, "224": 20.68420672416687, "225": 20.875871419906616, "226": 20.67519497871399, "227": 20.891180753707886, "228": 20.678460836410522, "229": 21.181387424468994, "230": 20.877530336380005, "231": 20.577551126480103, "232": 20.808446645736694, "233": 21.19435977935791, "234": 20.685171127319336, "235": 20.8859384059906, "236": 20.772483110427856, "237": 20.67777729034424, "238": 20.779905080795288, "239": 20.61469006538391, "240": 20.903928756713867, "241": 21.095637559890747, "242": 21.082880973815918, "243": 21.283597230911255, "244": 20.68735384941101, "245": 20.882407665252686, "246": 20.77656316757202, "247": 20.970539093017578, "248": 20.88343620300293, "249": 21.195815086364746, "250": 20.5721914768219, "251": 20.574546337127686, "252": 20.77135682106018, "253": 20.881474256515503, "254": 21.1796236038208, "255": 20.57453227043152, "256": 20.606016635894775, "257": 20.883123636245728, "258": 20.899739265441895, "259": 20.684284210205078, "260": 20.476188898086548, "261": 20.877663612365723, "262": 20.87646722793579, "263": 20.68215322494507, "264": 20.796948671340942, "265": 21.1767897605896, "266": 20.68069314956665, "267": 20.584012985229492, "268": 20.67703914642334, "269": 20.69473886489868, "270": 20.770307064056396, "271": 21.501132488250732, "272": 23.5405535697937, "273": 21.28724718093872, "274": 20.66851019859314, "275": 20.884215593338013, "276": 20.78148078918457, "277": 20.878039121627808, "278": 20.884963512420654, "279": 20.673500061035156, "280": 21.088961362838745, "281": 20.978726387023926, "282": 21.179518222808838, "283": 20.778612852096558, "284": 20.87787103652954, "285": 20.87852430343628, "286": 20.677873373031616, "287": 20.673531532287598, "288": 20.574984312057495, "289": 21.08815097808838, "290": 20.672698736190796, "291": 20.995646238327026, "292": 20.775296688079834, "293": 20.77513027191162, "294": 20.673255681991577, "295": 20.779163122177124, "296": 21.001020193099976, "297": 21.201507806777954, "298": 20.920740604400635, "299": 20.676252603530884, "300": 20.97537660598755, "301": 20.475725173950195, "302": 20.67776370048523, "303": 20.79195523262024, "304": 20.883441925048828,