{"1": 117.4013843536377, "2": 111.65777444839478, "3": 98.26582789421082, "4": 64.36054921150208, "5": 21.48665165901184, "6": 21.79929780960083, "7": 21.173704624176025, "8": 20.879220247268677, "9": 20.78740882873535, "10": 20.786208391189575, "11": 21.075327157974243, "12": 20.882383108139038, "13": 20.88026714324951, "14": 21.095994472503662, "15": 20.677154064178467, "16": 20.978819847106934, "17": 21.0708270072937, "18": 20.68150758743286, "19": 20.77574396133423, "20": 20.677175045013428, "21": 20.987990140914917, "22": 21.097280502319336, "23": 21.194705724716187, "24": 20.87391948699951, "25": 20.786457777023315, "26": 20.98440909385681, "27": 20.78488540649414, "28": 21.38038730621338, "29": 20.682440042495728, "30": 21.2841739654541, "31": 20.873924016952515, "32": 21.282604455947876, "33": 20.674227237701416, "34": 20.682634592056274, "35": 20.874711751937866, "36": 20.88604736328125, "37": 20.783021211624146, "38": 20.979166507720947, "39": 20.87930417060852, "40": 20.583658933639526, "41": 20.874554872512817, "42": 20.78998565673828, "43": 20.872320652008057, "44": 20.584046840667725, "45": 20.891642570495605, "46": 20.990732192993164, "47": 20.981809616088867, "48": 20.87221622467041, "49": 20.87084412574768, "50": 20.87214946746826, "51": 20.78393864631653, "52": 20.683677196502686, "53": 20.6943142414093, "54": 21.384825468063354, "55": 20.687988758087158, "56": 20.675910472869873, "57": 20.87556290626526, "58": 20.87817072868347, "59": 20.690395832061768, "60": 20.872239112854004, "61": 20.691519498825073, "62": 21.28290843963623, "63": 20.679365158081055, "64": 20.78056240081787, "65": 20.579479694366455, "66": 20.68280553817749, "67": 20.67981219291687, "68": 20.477946996688843, "69": 20.574182748794556, "70": 21.38502025604248, "71": 20.977672576904297, "72": 21.17302966117859, "73": 21.17684841156006, "74": 20.67827868461609, "75": 20.585206985473633, "76": 20.76949167251587, "77": 20.88204526901245, "78": 21.18099069595337, "79": 20.771734714508057, "80": 20.98788356781006, "81": 20.472339153289795, "82": 20.661269426345825, "83": 20.98862648010254, "84": 20.667335510253906, "85": 20.688801527023315, "86": 20.990505933761597, "87": 20.582375049591064, "88": 20.67145800590515, "89": 20.477701425552368, "90": 20.590457916259766, "91": 20.58300495147705, "92": 20.784376859664917, "93": 20.779451370239258, "94": 21.182671308517456, "95": 20.586416244506836, "96": 20.68537449836731, "97": 20.694536685943604, "98": 20.7696053981781, "99": 20.574735164642334, "100": 20.774389028549194}