{"1": 92.43999767303467, "2": 67.19678330421448, "3": 69.46932339668274, "4": 67.12641835212708, "5": 67.27212738990784, "6": 18.68592882156372, "7": 72.93397927284241, "8": 22.393115997314453, "9": 22.383071422576904, "10": 21.989648818969727, "11": 21.604096174240112, "12": 21.690601110458374, "13": 21.59417724609375, "14": 21.497451543807983, "15": 21.291783571243286, "16": 21.384786367416382, "17": 21.687588214874268, "18": 21.712141752243042, "19": 21.284637212753296, "20": 21.493939876556396, "21": 21.4118595123291, "22": 21.381449937820435, "23": 21.473830223083496, "24": 21.578903675079346, "25": 21.98771905899048, "26": 21.283741235733032, "27": 21.289235591888428, "28": 21.091811656951904, "29": 21.28322744369507, "30": 21.081233024597168, "31": 21.382100105285645, "32": 21.578004121780396, "33": 21.27664279937744, "34": 21.283679485321045, "35": 21.305612564086914, "36": 21.32286763191223, "37": 21.48628044128418, "38": 21.395959615707397, "39": 21.382699966430664, "40": 21.676896333694458, "41": 21.185848474502563, "42": 21.287013292312622, "43": 21.278493881225586, "44": 21.08251690864563, "45": 21.373510599136353, "46": 21.086091995239258, "47": 22.479257345199585, "48": 21.792317867279053, "49": 21.27101707458496, "50": 21.278958797454834, "51": 21.1735622882843, "52": 21.38819694519043, "53": 21.385146141052246, "54": 21.288490056991577, "55": 21.59462857246399, "56": 21.792959213256836, "57": 21.39116144180298, "58": 21.383068799972534, "59": 21.4844229221344, "60": 21.28866410255432, "61": 21.38898730278015, "62": 21.385996341705322, "63": 21.380182027816772, "64": 22.911526203155518, "65": 21.324530363082886, "66": 21.1832275390625, "67": 21.27516269683838, "68": 21.38428831100464, "69": 21.389270067214966, "70": 21.390732526779175, "71": 21.374938249588013, "72": 21.593477487564087, "73": 21.48025107383728, "74": 21.58188557624817, "75": 21.4156596660614, "76": 21.88957381248474, "77": 21.48243474960327, "78": 21.58012557029724, "79": 22.080753803253174, "80": 21.484248399734497, "81": 21.484975337982178, "82": 21.821940183639526, "83": 21.4892680644989, "84": 21.38542413711548, "85": 21.59895634651184, "86": 21.485419988632202, "87": 22.390904188156128, "88": 21.79366445541382, "89": 21.891764402389526, "90": 21.483495473861694, "91": 21.88497829437256, "92": 21.39798617362976, "93": 21.780930519104004, "94": 21.497385263442993, "95": 21.981016397476196, "96": 22.81691336631775, "97": 22.299110651016235, "98": 21.4913227558136, "99": 21.524718523025513, "100": 21.7898588180542}