{"1": 464.3574221134186, "2": 78.01320481300354, "3": 22.303857564926147, "4": 22.296833753585815, "5": 22.09247922897339, "6": 22.112430572509766, "7": 22.09093689918518, "8": 22.08238196372986, "9": 22.360149145126343, "10": 22.207468271255493, "11": 21.986303091049194, "12": 21.784162998199463, "13": 21.80675768852234, "14": 21.995346069335938, "15": 21.785928964614868, "16": 21.782247066497803, "17": 21.886424779891968, "18": 22.10416603088379, "19": 22.091553211212158, "20": 21.685137271881104, "21": 21.709086656570435, "22": 21.808777570724487, "23": 21.687739610671997, "24": 21.687485933303833, "25": 21.692164659500122, "26": 21.98674774169922, "27": 21.889004707336426, "28": 21.711500644683838, "29": 21.80350685119629, "30": 21.793842792510986, "31": 21.790098905563354, "32": 21.88790512084961, "33": 21.782631397247314, "34": 21.893974542617798, "35": 21.58074164390564, "36": 21.688417196273804, "37": 21.685232639312744, "38": 21.807822465896606, "39": 21.5947847366333, "40": 22.392367124557495, "41": 21.698243618011475, "42": 21.795952320098877, "43": 21.600525379180908, "44": 21.391995191574097, "45": 21.79048204421997, "46": 21.593337535858154, "47": 21.612486600875854, "48": 21.491645336151123, "49": 21.511383056640625, "50": 21.284157276153564, "51": 21.49193811416626, "52": 21.48273015022278, "53": 21.580751419067383, "54": 21.520965814590454, "55": 21.298338413238525, "56": 21.586325883865356, "57": 21.808967113494873, "58": 21.496882677078247, "59": 21.481057167053223, "60": 21.493532180786133, "61": 21.58523416519165, "62": 21.603180408477783, "63": 21.491222143173218, "64": 21.190544605255127, "65": 21.383395433425903, "66": 21.48591113090515, "67": 21.48524522781372, "68": 22.384599924087524, "69": 21.487295866012573, "70": 21.694626331329346, "71": 21.684816360473633, "72": 21.588881731033325, "73": 21.31023621559143, "74": 21.480997562408447, "75": 21.287824392318726, "76": 21.391343355178833, "77": 21.378433227539062, "78": 21.287015199661255, "79": 21.490601539611816, "80": 21.18840193748474, "81": 21.189631700515747, "82": 21.2819721698761, "83": 21.48333978652954, "84": 21.295634984970093, "85": 21.079007148742676, "86": 21.38583993911743, "87": 21.182404041290283, "88": 20.98363709449768, "89": 21.103715419769287, "90": 21.2955322265625, "91": 21.090436458587646, "92": 21.08030343055725, "93": 20.78520107269287, "94": 21.08327889442444, "95": 21.094663619995117, "96": 21.189570426940918, "97": 20.878423929214478, "98": 20.976154327392578, "99": 21.192283868789673, "100": 21.002824783325195}