{"1": 97.14184379577637, "2": 74.97150039672852, "3": 80.33069610595703, "4": 73.12700390815735, "5": 28.141541957855225, "6": 69.84224891662598, "7": 21.18208622932434, "8": 21.09281635284424, "9": 20.77889895439148, "10": 20.59630274772644, "11": 21.482088804244995, "12": 20.786904096603394, "13": 20.574420928955078, "14": 20.679486751556396, "15": 20.47729802131653, "16": 20.380420446395874, "17": 20.476250886917114, "18": 20.38075351715088, "19": 20.377904891967773, "20": 20.48795747756958, "21": 21.291406393051147, "22": 20.380779266357422, "23": 20.271093130111694, "24": 20.47957491874695, "25": 20.477617263793945, "26": 20.080650806427002, "27": 20.067216157913208, "28": 20.68984079360962, "29": 20.278855800628662, "30": 20.78089451789856, "31": 20.27053952217102, "32": 20.57955813407898, "33": 20.284907579421997, "34": 20.174901723861694, "35": 20.085269451141357, "36": 20.87073278427124, "37": 20.272486209869385, "38": 20.472827911376953, "39": 20.38053560256958, "40": 20.172189712524414, "41": 20.377338886260986, "42": 20.370919227600098, "43": 20.280866622924805, "44": 20.797598361968994, "45": 20.487783193588257, "46": 20.180570602416992, "47": 20.417797327041626, "48": 20.283629417419434, "49": 20.693784475326538, "50": 20.36949324607849, "51": 20.40515899658203, "52": 20.678407192230225, "53": 20.488780975341797, "54": 20.594029903411865, "55": 20.494163990020752, "56": 20.3785617351532, "57": 20.47556233406067, "58": 20.477662563323975, "59": 20.470826148986816, "60": 20.477789163589478, "61": 20.797520637512207, "62": 20.566739797592163, "63": 20.775728702545166, "64": 20.479870796203613, "65": 20.49167799949646, "66": 20.482155084609985, "67": 20.582120418548584, "68": 20.677415132522583, "69": 20.982080936431885, "70": 21.29454755783081, "71": 20.915144443511963, "72": 20.79080367088318, "73": 20.994384050369263, "74": 20.891700267791748, "75": 20.691951990127563, "76": 20.881213426589966, "77": 21.486144542694092, "78": 21.572080612182617, "79": 20.982505559921265, "80": 20.977232456207275, "81": 20.973491668701172, "82": 21.077803373336792, "83": 21.219409704208374, "84": 21.308802604675293, "85": 21.39212441444397, "86": 21.18586564064026, "87": 21.380136013031006, "88": 21.291420459747314, "89": 21.405627489089966, "90": 21.278543710708618, "91": 21.482954025268555, "92": 21.30031943321228, "93": 21.582549571990967, "94": 21.186077117919922, "95": 21.58738923072815, "96": 21.189557313919067, "97": 21.48624587059021, "98": 21.27699303627014, "99": 21.584292888641357, "100": 22.590656280517578}