{"1": 306.98298382759094, "2": 64.59418630599976, "3": 21.091920375823975, "4": 21.983839511871338, "5": 20.78193235397339, "6": 20.592288970947266, "7": 20.682419538497925, "8": 20.47176766395569, "9": 20.884610652923584, "10": 20.28189754486084, "11": 20.383332014083862, "12": 20.070149898529053, "13": 20.277910947799683, "14": 20.3766872882843, "15": 20.177021265029907, "16": 20.368489503860474, "17": 20.78851294517517, "18": 20.373170614242554, "19": 20.370872259140015, "20": 20.278417825698853, "21": 20.180005073547363, "22": 20.281957387924194, "23": 20.173952341079712, "24": 20.175464630126953, "25": 20.27105140686035, "26": 20.668635845184326, "27": 20.173007249832153, "28": 20.075905084609985, "29": 20.073753833770752, "30": 20.374740839004517, "31": 20.18143606185913, "32": 20.27953553199768, "33": 20.180094003677368, "34": 20.273563146591187, "35": 20.17762017250061, "36": 20.178462505340576, "37": 20.17322015762329, "38": 20.272031545639038, "39": 19.969568729400635, "40": 20.380324840545654, "41": 20.276915073394775, "42": 20.67849850654602, "43": 20.307414054870605, "44": 20.070752382278442, "45": 20.173394918441772, "46": 20.369680166244507, "47": 20.520854711532593, "48": 20.08399224281311, "49": 20.37862515449524, "50": 20.174981832504272, "51": 20.583924770355225, "52": 20.0694363117218, "53": 20.168652534484863, "54": 20.27404808998108, "55": 19.978546619415283, "56": 20.075268268585205, "57": 20.172651290893555, "58": 20.165437936782837, "59": 20.582319259643555, "60": 20.27599263191223, "61": 20.979045391082764, "62": 20.07492423057556, "63": 19.872236490249634, "64": 20.283011436462402, "65": 20.079046964645386, "66": 20.07227087020874, "67": 20.575968027114868, "68": 20.187228441238403, "69": 20.073794841766357, "70": 20.364980220794678, "71": 20.281416177749634, "72": 20.166486740112305, "73": 20.475488901138306, "74": 20.18050980567932, "75": 20.271201372146606, "76": 20.680361032485962, "77": 20.294901371002197, "78": 20.18029546737671, "79": 20.3739492893219, "80": 20.273127555847168, "81": 20.37624168395996, "82": 20.296167373657227, "83": 20.285375118255615, "84": 20.68084716796875, "85": 20.08087730407715, "86": 20.068281412124634, "87": 20.466264724731445, "88": 20.600514888763428, "89": 20.276576280593872, "90": 20.473697423934937, "91": 20.27090549468994, "92": 20.490891218185425, "93": 20.301263093948364, "94": 20.27617335319519, "95": 20.266608238220215, "96": 20.180169582366943, "97": 20.5731303691864, "98": 20.296110153198242, "99": 21.08381175994873, "100": 20.774467706680298}