{"1": 188.97513794898987, "2": 158.37662434577942, "3": 71.54593467712402, "4": 21.882591724395752, "5": 21.78622555732727, "6": 22.501296997070312, "7": 21.472841024398804, "8": 20.987090349197388, "9": 20.98620319366455, "10": 21.185556173324585, "11": 21.087058305740356, "12": 20.889957904815674, "13": 20.985117435455322, "14": 20.77913236618042, "15": 20.78401207923889, "16": 20.57448720932007, "17": 20.680041551589966, "18": 21.47885227203369, "19": 20.681928157806396, "20": 20.870990991592407, "21": 20.67566728591919, "22": 20.883201122283936, "23": 20.68112564086914, "24": 20.589524507522583, "25": 20.876534700393677, "26": 20.904905080795288, "27": 21.08479881286621, "28": 21.21526551246643, "29": 20.791061401367188, "30": 20.688770294189453, "31": 20.875924110412598, "32": 20.88346815109253, "33": 20.684502840042114, "34": 20.90531039237976, "35": 20.890851497650146, "36": 20.89048480987549, "37": 20.76835036277771, "38": 20.48875069618225, "39": 20.682203769683838, "40": 20.8691668510437, "41": 20.686391830444336, "42": 20.874019622802734, "43": 20.98486351966858, "44": 20.576368808746338, "45": 21.08018136024475, "46": 21.29821801185608, "47": 20.679884910583496, "48": 20.876951456069946, "49": 20.57111144065857, "50": 21.072606801986694, "51": 21.085344076156616, "52": 20.876757860183716, "53": 20.680667877197266, "54": 20.776753664016724, "55": 20.77361798286438, "56": 20.781768321990967, "57": 21.019897937774658, "58": 21.08009362220764, "59": 21.078656435012817, "60": 20.881707668304443, "61": 20.78601861000061, "62": 20.77724552154541, "63": 20.880969524383545, "64": 20.888304710388184, "65": 20.684588193893433, "66": 20.883708953857422, "67": 21.195210933685303, "68": 20.89818787574768, "69": 20.78028154373169, "70": 20.686729907989502, "71": 20.882925271987915, "72": 20.5879864692688, "73": 20.583762645721436, "74": 20.79253339767456, "75": 21.177966356277466, "76": 20.68798589706421, "77": 20.974245071411133, "78": 20.972772359848022, "79": 20.68367648124695, "80": 20.780240297317505, "81": 20.782169580459595, "82": 20.57447099685669, "83": 21.627155780792236, "84": 21.184568405151367, "85": 20.99595332145691, "86": 21.08630919456482, "87": 20.773404121398926, "88": 20.8771550655365, "89": 20.79073452949524, "90": 20.885417222976685, "91": 21.275015592575073, "92": 20.77601718902588, "93": 20.68424153327942, "94": 20.67255997657776, "95": 20.789215087890625, "96": 20.592943906784058, "97": 20.818837881088257, "98": 21.780219316482544, "99": 21.172154903411865, "100": 21.128946542739868}