{"1": 99.80625677108765, "2": 82.0120439529419, "3": 93.51347351074219, "4": 61.299121379852295, "5": 64.34319686889648, "6": 21.384329080581665, "7": 21.0745587348938, "8": 21.61006760597229, "9": 20.88006901741028, "10": 20.789185047149658, "11": 20.569125175476074, "12": 20.78123426437378, "13": 20.477673292160034, "14": 20.572290897369385, "15": 20.68782329559326, "16": 20.983330965042114, "17": 20.478232860565186, "18": 20.678407907485962, "19": 20.679522037506104, "20": 20.775062799453735, "21": 20.677852630615234, "22": 20.67513680458069, "23": 20.580225467681885, "24": 21.17832112312317, "25": 20.666433334350586, "26": 20.77731156349182, "27": 20.781951189041138, "28": 21.076632738113403, "29": 20.573611974716187, "30": 20.778839826583862, "31": 20.572365283966064, "32": 21.178526401519775, "33": 21.279168128967285, "34": 20.57899761199951, "35": 20.574214935302734, "36": 20.874719381332397, "37": 20.581174850463867, "38": 20.768938779830933, "39": 20.48099946975708, "40": 20.995251655578613, "41": 20.7809157371521, "42": 20.578745365142822, "43": 20.672557830810547, "44": 20.77849555015564, "45": 20.576911687850952, "46": 20.78603172302246, "47": 20.476461172103882, "48": 20.98665452003479, "49": 20.68114137649536, "50": 20.672980785369873, "51": 20.473094701766968, "52": 20.81718349456787, "53": 20.509687662124634, "54": 20.671878814697266, "55": 20.68660068511963, "56": 20.77505922317505, "57": 20.774486541748047, "58": 20.875460863113403, "59": 20.58469557762146, "60": 20.679280757904053, "61": 20.779528856277466, "62": 20.584734201431274, "63": 20.573704957962036, "64": 20.583285570144653, "65": 20.876478672027588, "66": 20.47714900970459, "67": 20.473758220672607, "68": 20.67331027984619, "69": 20.677762508392334, "70": 20.68699836730957, "71": 20.38866090774536, "72": 20.40928888320923, "73": 21.37632441520691, "74": 20.680516004562378, "75": 20.679688215255737, "76": 20.571131706237793, "77": 20.47710132598877, "78": 20.578917264938354, "79": 20.77312994003296, "80": 20.683497190475464, "81": 21.08739972114563, "82": 20.67174458503723, "83": 20.5801944732666, "84": 20.468913793563843, "85": 20.468811511993408, "86": 20.670680284500122, "87": 20.67364811897278, "88": 20.476564645767212, "89": 20.87623882293701, "90": 20.77276587486267, "91": 20.57209348678589, "92": 20.688579320907593, "93": 20.471712350845337, "94": 20.67805814743042, "95": 20.886438846588135, "96": 20.5834801197052, "97": 20.879480361938477, "98": 20.679442167282104, "99": 20.684072971343994, "100": 20.882280826568604}