{"1": 253.6436152458191, "2": 235.59265398979187, "3": 74.65017747879028, "4": 22.608031511306763, "5": 21.79937171936035, "6": 21.5786075592041, "7": 21.179091215133667, "8": 21.399603605270386, "9": 21.079315900802612, "10": 21.194876670837402, "11": 21.113739728927612, "12": 20.883090019226074, "13": 21.576410055160522, "14": 20.886212825775146, "15": 20.97299313545227, "16": 20.788257360458374, "17": 20.979278802871704, "18": 20.685157537460327, "19": 20.879122257232666, "20": 20.880918741226196, "21": 21.179548501968384, "22": 20.978859663009644, "23": 20.774236917495728, "24": 20.98443865776062, "25": 20.97544527053833, "26": 20.877892017364502, "27": 20.869067907333374, "28": 20.877990245819092, "29": 21.18389654159546, "30": 20.573655605316162, "31": 20.69397807121277, "32": 20.684812307357788, "33": 20.78037691116333, "34": 20.58763813972473, "35": 21.37257742881775, "36": 20.57657217979431, "37": 21.07632350921631, "38": 20.773242235183716, "39": 20.79909586906433, "40": 20.694608688354492, "41": 20.97453498840332, "42": 20.579429626464844, "43": 20.773281574249268, "44": 20.681573152542114, "45": 20.77278232574463, "46": 20.778039932250977, "47": 20.687004327774048, "48": 20.789288997650146, "49": 20.599610090255737, "50": 20.7753803730011, "51": 20.776625633239746, "52": 21.016940116882324, "53": 21.073469161987305, "54": 20.88089394569397, "55": 20.874048233032227, "56": 20.584875106811523, "57": 20.671694040298462, "58": 20.682355403900146, "59": 20.8775954246521, "60": 20.89638113975525, "61": 20.784732341766357, "62": 20.998345375061035, "63": 20.674497365951538, "64": 20.875426530838013, "65": 20.67478036880493, "66": 21.28540062904358, "67": 20.774136781692505, "68": 21.002624988555908, "69": 20.679084062576294, "70": 20.87692880630493, "71": 20.682148456573486, "72": 20.67438769340515, "73": 20.675354719161987, "74": 20.77463674545288, "75": 21.176209688186646, "76": 20.575817108154297, "77": 20.87755250930786, "78": 21.08849573135376, "79": 21.076098442077637, "80": 20.700353860855103, "81": 20.67254400253296, "82": 20.486982107162476, "83": 20.67423129081726, "84": 20.78646206855774, "85": 20.584304571151733, "86": 21.189324617385864, "87": 20.582197666168213, "88": 20.884097814559937, "89": 20.690210580825806, "90": 20.49827241897583, "91": 20.79075837135315, "92": 20.87295961380005, "93": 20.877860069274902, "94": 20.99018931388855, "95": 22.169297695159912, "96": 20.78058171272278, "97": 20.57669973373413, "98": 20.77628517150879, "99": 20.781260013580322, "100": 20.57552194595337}