{"0": {"1": {"metrics": {"client_number": 0, "loss": 0.012846661097826739, "accuracy": 0.7064653138272771}}, "2": {"metrics": {"client_number": 0, "synthetic_data_train_loss": 1.5046063684640825, "synthetic_data_train_accuracy": 0.10099103350637093, "loss": 0.012261197442094803, "accuracy": 0.6927796130250118}}, "3": {"metrics": {"client_number": 0, "synthetic_data_train_loss": 0.2336683835888764, "synthetic_data_train_accuracy": 0.07503539405379896, "loss": 0.012551416142361521, "accuracy": 0.6875884851344974}}, "4": {"metrics": {"client_number": 0, "synthetic_data_train_loss": 0.29638988536278443, "synthetic_data_train_accuracy": 0.07597923548843795, "loss": 0.012336818015254741, "accuracy": 0.6923076923076923}}, "5": {"metrics": {"client_number": 0, "synthetic_data_train_loss": 0.41755049517830906, "synthetic_data_train_accuracy": 0.052383199622463426, "loss": 0.014599219168509555, "accuracy": 0.6512505899008967}}, "6": {"metrics": {"client_number": 0, "synthetic_data_train_loss": 0.4426318173590782, "synthetic_data_train_accuracy": 0.06559697970740916, "loss": 0.011890782548774802, "accuracy": 0.7126002831524304}}, "7": {"metrics": {"client_number": 0, "synthetic_data_train_loss": 0.28687302309029955, "synthetic_data_train_accuracy": 0.24115148655025956, "loss": 0.014233027020958923, "accuracy": 0.6319018404907976}}, "8": {"metrics": {"client_number": 0, "synthetic_data_train_loss": 0.3172217392032582, "synthetic_data_train_accuracy": 0.19584709768758848, "loss": 0.012981799735725911, "accuracy": 0.6776781500707881}}, "9": {"metrics": {"client_number": 0, "synthetic_data_train_loss": 0.13148230682740294, "synthetic_data_train_accuracy": 0.4091552619159981, "loss": 0.011778190795291759, "accuracy": 0.7140160453043889}}, "10": {"metrics": {"client_number": 0, "synthetic_data_train_loss": 0.055658394236112324, "synthetic_data_train_accuracy": 0.5323265691363851, "loss": 0.010827438737942173, "accuracy": 0.7277017461066541}}, "11": {"metrics": {"client_number": 0, "synthetic_data_train_loss": 0.09945290040272257, "synthetic_data_train_accuracy": 0.38603114676734307, "loss": 0.011774446926008928, "accuracy": 0.6941953751769703}}}, "3": {"1": {"metrics": {"client_number": 3, "loss": 0.009020694771097858, "accuracy": 0.798708288482239}}, "2": {"metrics": {"client_number": 3, "synthetic_data_train_loss": 1.9468324536014552, "synthetic_data_train_accuracy": 0.09741657696447793, "loss": 0.009914407905580153, "accuracy": 0.7868675995694295}}, "3": {"metrics": {"client_number": 3, "synthetic_data_train_loss": 0.2799941685022656, "synthetic_data_train_accuracy": 0.07534983853606028, "loss": 0.011331720728792082, "accuracy": 0.736275565123789}}, "4": {"metrics": {"client_number": 3, "synthetic_data_train_loss": 0.2885119691731727, "synthetic_data_train_accuracy": 0.05166846071044134, "loss": 0.01017085788420635, "accuracy": 0.7658772874058127}}, "5": {"metrics": {"client_number": 3, "synthetic_data_train_loss": 0.2821912750104528, "synthetic_data_train_accuracy": 0.0581270182992465, "loss": 0.011985067242056741, "accuracy": 0.721205597416577}}, "6": {"metrics": {"client_number": 3, "synthetic_data_train_loss": 0.31694981305026904, "synthetic_data_train_accuracy": 0.06081808396124865, "loss": 0.012719879863208283, "accuracy": 0.6932185145317545}}, "7": {"metrics": {"client_number": 3, "synthetic_data_train_loss": 0.3275120235233697, "synthetic_data_train_accuracy": 0.073735199138859, "loss": 0.011637974173568422, "accuracy": 0.7459634015069968}}, "8": {"metrics": {"client_number": 3, "synthetic_data_train_loss": 0.3563320367277246, "synthetic_data_train_accuracy": 0.07857911733046287, "loss": 0.012193855126784359, "accuracy": 0.7244348762109796}}, "9": {"metrics": {"client_number": 3, "synthetic_data_train_loss": 0.3416140302775109, "synthetic_data_train_accuracy": 0.06996770721205597, "loss": 0.010784870256199647, "accuracy": 0.7583423035522067}}, "10": {"metrics": {"client_number": 3, "synthetic_data_train_loss": 0.2868109693824924, "synthetic_data_train_accuracy": 0.1953713670613563, "loss": 0.010436296928172733, "accuracy": 0.7782561894510226}}, "11": {"metrics": {"client_number": 3, "synthetic_data_train_loss": 0.10901624394181726, "synthetic_data_train_accuracy": 0.3573735199138859, "loss": 0.009593990903079061, "accuracy": 0.7863293864370291}}}, "2": {"1": {"metrics": {"client_number": 2, "loss": 0.01129294918481366, "accuracy": 0.7461439588688946}}, "2": {"metrics": {"client_number": 2, "synthetic_data_train_loss": 2.459078183210907, "synthetic_data_train_accuracy": 0.0, "loss": 0.01785584947137416, "accuracy": 0.5938303341902313}}, "3": {"metrics": {"client_number": 2, "synthetic_data_train_loss": 0.14610307382127619, "synthetic_data_train_accuracy": 0.480719794344473, "loss": 0.012152921915973672, "accuracy": 0.743573264781491}}, "4": {"metrics": {"client_number": 2, "synthetic_data_train_loss": 0.1677774984609805, "synthetic_data_train_accuracy": 0.4903598971722365, "loss": 0.014816226566971727, "accuracy": 0.6940874035989717}}, "5": {"metrics": {"client_number": 2, "synthetic_data_train_loss": 0.1991255559161267, "synthetic_data_train_accuracy": 0.4691516709511568, "loss": 0.011212600150880592, "accuracy": 0.7410025706940874}}, "6": {"metrics": {"client_number": 2, "synthetic_data_train_loss": 0.15747804430272708, "synthetic_data_train_accuracy": 0.4832904884318766, "loss": 0.013311935382820952, "accuracy": 0.7197943444730077}}, "7": {"metrics": {"client_number": 2, "synthetic_data_train_loss": 0.09635236162146443, "synthetic_data_train_accuracy": 0.6169665809768637, "loss": 0.012623331310816473, "accuracy": 0.7365038560411311}}, "8": {"metrics": {"client_number": 2, "synthetic_data_train_loss": 0.1159421321971864, "synthetic_data_train_accuracy": 0.5784061696658098, "loss": 0.011195473890071663, "accuracy": 0.7461439588688946}}, "9": {"metrics": {"client_number": 2, "synthetic_data_train_loss": 0.1269853967014499, "synthetic_data_train_accuracy": 0.5115681233933161, "loss": 0.011037769423352415, "accuracy": 0.75}}, "10": {"metrics": {"client_number": 2, "synthetic_data_train_loss": 0.10140346346906648, "synthetic_data_train_accuracy": 0.5578406169665809, "loss": 0.012592734361981979, "accuracy": 0.6921593830334191}}, "11": {"metrics": {"client_number": 2, "synthetic_data_train_loss": 0.0923663051391935, "synthetic_data_train_accuracy": 0.4440874035989717, "loss": 0.011831182708777008, "accuracy": 0.7480719794344473}}}, "1": {"1": {"metrics": {"client_number": 1, "loss": 0.013336778608919112, "accuracy": 0.6593406593406593}}, "2": {"metrics": {"client_number": 1, "synthetic_data_train_loss": 1.5660697648231217, "synthetic_data_train_accuracy": 0.24623524623524623, "loss": 0.014187383346068554, "accuracy": 0.6161986161986162}}, "3": {"metrics": {"client_number": 1, "synthetic_data_train_loss": 0.1575896634189977, "synthetic_data_train_accuracy": 0.2389092389092389, "loss": 0.014596340129372547, "accuracy": 0.6145706145706146}}, "4": {"metrics": {"client_number": 1, "synthetic_data_train_loss": 0.11475965226623262, "synthetic_data_train_accuracy": 0.4228734228734229, "loss": 0.013452036137206311, "accuracy": 0.6605616605616605}}, "5": {"metrics": {"client_number": 1, "synthetic_data_train_loss": 0.1289790475276315, "synthetic_data_train_accuracy": 0.385022385022385, "loss": 0.014880835694610756, "accuracy": 0.6231176231176231}}, "6": {"metrics": {"client_number": 1, "synthetic_data_train_loss": 0.07212187984778622, "synthetic_data_train_accuracy": 0.4314204314204314, "loss": 0.013707792268907533, "accuracy": 0.6442816442816443}}, "7": {"metrics": {"client_number": 1, "synthetic_data_train_loss": 0.12723732324552867, "synthetic_data_train_accuracy": 0.31542531542531543, "loss": 0.01340854347455681, "accuracy": 0.6564916564916565}}, "8": {"metrics": {"client_number": 1, "synthetic_data_train_loss": 0.07947078467288733, "synthetic_data_train_accuracy": 0.4000814000814001, "loss": 0.014394121413605456, "accuracy": 0.6052096052096052}},