{"1": 38.01104235649109, "2": 17.035083770751953, "3": 17.81101107597351, "4": 18.325397491455078, "5": 19.696226358413696, "6": 19.75041699409485, "7": 20.061898946762085, "8": 21.2528076171875, "9": 21.34154987335205, "10": 21.774298191070557, "11": 22.299259185791016, "12": 23.878640174865723, "13": 26.31678533554077, "14": 25.033672332763672, "15": 22.952929496765137, "16": 22.976977348327637, "17": 23.097986936569214, "18": 23.152007579803467, "19": 23.36710476875305, "20": 23.878515243530273, "21": 23.486666440963745, "22": 23.756118297576904, "23": 24.123060941696167, "24": 24.984855890274048, "25": 24.306495666503906, "26": 25.09089469909668, "27": 27.980669021606445, "28": 27.615684747695923, "29": 28.422662258148193, "30": 28.30719256401062, "31": 28.892033338546753, "32": 29.59802007675171, "33": 27.48952555656433, "34": 27.495075225830078, "35": 27.109503746032715, "36": 28.01282238960266, "37": 27.610706090927124, "38": 30.436668157577515, "39": 28.79356098175049, "40": 27.333431005477905, "41": 29.592063188552856, "42": 32.14251518249512, "43": 27.286115884780884, "44": 27.790850162506104, "45": 28.829031467437744, "46": 29.809792041778564, "47": 27.891794681549072, "48": 33.002410888671875, "49": 28.79590129852295, "50": 30.450515031814575, "51": 29.69029426574707, "52": 32.43569326400757, "53": 27.487371683120728, "54": 31.22662353515625, "55": 29.625311613082886, "56": 28.101409196853638, "57": 33.27057957649231, "58": 31.39816927909851, "59": 31.11369252204895, "60": 29.32332468032837, "61": 30.618058681488037, "62": 31.21560764312744, "63": 32.00330090522766, "64": 32.33637070655823, "65": 32.081483364105225, "66": 28.290039539337158, "67": 33.52470064163208, "68": 31.75461983680725, "69": 32.10968065261841, "70": 32.98280215263367, "71": 33.79074573516846, "72": 32.225056409835815, "73": 31.72156524658203, "74": 31.312358856201172, "75": 32.80098247528076, "76": 32.002112865448, "77": 32.433472871780396, "78": 33.82106041908264, "79": 32.82694435119629, "80": 33.44706916809082, "81": 33.40231466293335, "82": 35.43927478790283, "83": 33.219980001449585, "84": 34.96287417411804, "85": 34.44221806526184, "86": 31.90817165374756, "87": 35.82509517669678, "88": 34.13314414024353, "89": 36.334229469299316, "90": 31.60427474975586, "91": 35.50278377532959, "92": 34.01610970497131, "93": 35.21265435218811, "94": 34.014240741729736, "95": 36.66627836227417, "96": 34.054887771606445, "97": 32.39782452583313, "98": 33.01734972000122, "99": 33.31563925743103, "100": 34.248387813568115, "101": 35.443801164627075, "102": 33.06704640388489, "103": 35.71131873130798, "104": 34.124682903289795, "105": 36.74921751022339, "106": 33.31319618225098, "107": 32.8424174785614, "108": 32.952110052108765, "109": 36.20973587036133, "110": 34.21541118621826, "111": 36.12531232833862, "112": 32.714672803878784, "113": 34.216968059539795, "114": 36.34732484817505, "115": 32.541950941085815, "116": 33.84513306617737, "117": 36.63624453544617, "118": 34.65301537513733, "119": 37.640305042266846, "120": 35.75272297859192, "121": 32.671141386032104, "122": 37.350303649902344, "123": 34.23544192314148, "124": 33.83981776237488, "125": 35.941556215286255, "126": 33.9406795501709, "127": 36.970733404159546, "128": 37.75441241264343, "129": 38.65887451171875, "130": 36.12262940406799, "131": 32.930906772613525, "132": 36.85086250305176, "133": 37.232789278030396, "134": 33.41653537750244, "135": 35.938332080841064, "136": 34.180564641952515, "137": 34.74692368507385, "138": 37.829230546951294, "139": 37.607661724090576, "140": 37.22113394737244, "141": 34.0134072303772, "142": 37.939016580581665, "143": 37.44507145881653, "144": 37.341328144073486, "145": 38.1419951915741, "146": 36.83961462974548, "147": 39.146326303482056, "148": 39.24151349067688, "149": 37.629334688186646, "150": 37.040611028671265, "151": 38.33433198928833, "152": 39.0280237197876, "153": 37.849041223526, "154": 39.32576298713684, "155": 36.85710000991821, "156": 38.33863687515259, "157": 38.76194953918457, "158": 36.4092378616333, "159": 36.930742502212524, "160": 36.92163014411926, "161": 39.44734787940979, "162": 39.053942918777466, "163": 36.82443642616272, "164": 39.95002579689026, "165": 37.0435004234314, "166": 39.42669486999512, "167": 37.52331495285034, "168": 37.42921280860901, "169": 40.04134130477905, "170": 36.98665189743042, "171": 37.71439528465271, "172": 36.558889865875244, "173": 39.14163279533386, "174": 41.55133366584778, "175": 35.12352228164673, "176": 40.25230646133423, "177": 36.83836889266968, "178": 35.806933879852295, "179": 38.8391432762146, "180": 38.437626361846924, "181": 35.6025710105896, "182": 37.32824492454529, "183": 38.43549299240112, "184": 39.22959756851196, "185": 37.85977339744568, "186": 40.83738470077515, "187": 38.12587857246399, "188": 37.623236656188965, "189": 40.16184949874878, "190": 37.224567890167236, "191": 37.52602744102478, "192": 40.333609104156494, "193": 43.56019425392151, "194": 37.02029466629028, "195": 40.148356437683105, "196": 38.12385368347168, "197": 37.69298481941223, "198": 36.256590843200684, "199": 38.323591232299805, "200": 38.063178300857544}