{"1": 51.58061194419861, "2": 19.128082036972046, "3": 20.059244871139526, "4": 20.777149438858032, "5": 21.56379246711731, "6": 22.44683837890625, "7": 23.092639446258545, "8": 23.35740613937378, "9": 25.229555130004883, "10": 24.07529306411743, "11": 24.17566180229187, "12": 23.461134433746338, "13": 23.872880935668945, "14": 24.171208143234253, "15": 24.268391847610474, "16": 24.325153827667236, "17": 25.008598566055298, "18": 24.77450156211853, "19": 24.57615900039673, "20": 27.00084376335144, "21": 24.887194633483887, "22": 25.798194408416748, "23": 25.492512702941895, "24": 26.773338079452515, "25": 27.37871527671814, "26": 25.967534065246582, "27": 26.816011905670166, "28": 26.977312326431274, "29": 26.392768144607544, "30": 28.022880792617798, "31": 27.520278215408325, "32": 26.604315757751465, "33": 28.193056106567383, "34": 27.814156770706177, "35": 27.14974308013916, "36": 27.854450941085815, "37": 28.176865100860596, "38": 27.708878755569458, "39": 28.7172749042511, "40": 27.902713298797607, "41": 27.815783500671387, "42": 29.23923134803772, "43": 30.09920907020569, "44": 27.707403659820557, "45": 26.885366916656494, "46": 28.09932541847229, "47": 28.610888957977295, "48": 28.005913972854614, "49": 28.480939149856567, "50": 27.299551486968994, "51": 26.737915515899658, "52": 27.387108325958252, "53": 30.396461725234985, "54": 28.795629501342773, "55": 28.400888442993164, "56": 30.61530113220215, "57": 28.805023670196533, "58": 27.387649059295654, "59": 27.59597897529602, "60": 29.201820135116577, "61": 27.40444540977478, "62": 27.50268864631653, "63": 30.902153730392456, "64": 28.108423233032227, "65": 28.10209894180298, "66": 29.1026713848114, "67": 27.49992275238037, "68": 31.443422317504883, "69": 29.525192499160767, "70": 29.21567177772522, "71": 29.221892833709717, "72": 31.308387517929077, "73": 32.50709939002991, "74": 31.308664798736572, "75": 29.60405206680298, "76": 27.60878038406372, "77": 27.807166576385498, "78": 27.702413320541382, "79": 27.59617829322815, "80": 29.401168823242188, "81": 28.01599931716919, "82": 29.200790643692017, "83": 29.187989711761475, "84": 27.631344079971313, "85": 29.706693410873413, "86": 30.09232234954834, "87": 28.316121339797974, "88": 30.708024740219116, "89": 27.803224563598633, "90": 29.600693702697754, "91": 27.385814666748047, "92": 28.234591484069824, "93": 30.621171474456787, "94": 28.853588342666626, "95": 28.31031894683838, "96": 30.90417218208313, "97": 30.19913649559021, "98": 30.312010049819946, "99": 29.993125677108765, "100": 29.501258373260498, "101": 27.785712480545044, "102": 29.29664921760559, "103": 28.01677942276001, "104": 31.035470485687256, "105": 28.18724799156189, "106": 28.043527364730835, "107": 28.511065006256104, "108": 28.79510521888733, "109": 30.22618007659912, "110": 29.48899793624878, "111": 29.315614223480225, "112": 31.60085964202881, "113": 28.5164954662323, "114": 28.22623038291931, "115": 28.40500783920288, "116": 29.41175150871277, "117": 28.589791536331177, "118": 27.392569065093994, "119": 27.612868309020996, "120": 29.400134086608887, "121": 27.98002028465271, "122": 28.281301975250244, "123": 27.1844744682312, "124": 27.61850142478943, "125": 29.404057264328003, "126": 28.52633047103882, "127": 28.213789224624634, "128": 28.383403301239014, "129": 27.681869506835938, "130": 30.098936080932617, "131": 30.01485300064087, "132": 28.190654039382935, "133": 27.831575393676758, "134": 28.1829731464386, "135": 28.150839805603027, "136": 27.945361375808716, "137": 28.00041699409485, "138": 29.09604501724243, "139": 31.84659171104431, "140": 27.300275564193726, "141": 28.88698101043701, "142": 28.30538272857666, "143": 29.32045030593872, "144": 29.293108224868774, "145": 28.759918212890625, "146": 29.73138928413391, "147": 30.726804733276367, "148": 29.761409997940063, "149": 29.177459716796875, "150": 29.795841455459595, "151": 32.558897972106934, "152": 27.387138843536377, "153": 28.800767421722412, "154": 31.103644132614136, "155": 29.589622259140015, "156": 29.747491121292114, "157": 31.200595378875732, "158": 30.521224975585938, "159": 27.589770317077637, "160": 31.936076879501343, "161": 29.127398014068604, "162": 30.886656761169434, "163": 28.726385831832886, "164": 28.82995343208313, "165": 30.71662139892578, "166": 29.485244750976562, "167": 29.017392873764038, "168": 27.71850347518921, "169": 30.866288423538208, "170": 28.117879152297974, "171": 31.208146572113037, "172": 30.60549569129944, "173": 30.020285844802856, "174": 29.31584095954895, "175": 30.91335654258728, "176": 29.895123958587646, "177": 29.464587450027466, "178": 29.110002040863037, "179": 27.998910188674927, "180": 30.62224793434143, "181": 30.431228637695312, "182": 27.91146183013916, "183": 28.820680618286133, "184": 28.88399386405945, "185": 30.19059181213379, "186": 31.69405698776245, "187": 27.990631818771362, "188": 27.602407455444336, "189": 28.798345804214478, "190": 29.095962047576904, "191": 27.295145511627197, "192": 27.675707578659058, "193": 31.706949710845947, "194": 29.03009843826294, "195": 28.88405132293701, "196": 28.44576621055603, "197": 29.598520517349243, "198": 28.320937156677246, "199": 30.009378910064697, "200": 31.975751399993896, "201": 28.71291995048523, "202": 28.906439065933228, "203": 27.591520071029663, "204": 30.220269918441772, "205": 27.691843509674072, "206": 30.088316202163696, "207": 29.703388452529907, "208": 31.743581533432007, "209": 29.10420036315918, "210": 31.308104515075684, "211": 30.534157276153564, "212": 30.226728677749634, "213": 30.033820152282715, "214": 27.905012845993042, "215": 29.171955823898315, "216": 28.112194538116455, "217": 29.906612157821655, "218": 28.808917999267578, "219": 28.401629209518433, "220": 30.490533590316772, "221": 29.43274211883545, "222": 30.108843088150024, "223": 30.13605546951294, "224": 34.34952187538147, "225": 31.01481795310974, "226": 27.59056305885315, "227": 31.714648485183716, "228": 30.520158767700195, "229": 32.60535502433777, "230": 28.63611340522766, "231": 28.00244116783142, "232": 32.23361349105835, "233": 28.936532735824585, "234": 31.606220245361328, "235": 28.69466805458069, "236": 31.996009826660156, "237": 33.303876876831055, "238": 28.72515368461609, "239": 27.697023630142212, "240": 30.400855779647827, "241": 28.81110906600952, "242": 30.153923988342285, "243": 30.904606342315674, "244": 31.85742735862732, "245": 29.919495582580566, "246": 31.51847004890442, "247": 28.315407752990723, "248": 31.61851453781128, "249": 28.928940296173096, "250": 31.94278860092163, "251": 28.428847789764404, "252": 29.497803211212158, "253": 27.876440286636353, "254": 30.6048002243042, "255": 29.49276065826416, "256": 31.49472451210022, "257": 28.39729332923889, "258": 31.627480030059814, "259": 29.41274881362915, "260": 32.91256070137024, "261": 28.895041465759277, "262": 29.009939193725586, "263": 31.326711893081665, "264": 29.716317176818848, "265": 30.612086534500122, "266": 27.698800802230835, "267": 32.293787479400635, "268": 32.01047873497009, "269": 28.41760778427124, "270": 29.024691343307495, "271": 28.10122561454773, "272": 29.403764963150024, "273": 31.94913601875305, "274": 29.54649829864502, "275": 29.055850982666016, "276": 35.11683654785156, "277": 27.616032600402832, "278": 29.392828702926636, "279": 28.896020650863647, "280": 29.33427596092224, "281": 29.706765174865723, "282": 29.589072227478027, "283": 31.15226936340332, "284": 30.132395267486572, "285": 32.82283401489258, "286": 29.43115782737732, "287": 30.408751249313354, "288": 28.926717519760132, "289": 32.39732480049133, "290": 28.520996809005737, "291": 33.323060512542725, "292": 30.094422817230225, "293": 30.912060022354126, "294": 29.008301496505737, "295": 30.396708250045776, "296": 31.506653547286987, "297": 30.62607216835022, "298": 29.644949436187744, "299": 32.020994663238525, "300": 31.607573747634888, "301": 29.087515115737915, "302": 31.809250593185425, "303": 30.015223026275635, "304": 29.52031111717224,