{
    "1": 32.98188805580139,
    "2": 5.048715591430664,
    "3": 4.947394371032715,
    "4": 5.043082237243652,
    "5": 5.154497385025024,
    "6": 5.153021812438965,
    "7": 5.161430597305298,
    "8": 5.2527666091918945,
    "9": 5.263519048690796,
    "10": 5.388496398925781,
    "11": 5.263063907623291,
    "12": 5.464497804641724,
    "13": 5.361499547958374,
    "14": 5.459551811218262,
    "15": 5.655824661254883,
    "16": 5.570934295654297,
    "17": 5.660844802856445,
    "18": 5.758221626281738,
    "19": 5.609416961669922,
    "20": 5.670799493789673,
    "21": 5.673435688018799,
    "22": 5.762194633483887,
    "23": 5.98410439491272,
    "24": 5.982568979263306,
    "25": 6.180161476135254,
    "26": 5.984711647033691,
    "27": 6.103790760040283,
    "28": 5.876458168029785,
    "29": 6.084607362747192,
    "30": 6.0828697681427,
    "31": 6.075587034225464,
    "32": 6.272717475891113,
    "33": 6.167607069015503,
    "34": 6.176003932952881,
    "35": 6.174127578735352,
    "36": 6.279308557510376,
    "37": 6.193356513977051,
    "38": 6.180585622787476,
    "39": 6.169995069503784,
    "40": 6.193536281585693,
    "41": 6.1688525676727295,
    "42": 6.286605596542358,
    "43": 6.176366329193115,
    "44": 6.37852144241333,
    "45": 6.260587692260742,
    "46": 6.378272771835327,
    "47": 6.089956998825073,
    "48": 6.282659292221069,
    "49": 6.374230146408081,
    "50": 6.372130870819092,
    "51": 6.375003337860107,
    "52": 6.171149969100952,
    "53": 6.378230571746826,
    "54": 6.2920191287994385,
    "55": 6.475855827331543,
    "56": 6.484816312789917,
    "57": 6.479432821273804,
    "58": 6.372810125350952,
    "59": 6.476203203201294,
    "60": 6.38181734085083,
    "61": 6.562753200531006,
    "62": 6.580948352813721,
    "63": 6.368726015090942,
    "64": 6.403177976608276,
    "65": 6.585239410400391,
    "66": 6.716528654098511,
    "67": 6.385722637176514,
    "68": 6.291645765304565,
    "69": 6.595445394515991,
    "70": 6.474628210067749,
    "71": 6.5743632316589355,
    "72": 6.572219133377075,
    "73": 6.481842517852783,
    "74": 6.491725206375122,
    "75": 6.617682218551636,
    "76": 6.611016750335693,
    "77": 6.596404790878296,
    "78": 6.596306800842285,
    "79": 6.603204965591431,
    "80": 6.484949350357056,
    "81": 6.5265748500823975,
    "82": 6.480266094207764,
    "83": 6.570311546325684,
    "84": 6.567042827606201,
    "85": 6.667759418487549,
    "86": 6.678197860717773,
    "87": 6.57886528968811,
    "88": 6.686017990112305,
    "89": 6.571032762527466,
    "90": 6.799056529998779,
    "91": 6.578187704086304,
    "92": 6.705482482910156,
    "93": 6.499444484710693,
    "94": 6.581271171569824,
    "95": 6.7111687660217285,
    "96": 6.697966814041138,
    "97": 6.4788126945495605,
    "98": 6.58354926109314,
    "99": 6.5894153118133545,
    "100": 6.680552244186401,
    "101": 6.68705415725708,
    "102": 6.5867955684661865,
    "103": 6.715879678726196,
    "104": 6.603796005249023,
    "105": 6.492543697357178,
    "106": 6.623351335525513,
    "107": 6.832360506057739,
    "108": 6.5089428424835205,
    "109": 6.4874279499053955,
    "110": 6.684238433837891,
    "111": 6.812759160995483,
    "112": 6.6755051612854,
    "113": 6.568607807159424,
    "114": 7.181545257568359,
    "115": 6.600455045700073,
    "116": 6.584080934524536,
    "117": 6.591871976852417,
    "118": 6.699537754058838,
    "119": 6.463551998138428,
    "120": 6.6963911056518555,
    "121": 6.683063268661499,
    "122": 6.677434921264648,
    "123": 6.483669996261597,
    "124": 6.601330518722534,
    "125": 6.826311111450195,
    "126": 6.801666736602783,
    "127": 6.572279691696167,
    "128": 6.673254013061523,
    "129": 6.823336362838745,
    "130": 6.58573579788208,
    "131": 6.635594367980957,
    "132": 6.715801239013672,
    "133": 6.681150674819946,
    "134": 6.676882743835449,
    "135": 6.5743162631988525,
    "136": 6.739534378051758,
    "137": 6.680737257003784,
    "138": 6.692806720733643,
    "139": 6.680293083190918,
    "140": 6.69450044631958,
    "141": 6.681202173233032,
    "142": 6.787729263305664,
    "143": 6.482913494110107,
    "144": 6.816930055618286,
    "145": 6.58903956413269,
    "146": 6.5129406452178955,
    "147": 6.915213584899902,
    "148": 6.796833753585815,
    "149": 6.72544527053833,
    "150": 6.895864248275757,
    "151": 6.676709175109863,
    "152": 6.704840183258057,
    "153": 6.673052787780762,
    "154": 6.5853047370910645,
    "155": 6.686862230300903,
    "156": 6.678673982620239,
    "157": 6.697566986083984,
    "158": 6.521694660186768,
    "159": 6.737936496734619,
    "160": 6.687136173248291,
    "161": 6.670417308807373,
    "162": 6.693327188491821,
    "163": 6.599914312362671,
    "164": 6.776595592498779,
    "165": 6.582070350646973,
    "166": 6.6849963665008545,
    "167": 6.690062761306763,
    "168": 6.6843647956848145,
    "169": 6.581960678100586,
    "170": 6.6955389976501465,
    "171": 6.590262174606323,
    "172": 6.680805206298828,
    "173": 6.676097869873047,
    "174": 6.6016247272491455,
    "175": 6.884011745452881,
    "176": 6.772953271865845,
    "177": 6.67389988899231,
    "178": 6.82472562789917,
    "179": 6.468268871307373,
    "180": 6.702693223953247,
    "181": 6.686487674713135,
    "182": 6.577674865722656,
    "183": 6.675396203994751,
    "184": 6.687972784042358,
    "185": 6.61094069480896,
    "186": 6.666094779968262,
    "187": 6.580322742462158,
    "188": 6.684824705123901,
    "189": 6.702979326248169,
    "190": 6.686637878417969,
    "191": 6.691020727157593,
    "192": 6.681270122528076,
    "193": 6.774237155914307,
    "194": 6.712368965148926,
    "195": 6.806534767150879,
    "196": 6.689684867858887,
    "197": 6.675908088684082,
    "198": 6.672786712646484,
    "199": 6.815538167953491,
    "200": 6.612346172332764,
    "201": 6.677059173583984,
    "202": 6.5760438442230225,
    "203": 6.78688907623291,
    "204": 6.6651294231414795,
    "205": 6.781169891357422,
    "206": 6.6688313484191895,
    "207": 6.588104248046875,
    "208": 6.796539068222046,
    "209": 6.815403938293457,
    "210": 6.674166679382324,
    "211": 6.705127000808716,
    "212": 6.693731307983398,
    "213": 6.686382532119751,
    "214": 6.677636623382568,
    "215": 6.671274185180664,
    "216": 6.694542407989502,
    "217": 6.703505516052246,
    "218": 6.801323413848877,
    "219": 6.678603410720825,
    "220": 6.681600570678711,
    "221": 6.598199367523193,
    "222": 6.733315467834473,
    "223": 6.700482368469238,
    "224": 6.930220603942871,
    "225": 6.686975717544556,
    "226": 6.6904120445251465,
    "227": 6.767296314239502,
    "228": 6.815260171890259,
    "229": 6.782915353775024,
    "230": 6.703613996505737,
    "231": 6.676121711730957,
    "232": 6.794354200363159,
    "233": 6.6945695877075195,
    "234": 6.668164253234863,
    "235": 7.022953748703003,
    "236": 6.821153879165649,
    "237": 6.786196708679199,
    "238": 6.675930500030518,
    "239": 6.678304433822632,
    "240": 6.68609356880188,
    "241": 6.704000473022461,
    "242": 6.6701438426971436,
    "243": 6.706129789352417,
    "244": 6.6892735958099365,
    "245": 6.706220626831055,
    "246": 6.780000448226929,
    "247": 6.777120351791382,
    "248": 6.885931968688965,
    "249": 6.698839902877808,
    "250": 6.713302373886108,
    "251": 6.709482908248901,
    "252": 6.7739245891571045,
    "253": 6.682185411453247,
    "254": 6.68063497543335,
    "255": 6.633347034454346,
    "256": 6.682010173797607,
    "257": 6.802370309829712,
    "258": 6.773411273956299,
    "259": 6.785405397415161,
    "260": 6.67193341255188,
    "261": 6.7963597774505615,
    "262": 6.693907976150513,
    "263": 6.737609148025513,
    "264": 6.814458608627319,
    "265": 6.816270112991333,
    "266": 6.6926069259643555,
    "267": 6.831139326095581,
    "268": 6.68886661529541,
    "269": 6.797123670578003,
    "270": 6.693494558334351,