{"1": 53.484654664993286, "2": 24.432170152664185, "3": 39.91258907318115, "4": 40.527663230895996, "5": 32.59745001792908, "6": 33.16870355606079, "7": 39.1666738986969, "8": 37.859215259552, "9": 37.69360947608948, "10": 34.32339286804199, "11": 227.12472462654114}