{"1": 92.85468029975891, "2": 49.84669899940491, "3": 63.40941524505615, "4": 71.69622468948364, "5": 52.89195990562439, "6": 57.34488320350647, "7": 72.318763256073, "8": 92.120450258255, "9": 69.34969663619995, "10": 60.18286609649658, "11": 236.63938999176025}