{"2": {"1": {"metrics": {"client_number": 2, "loss": 13.518374432373047, "accuracy": 0.1}}, "2": {"metrics": {"client_number": 2, "loss": 0.21296398725509644, "accuracy": 0.1}}, "3": {"metrics": {"client_number": 2, "loss": 1.717864818572998, "accuracy": 0.1001}}, "4": {"metrics": {"client_number": 2, "loss": 0.9654569766998291, "accuracy": 0.1019}}, "5": {"metrics": {"client_number": 2, "loss": 0.16203764514923097, "accuracy": 0.102}}, "6": {"metrics": {"client_number": 2, "loss": 0.5316417232513427, "accuracy": 0.1307}}, "7": {"metrics": {"client_number": 2, "loss": 0.35266236267089845, "accuracy": 0.1175}}, "8": {"metrics": {"client_number": 2, "loss": 0.14091378617286682, "accuracy": 0.2046}}, "9": {"metrics": {"client_number": 2, "loss": 0.17076614785194397, "accuracy": 0.1919}}, "10": {"metrics": {"client_number": 2, "loss": 0.06519233601093292, "accuracy": 0.1657}}, "11": {"metrics": {"client_number": 2, "loss": 0.0355677681684494, "accuracy": 0.1554}}}, "1": {"1": {"metrics": {"client_number": 1, "loss": 19.97570139160156, "accuracy": 0.1}}, "2": {"metrics": {"client_number": 1, "loss": 0.5510200954437255, "accuracy": 0.1014}}, "3": {"metrics": {"client_number": 1, "loss": 1.8817895652770995, "accuracy": 0.1004}}, "4": {"metrics": {"client_number": 1, "loss": 0.3703079776763916, "accuracy": 0.0947}}, "5": {"metrics": {"client_number": 1, "loss": 0.19579437646865844, "accuracy": 0.1031}}, "6": {"metrics": {"client_number": 1, "loss": 0.5225240129470825, "accuracy": 0.1303}}, "7": {"metrics": {"client_number": 1, "loss": 0.5396027982711792, "accuracy": 0.1033}}, "8": {"metrics": {"client_number": 1, "loss": 0.20186281518936158, "accuracy": 0.1454}}, "9": {"metrics": {"client_number": 1, "loss": 0.35683674240112306, "accuracy": 0.1947}}, "10": {"metrics": {"client_number": 1, "loss": 0.12155842261314392, "accuracy": 0.2243}}, "11": {"metrics": {"client_number": 1, "loss": 0.0355677681684494, "accuracy": 0.1554}}}, "4": {"1": {"metrics": {"client_number": 4, "loss": 21.88094676513672, "accuracy": 0.1}}, "2": {"metrics": {"client_number": 4, "loss": 1.345509008026123, "accuracy": 0.1001}}, "3": {"metrics": {"client_number": 4, "loss": 1.5896450500488282, "accuracy": 0.1001}}, "4": {"metrics": {"client_number": 4, "loss": 0.7258602375030517, "accuracy": 0.0889}}, "5": {"metrics": {"client_number": 4, "loss": 0.10165798778533935, "accuracy": 0.0961}}, "6": {"metrics": {"client_number": 4, "loss": 0.2480638738632202, "accuracy": 0.11}}, "7": {"metrics": {"client_number": 4, "loss": 0.11927259969711304, "accuracy": 0.1202}}, "8": {"metrics": {"client_number": 4, "loss": 0.13347620477676392, "accuracy": 0.2109}}, "9": {"metrics": {"client_number": 4, "loss": 0.18847340326309203, "accuracy": 0.1957}}, "10": {"metrics": {"client_number": 4, "loss": 0.11262844834327698, "accuracy": 0.1805}}, "11": {"metrics": {"client_number": 4, "loss": 0.0355677681684494, "accuracy": 0.1554}}}, "0": {"1": {"metrics": {"client_number": 0, "loss": 15.69516177368164, "accuracy": 0.1}}, "2": {"metrics": {"client_number": 0, "loss": 0.9290219734191895, "accuracy": 0.1016}}, "3": {"metrics": {"client_number": 0, "loss": 1.809494985961914, "accuracy": 0.1}}, "4": {"metrics": {"client_number": 0, "loss": 0.8898331554412842, "accuracy": 0.1034}}, "5": {"metrics": {"client_number": 0, "loss": 0.20716346158981322, "accuracy": 0.1065}}, "6": {"metrics": {"client_number": 0, "loss": 0.19348243322372435, "accuracy": 0.1097}}, "7": {"metrics": {"client_number": 0, "loss": 0.2198166757583618, "accuracy": 0.1131}}, "8": {"metrics": {"client_number": 0, "loss": 0.16767081327438355, "accuracy": 0.2316}}, "9": {"metrics": {"client_number": 0, "loss": 0.11606703033447266, "accuracy": 0.1069}}, "10": {"metrics": {"client_number": 0, "loss": 0.1283036870479584, "accuracy": 0.2105}}, "11": {"metrics": {"client_number": 0, "loss": 0.0355677681684494, "accuracy": 0.1554}}}, "3": {"1": {"metrics": {"client_number": 3, "loss": 14.08806278076172, "accuracy": 0.1}}, "2": {"metrics": {"client_number": 3, "loss": 0.40666753063201905, "accuracy": 0.1}}, "3": {"metrics": {"client_number": 3, "loss": 2.531733364868164, "accuracy": 0.1018}}, "4": {"metrics": {"client_number": 3, "loss": 0.6885389144897461, "accuracy": 0.1018}}, "5": {"metrics": {"client_number": 3, "loss": 0.36417113246917726, "accuracy": 0.1042}}, "6": {"metrics": {"client_number": 3, "loss": 0.7060486831665039, "accuracy": 0.1084}}, "7": {"metrics": {"client_number": 3, "loss": 0.15861603775024413, "accuracy": 0.1058}}, "8": {"metrics": {"client_number": 3, "loss": 0.17379855709075928, "accuracy": 0.1707}}, "9": {"metrics": {"client_number": 3, "loss": 0.12653318271636962, "accuracy": 0.1971}}, "10": {"metrics": {"client_number": 3, "loss": 0.06659221909046173, "accuracy": 0.2473}}, "11": {"metrics": {"client_number": 3, "loss": 0.0355677681684494, "accuracy": 0.1554}}}}