{"0": {"1": {"metrics": {"client_number": 0, "loss": 17.208377630615235, "accuracy": 0.1}}, "2": {"metrics": {"client_number": 0, "loss": 0.37089003677368165, "accuracy": 0.1956}}, "3": {"metrics": {"client_number": 0, "loss": 0.21048246488571168, "accuracy": 0.2864}}, "4": {"metrics": {"client_number": 0, "loss": 0.19715053405761718, "accuracy": 0.353}}, "5": {"metrics": {"client_number": 0, "loss": 0.11537623629570007, "accuracy": 0.4093}}, "6": {"metrics": {"client_number": 0, "loss": 0.20812640047073364, "accuracy": 0.5162}}, "7": {"metrics": {"client_number": 0, "loss": 0.19329981579780578, "accuracy": 0.53}}, "8": {"metrics": {"client_number": 0, "loss": 0.09035889122486114, "accuracy": 0.5964}}, "9": {"metrics": {"client_number": 0, "loss": 0.06016179909706116, "accuracy": 0.6685}}, "10": {"metrics": {"client_number": 0, "loss": 0.029652051037549972, "accuracy": 0.755}}, "11": {"metrics": {"client_number": 0, "loss": 0.01336368749141693, "accuracy": 0.7604}}}, "2": {"1": {"metrics": {"client_number": 2, "loss": 11.655839440917969, "accuracy": 0.1}}, "2": {"metrics": {"client_number": 2, "loss": 0.3045677622795105, "accuracy": 0.1955}}, "3": {"metrics": {"client_number": 2, "loss": 0.324521152305603, "accuracy": 0.2863}}, "4": {"metrics": {"client_number": 2, "loss": 0.17649402503967285, "accuracy": 0.3608}}, "5": {"metrics": {"client_number": 2, "loss": 0.14321381034851074, "accuracy": 0.4113}}, "6": {"metrics": {"client_number": 2, "loss": 0.19310456295013428, "accuracy": 0.5193}}, "7": {"metrics": {"client_number": 2, "loss": 0.1551487241744995, "accuracy": 0.5079}}, "8": {"metrics": {"client_number": 2, "loss": 0.0937791622877121, "accuracy": 0.5921}}, "9": {"metrics": {"client_number": 2, "loss": 0.06621559584140778, "accuracy": 0.67}}, "10": {"metrics": {"client_number": 2, "loss": 0.033784737640619275, "accuracy": 0.7397}}, "11": {"metrics": {"client_number": 2, "loss": 0.01336368749141693, "accuracy": 0.7604}}}, "1": {"1": {"metrics": {"client_number": 1, "loss": 14.563645111083984, "accuracy": 0.1}}, "2": {"metrics": {"client_number": 1, "loss": 0.3174902720451355, "accuracy": 0.1963}}, "3": {"metrics": {"client_number": 1, "loss": 0.21674588317871094, "accuracy": 0.2851}}, "4": {"metrics": {"client_number": 1, "loss": 0.16017769117355346, "accuracy": 0.3628}}, "5": {"metrics": {"client_number": 1, "loss": 0.15837876720428468, "accuracy": 0.4236}}, "6": {"metrics": {"client_number": 1, "loss": 0.18879825673103331, "accuracy": 0.5125}}, "7": {"metrics": {"client_number": 1, "loss": 0.15168124418258666, "accuracy": 0.5129}}, "8": {"metrics": {"client_number": 1, "loss": 0.08983946177959443, "accuracy": 0.5919}}, "9": {"metrics": {"client_number": 1, "loss": 0.06260244714021683, "accuracy": 0.6777}}, "10": {"metrics": {"client_number": 1, "loss": 0.02914649003148079, "accuracy": 0.7518}}, "11": {"metrics": {"client_number": 1, "loss": 0.01336368749141693, "accuracy": 0.7604}}}, "3": {"1": {"metrics": {"client_number": 3, "loss": 16.15551644897461, "accuracy": 0.1}}, "2": {"metrics": {"client_number": 3, "loss": 0.3484857534408569, "accuracy": 0.1961}}, "3": {"metrics": {"client_number": 3, "loss": 0.14796074233055115, "accuracy": 0.287}}, "4": {"metrics": {"client_number": 3, "loss": 0.22425178346633912, "accuracy": 0.3636}}, "5": {"metrics": {"client_number": 3, "loss": 0.15067352271080017, "accuracy": 0.4199}}, "6": {"metrics": {"client_number": 3, "loss": 0.14699867854118348, "accuracy": 0.5171}}, "7": {"metrics": {"client_number": 3, "loss": 0.272737184715271, "accuracy": 0.5002}}, "8": {"metrics": {"client_number": 3, "loss": 0.09048703846931458, "accuracy": 0.5852}}, "9": {"metrics": {"client_number": 3, "loss": 0.05298330084085465, "accuracy": 0.6734}}, "10": {"metrics": {"client_number": 3, "loss": 0.030140010768175126, "accuracy": 0.729}}, "11": {"metrics": {"client_number": 3, "loss": 0.01336368749141693, "accuracy": 0.7604}}}, "4": {"1": {"metrics": {"client_number": 4, "loss": 9.1831087890625, "accuracy": 0.1}}, "2": {"metrics": {"client_number": 4, "loss": 0.25284766283035276, "accuracy": 0.1952}}, "3": {"metrics": {"client_number": 4, "loss": 0.2670197490692139, "accuracy": 0.2824}}, "4": {"metrics": {"client_number": 4, "loss": 0.2281807656288147, "accuracy": 0.3612}}, "5": {"metrics": {"client_number": 4, "loss": 0.1377269552707672, "accuracy": 0.4051}}, "6": {"metrics": {"client_number": 4, "loss": 0.15631008191108703, "accuracy": 0.4929}}, "7": {"metrics": {"client_number": 4, "loss": 0.22988876452445983, "accuracy": 0.521}}, "8": {"metrics": {"client_number": 4, "loss": 0.08269696147441864, "accuracy": 0.5957}}, "9": {"metrics": {"client_number": 4, "loss": 0.06595967885255814, "accuracy": 0.6774}}, "10": {"metrics": {"client_number": 4, "loss": 0.03311340172886849, "accuracy": 0.7554}}, "11": {"metrics": {"client_number": 4, "loss": 0.01336368749141693, "accuracy": 0.7604}}}}