{"1": 48.853071451187134, "2": 26.638545274734497, "3": 30.504738330841064, "4": 30.626258611679077, "5": 27.475608825683594, "6": 26.763916492462158, "7": 31.7342529296875, "8": 33.11832571029663, "9": 29.130907773971558, "10": 34.7930850982666}