{"1": 128.17474913597107, "2": 129.16064429283142, "3": 139.36860728263855, "4": 142.54645991325378, "5": 178.68418312072754, "6": 160.89900827407837, "7": 135.29443764686584, "8": 248.08689308166504, "9": 31.03930354118347, "10": 33.743436336517334, "11": 32.63131070137024, "12": 32.64857769012451, "13": 28.605226278305054, "14": 33.217406034469604, "15": 29.029173374176025, "16": 30.706902503967285, "17": 32.208558320999146, "18": 31.742051362991333, "19": 30.547151803970337, "20": 30.448509693145752, "21": 32.021395206451416, "22": 31.90842032432556, "23": 31.63042449951172, "24": 34.31515860557556, "25": 32.4396915435791, "26": 33.124592542648315, "27": 28.586628198623657, "28": 30.544455766677856, "29": 30.421665906906128, "30": 30.399070739746094, "31": 34.324405670166016, "32": 32.11101984977722, "33": 29.53343439102173, "34": 32.23858022689819, "35": 32.097278118133545, "36": 28.1525456905365, "37": 33.818095207214355, "38": 31.79226064682007, "39": 30.349745512008667, "40": 32.420549631118774, "41": 33.15031051635742, "42": 30.600909948349, "43": 30.896549463272095, "44": 32.940096855163574, "45": 27.790634393692017, "46": 30.998284578323364, "47": 32.131791830062866, "48": 33.60273194313049, "49": 31.434032440185547, "50": 32.920560121536255, "51": 31.438066959381104, "52": 32.0934157371521, "53": 32.02149939537048, "54": 31.409770250320435, "55": 32.71703004837036, "56": 31.158957481384277, "57": 30.259121894836426, "58": 29.901607036590576, "59": 32.2048921585083, "60": 35.74716258049011}