{"3": {"1": {"metrics": {"client_number": 3, "loss": 0.23663279200576678, "accuracy": 0.2841296928327645}}, "2": {"metrics": {"client_number": 3, "loss": 0.17221943652670538, "accuracy": 0.5546075085324232}}, "3": {"metrics": {"client_number": 3, "loss": 0.12892451963733895, "accuracy": 0.6055887372013652}}, "4": {"metrics": {"client_number": 3, "loss": 0.08335016779728717, "accuracy": 0.6606228668941979}}, "5": {"metrics": {"client_number": 3, "loss": 0.034390646176024914, "accuracy": 0.7092576791808873}}, "6": {"metrics": {"client_number": 3, "loss": 0.03304973842239217, "accuracy": 0.6992320819112628}}}, "4": {"1": {"metrics": {"client_number": 4, "loss": 0.3759843441553143, "accuracy": 0.01000408329930584}}, "2": {"metrics": {"client_number": 4, "loss": 0.41402506876984824, "accuracy": 0.10289914250714577}}, "3": {"metrics": {"client_number": 4, "loss": 0.27326872028492577, "accuracy": 0.3499387505104124}}, "4": {"metrics": {"client_number": 4, "loss": 0.2622004123841952, "accuracy": 0.3740302164148632}}, "5": {"metrics": {"client_number": 4, "loss": 0.16748831027768105, "accuracy": 0.47386688444262964}}, "6": {"metrics": {"client_number": 4, "loss": 0.0673337192523718, "accuracy": 0.6314822376480196}}}, "1": {"1": {"metrics": {"client_number": 1, "loss": 0.29899449403540007, "accuracy": 0.19897304236200256}}, "2": {"metrics": {"client_number": 1, "loss": 0.3089311915582503, "accuracy": 0.20068463842533163}}, "3": {"metrics": {"client_number": 1, "loss": 0.29779176728359186, "accuracy": 0.26551133932391957}}, "4": {"metrics": {"client_number": 1, "loss": 0.30539989491839364, "accuracy": 0.33825417201540436}}, "5": {"metrics": {"client_number": 1, "loss": 0.209036718335068, "accuracy": 0.4668378262729996}}, "6": {"metrics": {"client_number": 1, "loss": 0.11170468985345765, "accuracy": 0.5575524176294394}}}, "0": {"1": {"metrics": {"client_number": 0, "loss": 0.4402698254328902, "accuracy": 0.00021505376344086021}}, "2": {"metrics": {"client_number": 0, "loss": 0.39046901128625355, "accuracy": 0.1621505376344086}}, "3": {"metrics": {"client_number": 0, "loss": 0.2853939308658723, "accuracy": 0.3258064516129032}}, "4": {"metrics": {"client_number": 0, "loss": 0.18788609371390394, "accuracy": 0.4483870967741935}}, "5": {"metrics": {"client_number": 0, "loss": 0.14224867728448684, "accuracy": 0.521505376344086}}, "6": {"metrics": {"client_number": 0, "loss": 0.09922386297615625, "accuracy": 0.4993548387096774}}}, "2": {"1": {"metrics": {"client_number": 2, "loss": 0.31907361798119127, "accuracy": 0.24945175438596492}}, "2": {"metrics": {"client_number": 2, "loss": 0.3470954048006158, "accuracy": 0.31167763157894735}}, "3": {"metrics": {"client_number": 2, "loss": 0.319454502641109, "accuracy": 0.2722039473684211}}, "4": {"metrics": {"client_number": 2, "loss": 0.2281789335242489, "accuracy": 0.37719298245614036}}, "5": {"metrics": {"client_number": 2, "loss": 0.21080060930628525, "accuracy": 0.4777960526315789}}, "6": {"metrics": {"client_number": 2, "loss": 0.07176863637409713, "accuracy": 0.5877192982456141}}}}