{"1": 174.87908554077148, "2": 81.41227507591248, "3": 7.767188549041748, "4": 7.5449254512786865, "5": 7.672790288925171, "6": 7.662775278091431, "7": 7.5491416454315186, "8": 7.663229942321777, "9": 7.5473034381866455, "10": 7.618374347686768, "11": 7.5540595054626465, "12": 7.91223669052124, "13": 8.067522048950195, "14": 7.482988357543945, "15": 7.57465672492981, "16": 7.563748598098755, "17": 7.459797382354736, "18": 7.588214635848999, "19": 7.3399317264556885, "20": 7.7563865184783936, "21": 7.399407625198364, "22": 7.782596826553345, "23": 7.75943922996521, "24": 7.524510622024536, "25": 7.789597749710083, "26": 7.452766418457031, "27": 7.789386510848999, "28": 7.4468348026275635, "29": 7.4411725997924805, "30": 7.542395114898682, "31": 7.595203876495361, "32": 7.333005905151367, "33": 8.082076787948608, "34": 7.489480018615723, "35": 7.458940505981445, "36": 7.562664270401001, "37": 7.384255647659302, "38": 7.406079292297363, "39": 7.535910606384277, "40": 7.473045587539673, "41": 7.445856094360352, "42": 7.582575082778931, "43": 7.697121858596802, "44": 8.158435344696045, "45": 7.570114374160767, "46": 7.527547597885132, "47": 8.623330116271973, "48": 7.7968292236328125, "49": 7.447161912918091, "50": 7.427776098251343, "51": 7.439779281616211, "52": 7.440246343612671, "53": 7.608595848083496, "54": 7.638815641403198, "55": 7.866563558578491, "56": 7.681071519851685, "57": 7.533101797103882, "58": 7.44846773147583, "59": 7.557606220245361, "60": 7.637221813201904, "61": 8.387919902801514, "62": 7.429723501205444, "63": 7.534185886383057, "64": 7.5909435749053955, "65": 7.921363115310669, "66": 7.6047279834747314, "67": 7.950385332107544, "68": 7.5906054973602295, "69": 7.556204319000244, "70": 7.466572523117065, "71": 7.66605281829834, "72": 7.584130048751831, "73": 7.532490015029907, "74": 7.606220483779907, "75": 7.550759315490723, "76": 7.547111988067627, "77": 7.667666435241699, "78": 7.533060073852539, "79": 7.612910747528076, "80": 7.635713815689087, "81": 7.56015682220459, "82": 7.611146926879883, "83": 7.645678281784058, "84": 7.569231271743774, "85": 7.807174205780029, "86": 7.6935834884643555, "87": 7.549828767776489, "88": 7.751192808151245, "89": 7.568041086196899, "90": 7.5415403842926025, "91": 7.641618490219116, "92": 7.832748651504517, "93": 7.523659944534302, "94": 7.644604921340942, "95": 8.446379661560059, "96": 7.657290935516357, "97": 7.579425811767578, "98": 7.68873929977417, "99": 7.6396448612213135, "100": 7.665210962295532}