{"1": 85.23610424995422, "2": 88.94594669342041, "3": 116.37998485565186, "4": 134.9210968017578, "5": 173.50065660476685, "6": 155.45349788665771, "7": 132.9901134967804, "8": 359.3049433231354, "9": 39.361146688461304, "10": 41.53362846374512, "11": 36.93061017990112, "12": 44.76516103744507, "13": 44.54214692115784, "14": 41.05518579483032, "15": 41.5775945186615, "16": 41.359893798828125, "17": 39.86642289161682, "18": 40.353485345840454, "19": 42.470168113708496, "20": 41.1958954334259, "21": 41.661123275756836, "22": 41.64150142669678, "23": 41.66580772399902, "24": 40.06204843521118, "25": 41.07761335372925, "26": 44.055208921432495, "27": 39.955559968948364, "28": 39.442628622055054, "29": 40.34868025779724, "30": 39.24865245819092}