{"1": 136.70142197608948, "2": 141.98103785514832, "3": 170.03478860855103, "4": 166.6721510887146, "5": 185.70924425125122, "6": 155.47327852249146, "7": 128.23993921279907, "8": 287.8850426673889, "9": 35.03952622413635, "10": 33.797401666641235, "11": 32.16664528846741, "12": 29.037981748580933, "13": 36.250412940979004, "14": 34.63640880584717, "15": 38.14973735809326, "16": 32.4192636013031, "17": 36.649431228637695, "18": 30.620041847229004, "19": 36.8714759349823, "20": 33.043290853500366, "21": 36.767582654953, "22": 34.94669032096863, "23": 35.94776105880737, "24": 36.25024700164795, "25": 35.3442268371582, "26": 34.53818488121033, "27": 34.160311698913574, "28": 35.32816481590271, "29": 31.889350175857544, "30": 33.020766496658325, "31": 37.34068703651428, "32": 31.103792905807495, "33": 38.03573703765869, "34": 36.06931710243225, "35": 36.233989238739014, "36": 34.69528555870056, "37": 36.23944401741028, "38": 35.838088274002075, "39": 33.946213722229004, "40": 33.229857206344604, "41": 34.965803146362305, "42": 33.334022521972656, "43": 36.787999868392944, "44": 35.7994179725647, "45": 36.96229028701782, "46": 37.375272274017334, "47": 33.61975717544556, "48": 35.659489154815674, "49": 32.630356550216675, "50": 33.0366587638855, "51": 35.5321364402771, "52": 34.042107582092285, "53": 35.22899842262268, "54": 33.43476986885071, "55": 33.7236123085022, "56": 36.37469553947449, "57": 38.299132347106934, "58": 33.5307035446167, "59": 35.8045117855072, "60": 32.33840274810791, "61": 38.14063763618469, "62": 33.458844900131226, "63": 34.2483606338501, "64": 36.13626456260681, "65": 31.420191049575806, "66": 35.75902318954468, "67": 31.934797763824463, "68": 33.5235652923584, "69": 33.74081611633301, "70": 33.017698764801025, "71": 34.922698974609375, "72": 29.82691764831543, "73": 37.04973793029785, "74": 35.22730326652527, "75": 32.843549728393555, "76": 31.227665662765503, "77": 38.2872371673584, "78": 32.12819242477417, "79": 34.6650276184082, "80": 33.01944160461426, "81": 33.61630082130432, "82": 34.77483797073364, "83": 35.82485580444336, "84": 32.420199394226074, "85": 37.06045889854431, "86": 34.14358448982239, "87": 36.286604166030884, "88": 32.91910004615784, "89": 32.82001566886902, "90": 32.22546744346619, "91": 35.54068875312805, "92": 37.93067669868469, "93": 34.048749923706055, "94": 33.24078631401062, "95": 35.04401922225952, "96": 35.55347037315369, "97": 35.0598623752594, "98": 36.82483649253845, "99": 35.26755380630493, "100": 37.08693552017212, "101": 34.92982053756714, "102": 39.26176404953003, "103": 34.8403582572937, "104": 40.15535044670105, "105": 36.672837018966675, "106": 38.267154932022095, "107": 34.74808311462402, "108": 38.53738975524902, "109": 36.24714279174805, "110": 35.13316798210144, "111": 37.18940567970276, "112": 36.94229483604431, "113": 35.839621782302856, "114": 34.519856452941895, "115": 37.482800245285034, "116": 36.64499235153198, "117": 35.73769211769104, "118": 35.42748665809631, "119": 34.26691007614136, "120": 35.1219847202301, "121": 37.24417686462402, "122": 36.374454498291016, "123": 38.643548250198364, "124": 38.56620812416077, "125": 34.12084674835205, "126": 35.83312630653381, "127": 37.05436038970947, "128": 35.59443497657776, "129": 38.63566732406616, "130": 30.82422947883606, "131": 34.321736097335815, "132": 35.76837635040283, "133": 37.11819863319397, "134": 35.64266085624695, "135": 37.05801701545715, "136": 34.9281861782074, "137": 37.910297870635986, "138": 33.242780447006226, "139": 32.8405647277832, "140": 33.33491492271423, "141": 32.44095969200134, "142": 36.55565643310547, "143": 30.137950658798218, "144": 33.532124519348145, "145": 36.56168007850647, "146": 31.431018114089966, "147": 36.13417458534241, "148": 35.46403217315674, "149": 33.93863344192505, "150": 34.86050629615784, "151": 32.62927317619324, "152": 34.0473530292511, "153": 31.114333152770996, "154": 37.7688193321228, "155": 31.528053522109985, "156": 33.851765155792236, "157": 35.72571349143982, "158": 29.323554754257202, "159": 34.63625907897949, "160": 33.37036347389221, "161": 34.8417432308197, "162": 35.419689416885376, "163": 33.15655279159546, "164": 32.83698868751526, "165": 34.329880237579346, "166": 33.11755394935608, "167": 32.90519380569458, "168": 34.22998285293579, "169": 32.529467821121216, "170": 37.57677936553955, "171": 34.52673888206482, "172": 33.533440351486206, "173": 33.21597981452942, "174": 34.7356276512146, "175": 33.56946396827698, "176": 32.2563636302948, "177": 35.280747413635254, "178": 35.54570388793945, "179": 33.728134632110596, "180": 34.42221999168396, "181": 34.64159560203552, "182": 37.55691719055176, "183": 33.623302936553955, "184": 32.17700552940369, "185": 34.15087175369263, "186": 34.86888647079468, "187": 36.55904483795166, "188": 31.33095955848694, "189": 36.87013840675354, "190": 33.469380617141724, "191": 37.2440710067749, "192": 36.65186262130737, "193": 35.779829025268555, "194": 35.03835153579712, "195": 33.62705659866333, "196": 34.34380125999451, "197": 33.62773895263672, "198": 34.55002164840698, "199": 30.02120566368103, "200": 36.550089597702026, "201": 30.29711651802063, "202": 35.60539484024048, "203": 35.11507248878479, "204": 35.21866464614868, "205": 33.94317007064819, "206": 33.629692792892456, "207": 34.47275924682617, "208": 34.9268102645874, "209": 35.83690404891968, "210": 31.135091304779053, "211": 36.42825198173523, "212": 36.132205963134766, "213": 29.93768548965454, "214": 36.21097183227539, "215": 31.82154083251953, "216": 35.215962648391724, "217": 32.52128577232361, "218": 35.937809228897095, "219": 36.4481041431427, "220": 30.39970636367798, "221": 35.82256269454956, "222": 34.55901551246643, "223": 34.34633421897888, "224": 34.75822901725769, "225": 30.300576210021973, "226": 33.53275442123413, "227": 29.736794233322144, "228": 36.53645873069763, "229": 33.44324231147766, "230": 32.924025535583496, "231": 35.8347909450531, "232": 33.54071879386902, "233": 31.034604787826538, "234": 36.22268724441528, "235": 32.65634775161743, "236": 36.77880501747131, "237": 31.42360758781433, "238": 36.13002061843872, "239": 33.52496337890625, "240": 33.722251892089844, "241": 33.8143835067749, "242": 32.003599882125854, "243": 32.5127534866333, "244": 33.92679715156555, "245": 36.33193325996399, "246": 33.17379689216614, "247": 32.82237434387207, "248": 36.92305874824524, "249": 32.35152578353882, "250": 32.830132722854614, "251": 34.525134563446045, "252": 33.136733293533325, "253": 33.32577061653137, "254": 33.715086221694946, "255": 34.82902526855469, "256": 33.215102672576904, "257": 36.17888021469116, "258": 30.213077545166016, "259": 33.12497067451477, "260": 31.306123733520508, "261": 32.96201419830322, "262": 34.54562854766846, "263": 30.695814847946167, "264": 30.24638295173645, "265": 34.33458495140076, "266": 32.63388967514038, "267": 33.72493386268616, "268": 29.221853017807007, "269": 32.33122634887695, "270": 31.157593727111816, "271": 33.86092782020569, "272": 31.748241901397705, "273": 36.22282433509827, "274": 33.245696783065796, "275": 31.026987314224243, "276": 35.12892246246338, "277": 30.807764768600464, "278": 31.939146280288696, "279": 33.5334210395813, "280": 33.475876331329346, "281": 33.34089159965515, "282": 30.30819797515869, "283": 30.406394004821777, "284": 28.820316553115845, "285": 28.60296106338501, "286": 31.730189561843872, "287": 31.301950454711914, "288": 32.952725410461426, "289": 34.820744037628174, "290": 31.728859663009644, "291": 32.642332553863525, "292": 34.65564012527466, "293": 31.044543743133545, "294": 35.26349449157715, "295": 31.30819797515869, "296": 32.80772018432617, "297": 35.32997512817383, "298": 34.93478488922119, "299": 40.78309941291809, "300": 31.518684148788452, "301": 32.545897006988525, "302": 31.121458768844604, "303": 31.879563808441162, "304": 31.20584225654602, "305": 36.941779375076294, "306": 34.150134563446045, "307": 32.44664525985718, "308": 31.923059463500977,