{"3": {"1": {"metrics": {"client_number": 3, "loss": 9.298223760986328, "accuracy": 0.098}}, "2": {"metrics": {"client_number": 3, "loss": 0.49666911487579346, "accuracy": 0.2113}}, "3": {"metrics": {"client_number": 3, "loss": 0.31808071031570434, "accuracy": 0.3122}}, "4": {"metrics": {"client_number": 3, "loss": 0.2515591139793396, "accuracy": 0.4104}}, "5": {"metrics": {"client_number": 3, "loss": 0.19965549001693725, "accuracy": 0.5065}}, "6": {"metrics": {"client_number": 3, "loss": 0.15511968131065368, "accuracy": 0.5919}}, "7": {"metrics": {"client_number": 3, "loss": 0.13890291123390197, "accuracy": 0.6827}}, "8": {"metrics": {"client_number": 3, "loss": 0.06157977700233459, "accuracy": 0.7762}}, "9": {"metrics": {"client_number": 3, "loss": 0.03721368401646614, "accuracy": 0.8709}}, "10": {"metrics": {"client_number": 3, "loss": 0.003619876569498743, "accuracy": 0.9613}}}, "4": {"1": {"metrics": {"client_number": 4, "loss": 7.947759432983398, "accuracy": 0.098}}, "2": {"metrics": {"client_number": 4, "loss": 0.5164817623138428, "accuracy": 0.2114}}, "3": {"metrics": {"client_number": 4, "loss": 0.28612853174209596, "accuracy": 0.3113}}, "4": {"metrics": {"client_number": 4, "loss": 0.24780747013092042, "accuracy": 0.4083}}, "5": {"metrics": {"client_number": 4, "loss": 0.22516081695556642, "accuracy": 0.5062}}, "6": {"metrics": {"client_number": 4, "loss": 0.15030570073127747, "accuracy": 0.592}}, "7": {"metrics": {"client_number": 4, "loss": 0.14312502522468568, "accuracy": 0.6806}}, "8": {"metrics": {"client_number": 4, "loss": 0.06539944858551025, "accuracy": 0.7752}}, "9": {"metrics": {"client_number": 4, "loss": 0.04427521508336067, "accuracy": 0.8743}}, "10": {"metrics": {"client_number": 4, "loss": 0.0036178020581097373, "accuracy": 0.9572}}}, "2": {"1": {"metrics": {"client_number": 2, "loss": 6.789423513793945, "accuracy": 0.098}}, "2": {"metrics": {"client_number": 2, "loss": 0.5244185972213745, "accuracy": 0.2112}}, "3": {"metrics": {"client_number": 2, "loss": 0.2940077328681946, "accuracy": 0.3094}}, "4": {"metrics": {"client_number": 2, "loss": 0.2516346564292908, "accuracy": 0.4092}}, "5": {"metrics": {"client_number": 2, "loss": 0.26000350370407105, "accuracy": 0.5059}}, "6": {"metrics": {"client_number": 2, "loss": 0.1719279411315918, "accuracy": 0.5944}}, "7": {"metrics": {"client_number": 2, "loss": 0.14459574880599976, "accuracy": 0.6836}}, "8": {"metrics": {"client_number": 2, "loss": 0.08040255570411682, "accuracy": 0.7805}}, "9": {"metrics": {"client_number": 2, "loss": 0.04096252182722092, "accuracy": 0.8648}}, "10": {"metrics": {"client_number": 2, "loss": 0.0034668604787151877, "accuracy": 0.9624}}}, "1": {"1": {"metrics": {"client_number": 1, "loss": 7.9194371765136715, "accuracy": 0.098}}, "2": {"metrics": {"client_number": 1, "loss": 0.319280784034729, "accuracy": 0.2113}}, "3": {"metrics": {"client_number": 1, "loss": 0.29251923694610593, "accuracy": 0.312}}, "4": {"metrics": {"client_number": 1, "loss": 0.23600223560333253, "accuracy": 0.4113}}, "5": {"metrics": {"client_number": 1, "loss": 0.18647055039405822, "accuracy": 0.5067}}, "6": {"metrics": {"client_number": 1, "loss": 0.15358542742729187, "accuracy": 0.5911}}, "7": {"metrics": {"client_number": 1, "loss": 0.14381038727760315, "accuracy": 0.6786}}, "8": {"metrics": {"client_number": 1, "loss": 0.06840599217414856, "accuracy": 0.784}}, "9": {"metrics": {"client_number": 1, "loss": 0.035242231613397595, "accuracy": 0.8694}}, "10": {"metrics": {"client_number": 1, "loss": 0.0029749813708381226, "accuracy": 0.9645}}}, "0": {"1": {"metrics": {"client_number": 0, "loss": 9.880130529785156, "accuracy": 0.098}}, "2": {"metrics": {"client_number": 0, "loss": 0.29780999050140383, "accuracy": 0.2111}}, "3": {"metrics": {"client_number": 0, "loss": 0.29703269634246826, "accuracy": 0.3124}}, "4": {"metrics": {"client_number": 0, "loss": 0.2331750864982605, "accuracy": 0.4116}}, "5": {"metrics": {"client_number": 0, "loss": 0.27442445344924926, "accuracy": 0.507}}, "6": {"metrics": {"client_number": 0, "loss": 0.1596515058994293, "accuracy": 0.5889}}, "7": {"metrics": {"client_number": 0, "loss": 0.13899097542762756, "accuracy": 0.6773}}, "8": {"metrics": {"client_number": 0, "loss": 0.08373377311229706, "accuracy": 0.7769}}, "9": {"metrics": {"client_number": 0, "loss": 0.04359090366363525, "accuracy": 0.8697}}, "10": {"metrics": {"client_number": 0, "loss": 0.004265967834824278, "accuracy": 0.9545}}}}