{"1": 85.74540281295776, "2": 72.8153932094574, "3": 92.83429479598999, "4": 87.74308562278748, "5": 116.92581748962402, "6": 120.12939095497131, "7": 98.76697993278503}