{"1": 711.9758515357971, "2": 293.1645817756653, "3": 32.05335068702698, "4": 32.71654558181763, "5": 34.57007718086243, "6": 41.971078872680664, "7": 36.46163511276245, "8": 37.12727737426758, "9": 41.178595304489136, "10": 38.28645300865173, "11": 41.511839628219604, "12": 37.037418603897095, "13": 37.0463125705719, "14": 35.93808674812317, "15": 34.46132683753967, "16": 34.98431992530823, "17": 37.05238652229309, "18": 37.23443841934204, "19": 35.74128437042236, "20": 37.18031311035156, "21": 36.63012337684631, "22": 38.362388610839844, "23": 34.28483438491821, "24": 35.13222575187683, "25": 38.16374349594116, "26": 36.130669832229614, "27": 36.0558807849884, "28": 35.81222128868103, "29": 35.725176095962524, "30": 35.72642111778259, "31": 39.65652561187744, "32": 34.81598138809204, "33": 37.49951887130737, "34": 37.28897023200989, "35": 34.4461407661438, "36": 37.05399560928345, "37": 35.21288061141968, "38": 34.04757881164551, "39": 37.06654405593872, "40": 34.615784645080566, "41": 35.65398359298706, "42": 41.69766855239868, "43": 33.01122164726257, "44": 35.62431597709656, "45": 38.34966850280762, "46": 34.82168412208557, "47": 38.046568632125854, "48": 37.84356188774109, "49": 37.3728973865509, "50": 35.72531175613403, "51": 39.142751932144165, "52": 36.73359560966492, "53": 35.454272985458374, "54": 37.56084942817688, "55": 33.03077936172485, "56": 34.4876275062561, "57": 37.47453737258911, "58": 36.949172496795654, "59": 37.6546630859375, "60": 40.050225496292114}