{"1": 68.03563356399536, "2": 47.04731297492981, "3": 50.511523485183716, "4": 71.26673913002014, "5": 63.775126218795776, "6": 59.680562019348145, "7": 55.66671657562256, "8": 75.45303535461426, "9": 67.97048759460449, "10": 66.88080215454102}