{"1": 50.982651233673096, "2": 34.605562925338745, "3": 28.290048599243164, "4": 32.88893938064575, "5": 38.923980712890625, "6": 30.014869689941406, "7": 30.26189351081848, "8": 31.033382654190063, "9": 31.80331563949585, "10": 36.05712819099426}