{"1": 60.04503011703491, "2": 37.052090644836426, "3": 43.518094301223755, "4": 37.4424614906311, "5": 45.369917154312134, "6": 41.16822600364685, "7": 6.927949905395508, "8": 6.884395122528076, "9": 6.987573146820068, "10": 6.779282808303833, "11": 6.8724541664123535, "12": 6.770340442657471, "13": 6.865764856338501, "14": 6.783373117446899, "15": 6.881398677825928, "16": 6.785120248794556, "17": 6.874242067337036, "18": 6.91227912902832, "19": 6.877482175827026, "20": 7.001061677932739, "21": 6.873154401779175, "22": 6.886251926422119, "23": 6.981904029846191, "24": 6.87354850769043, "25": 6.873037099838257, "26": 7.022785186767578, "27": 6.902093410491943, "28": 7.298388481140137, "29": 6.98456072807312, "30": 6.766535758972168, "31": 6.919633865356445, "32": 6.87941837310791, "33": 7.001753091812134, "34": 7.2665979862213135, "35": 7.090819835662842, "36": 6.773560047149658, "37": 6.867568492889404, "38": 6.895879030227661, "39": 6.893311023712158, "40": 6.880604982376099, "41": 6.88924765586853, "42": 6.781303882598877, "43": 6.881617784500122, "44": 6.893527269363403, "45": 6.774035930633545, "46": 6.8887619972229, "47": 6.9060328006744385, "48": 6.9699547290802, "49": 6.780775547027588, "50": 6.985997676849365, "51": 6.875307083129883, "52": 6.871810674667358, "53": 6.768862724304199, "54": 6.8797712326049805, "55": 6.7692039012908936, "56": 6.8748486042022705, "57": 7.006139516830444, "58": 6.877499103546143, "59": 6.870603322982788, "60": 6.876523733139038, "61": 6.912358283996582, "62": 6.78473687171936, "63": 6.896910905838013, "64": 6.896560907363892, "65": 6.869790315628052, "66": 6.882059097290039, "67": 6.981365203857422, "68": 7.01545786857605, "69": 6.8961381912231445, "70": 6.780690908432007, "71": 6.883913278579712, "72": 6.77300763130188, "73": 6.805082559585571, "74": 7.096298933029175, "75": 6.772348403930664, "76": 6.88582444190979, "77": 6.874136686325073, "78": 6.895727872848511, "79": 6.8821001052856445, "80": 6.775121450424194, "81": 6.879953384399414, "82": 6.766197919845581, "83": 6.885739088058472, "84": 6.889832019805908, "85": 6.886677026748657, "86": 6.795950889587402, "87": 6.7840986251831055, "88": 6.879873991012573, "89": 6.766887426376343, "90": 6.886547088623047, "91": 6.8014562129974365, "92": 6.894511699676514, "93": 6.9371137619018555, "94": 6.888097524642944, "95": 6.901837587356567, "96": 11.457919120788574, "97": 8.534529209136963, "98": 7.581717014312744, "99": 6.9088685512542725, "100": 6.864564895629883}