{"1": 37.61541962623596, "2": 15.581648111343384, "3": 14.981269598007202, "4": 14.514528512954712, "5": 20.524851083755493, "6": 16.97480058670044, "7": 16.28737783432007, "8": 15.957024335861206, "9": 20.55912208557129, "10": 19.62527823448181, "11": 16.53777313232422, "12": 27.615665197372437, "13": 22.051767349243164, "14": 16.568877458572388, "15": 27.067096948623657, "16": 16.72947669029236, "17": 20.732226848602295, "18": 19.88599920272827, "19": 16.881950616836548, "20": 17.10425615310669, "21": 25.447492837905884, "22": 16.982896089553833, "23": 17.020379543304443, "24": 17.36663818359375, "25": 17.772783279418945, "26": 18.49037766456604, "27": 30.713798999786377, "28": 17.80193829536438, "29": 24.487462282180786, "30": 21.741538286209106, "31": 20.16852116584778, "32": 26.008042335510254, "33": 17.676368474960327, "34": 26.22422456741333, "35": 21.53089427947998, "36": 26.64752745628357, "37": 22.91865849494934, "38": 25.073381662368774, "39": 17.18753981590271, "40": 20.52823495864868, "41": 18.273732662200928, "42": 18.11399745941162}