{"1": 149.6895980834961, "2": 41.90506958961487, "3": 6.995666027069092, "4": 6.980349540710449, "5": 6.88232684135437, "6": 7.086822271347046, "7": 7.031454086303711, "8": 7.737292766571045, "9": 6.902914524078369, "10": 6.898518800735474, "11": 6.879120349884033, "12": 6.897073268890381, "13": 7.008935213088989, "14": 6.890126705169678, "15": 6.878688335418701, "16": 7.007802963256836, "17": 6.992177486419678, "18": 6.979098320007324, "19": 6.896018028259277, "20": 7.004542589187622, "21": 7.297847270965576, "22": 6.996301889419556, "23": 6.900378227233887, "24": 6.981142282485962, "25": 7.006627321243286, "26": 6.9974141120910645, "27": 6.902330160140991, "28": 7.105841636657715, "29": 7.0047242641448975, "30": 6.997352123260498, "31": 6.89055061340332, "32": 6.945263385772705, "33": 6.892465353012085, "34": 6.974938869476318, "35": 6.999979734420776, "36": 7.288978338241577, "37": 7.001604795455933, "38": 7.48262619972229, "39": 6.998797416687012, "40": 7.112043619155884, "41": 6.877891540527344, "42": 6.887906551361084, "43": 6.996687650680542, "44": 7.082549571990967, "45": 6.997857332229614, "46": 6.892169952392578, "47": 6.996981382369995, "48": 6.989405632019043, "49": 6.990011930465698, "50": 6.886289834976196, "51": 7.193365812301636, "52": 6.882429599761963, "53": 6.896326065063477, "54": 6.921407461166382, "55": 7.067474842071533, "56": 6.905122756958008, "57": 6.993290424346924, "58": 7.011969804763794, "59": 7.090746164321899, "60": 6.973894119262695, "61": 6.993906736373901, "62": 7.0135064125061035, "63": 7.020445823669434, "64": 6.980485200881958, "65": 6.98682427406311, "66": 6.9971723556518555, "67": 7.08051872253418, "68": 7.006786823272705, "69": 6.877918004989624, "70": 7.083573818206787, "71": 7.098972797393799, "72": 6.983864784240723, "73": 6.9956889152526855, "74": 6.987060546875, "75": 6.990497827529907, "76": 6.981861591339111, "77": 7.024023056030273, "78": 7.096110582351685, "79": 6.876157760620117, "80": 6.9826579093933105, "81": 6.9965784549713135, "82": 7.095336675643921, "83": 7.181095838546753, "84": 6.9832377433776855, "85": 7.004037618637085, "86": 7.011451482772827, "87": 6.978986024856567, "88": 7.086706161499023, "89": 7.127180337905884, "90": 7.132320404052734, "91": 6.890807390213013, "92": 6.987820386886597, "93": 7.084076166152954, "94": 6.995924711227417, "95": 7.106733322143555, "96": 6.885932445526123, "97": 7.102421522140503, "98": 7.102356433868408, "99": 7.02026104927063, "100": 6.985368251800537}