{"1": 45.49135494232178, "2": 18.447601556777954, "3": 24.583953380584717, "4": 27.222070455551147, "5": 22.56931161880493, "6": 23.801746606826782, "7": 29.406100273132324, "8": 26.571240186691284, "9": 27.896384716033936, "10": 23.676541566848755}