{"1": 48.993332386016846, "2": 18.822831630706787, "3": 24.79117751121521, "4": 28.478986978530884, "5": 23.360926628112793, "6": 24.950681447982788, "7": 27.741474390029907, "8": 25.589348077774048, "9": 27.926316499710083, "10": 24.11652398109436}