{"1": 72.78968167304993, "2": 53.58589434623718, "3": 49.50600862503052, "4": 57.04765725135803, "5": 65.9464979171753, "6": 49.2763774394989, "7": 53.121264934539795, "8": 59.545084714889526, "9": 56.76886510848999, "10": 61.37963104248047}