{"1": 163.133065700531, "2": 39.92222571372986, "3": 7.499346971511841, "4": 7.0862226486206055, "5": 7.199083566665649, "6": 7.208811521530151, "7": 7.09610915184021, "8": 7.290998458862305, "9": 7.434798955917358, "10": 7.3183557987213135, "11": 7.175705909729004, "12": 6.903661489486694, "13": 7.186213731765747, "14": 7.492548942565918, "15": 7.59880518913269, "16": 7.493227005004883, "17": 6.813672780990601, "18": 6.674243927001953, "19": 6.792081832885742, "20": 6.779010057449341, "21": 6.972649812698364, "22": 6.885732889175415, "23": 6.881668567657471, "24": 6.782418489456177, "25": 6.783663272857666, "26": 6.770950555801392, "27": 6.970088958740234, "28": 6.789201974868774, "29": 7.075762748718262, "30": 6.870237588882446, "31": 6.897774696350098, "32": 6.812116384506226, "33": 7.52045464515686, "34": 6.794431686401367, "35": 6.785992383956909, "36": 6.778486728668213, "37": 6.777753829956055, "38": 6.901097774505615, "39": 6.7735755443573, "40": 6.821437358856201, "41": 6.90674614906311, "42": 6.77399206161499, "43": 6.8248610496521, "44": 6.835916757583618, "45": 6.797991752624512, "46": 6.8104164600372314, "47": 6.790163040161133, "48": 6.872434616088867, "49": 6.775101184844971, "50": 6.682842493057251, "51": 6.886218786239624, "52": 6.933163404464722, "53": 6.712526321411133, "54": 6.796178579330444, "55": 6.7753143310546875, "56": 6.879968643188477, "57": 6.888385772705078, "58": 6.675575256347656, "59": 6.887857913970947, "60": 6.824905633926392, "61": 6.88004207611084, "62": 6.79599928855896, "63": 6.807713031768799, "64": 6.799841403961182, "65": 6.7977728843688965, "66": 6.903115510940552, "67": 6.804357051849365, "68": 6.810606241226196, "69": 6.784802675247192, "70": 6.8822925090789795, "71": 6.785690069198608, "72": 6.896162033081055, "73": 6.815996885299683, "74": 6.875262498855591, "75": 6.792070627212524, "76": 6.884744644165039, "77": 6.782285451889038, "78": 6.886929988861084, "79": 6.908709287643433, "80": 7.073107481002808, "81": 7.007416248321533, "82": 6.784046649932861, "83": 6.914083480834961, "84": 6.878207683563232, "85": 6.784885883331299, "86": 6.891336679458618, "87": 6.906048536300659, "88": 7.807448148727417, "89": 7.258727073669434, "90": 6.982779502868652, "91": 6.884350299835205, "92": 6.807077884674072, "93": 6.811702013015747, "94": 6.801225185394287, "95": 6.921305894851685, "96": 6.818515062332153, "97": 6.896486520767212, "98": 6.898839950561523, "99": 6.8828043937683105, "100": 6.903744697570801}