{"1": 106.20481944084167, "2": 41.92758798599243, "3": 41.35505723953247, "4": 7.802388668060303, "5": 6.7861857414245605, "6": 6.886805772781372, "7": 6.672614574432373, "8": 6.789105415344238, "9": 6.802694082260132, "10": 6.893684148788452, "11": 6.7801833152771, "12": 6.810060024261475, "13": 6.780526161193848, "14": 6.6789257526397705, "15": 6.669389486312866, "16": 6.788529634475708, "17": 6.784221172332764, "18": 6.789342641830444, "19": 6.7099997997283936, "20": 6.789576292037964, "21": 6.689560413360596, "22": 6.794799089431763, "23": 6.9044318199157715, "24": 6.69068455696106, "25": 6.794505834579468, "26": 6.780385494232178, "27": 6.682906150817871, "28": 6.685288906097412, "29": 6.8136842250823975, "30": 6.7805495262146, "31": 6.880527019500732, "32": 6.702272176742554, "33": 6.682180166244507, "34": 6.914007663726807, "35": 6.789392709732056, "36": 6.811323165893555, "37": 6.789191246032715, "38": 6.798196315765381, "39": 6.7805016040802, "40": 6.792835712432861, "41": 6.875773668289185, "42": 6.878541469573975, "43": 7.617112636566162, "44": 6.6845152378082275, "45": 6.775451898574829, "46": 6.906904220581055, "47": 6.874818801879883, "48": 6.9055376052856445, "49": 6.885425090789795, "50": 6.76789927482605, "51": 6.6800172328948975, "52": 6.896044731140137, "53": 6.785868167877197, "54": 6.795387029647827, "55": 6.788675308227539, "56": 6.890270948410034, "57": 6.779456615447998, "58": 6.796755790710449, "59": 6.808786630630493, "60": 6.785308361053467, "61": 6.815394878387451, "62": 6.783341646194458, "63": 6.788650274276733, "64": 6.873198747634888, "65": 6.785761594772339, "66": 6.77904748916626, "67": 6.783177852630615, "68": 6.884476184844971, "69": 6.87565279006958, "70": 6.881972312927246, "71": 6.886916399002075, "72": 6.793374300003052, "73": 6.885394096374512, "74": 6.793877840042114, "75": 6.793309688568115, "76": 6.799881458282471, "77": 6.787693738937378, "78": 6.804698467254639, "79": 6.978748321533203, "80": 6.8118555545806885, "81": 6.8896872997283936, "82": 6.890331745147705, "83": 6.889820098876953, "84": 6.799572229385376, "85": 6.905462265014648, "86": 6.769616365432739, "87": 6.790750026702881, "88": 6.896156549453735, "89": 6.987744569778442, "90": 6.79001259803772, "91": 6.777501106262207, "92": 6.882168292999268, "93": 6.774044513702393, "94": 7.004969596862793, "95": 6.871711015701294, "96": 6.814662933349609, "97": 6.79322624206543, "98": 6.790456295013428, "99": 6.810627460479736, "100": 6.778736114501953}