{"4": {"1": {"metrics": {"client_number": 4, "loss": 0.044829707100240215, "accuracy": 0.5905511811023622}}}, "2": {"1": {"metrics": {"client_number": 2, "loss": 0.0073696684816441736, "accuracy": 0.9287627209426889}}}, "3": {"1": {"metrics": {"client_number": 3, "loss": 0.021445868742305602, "accuracy": 0.7721973094170403}}}, "1": {"1": {"metrics": {"client_number": 1, "loss": 0.013925528370501476, "accuracy": 0.8569006442861987}}}, "0": {"1": {"metrics": {"client_number": 0, "loss": 0.026558829886773605, "accuracy": 0.7593393629571372}}}}