{"1": 108.37332439422607, "2": 123.84753108024597, "3": 137.39002227783203, "4": 181.58201909065247, "5": 167.51960492134094, "6": 153.80572819709778}