{"1": 113.62497735023499, "2": 92.50753402709961, "3": 97.13918280601501, "4": 90.49768209457397, "5": 98.6789493560791, "6": 99.54989528656006, "7": 94.48703527450562, "8": 77.27933049201965}