{"1": 71.37130498886108, "2": 53.328418493270874, "3": 53.419108390808105, "4": 65.12801957130432, "5": 72.52307510375977, "6": 55.756065368652344, "7": 50.92086315155029, "8": 57.835397720336914, "9": 58.153133153915405, "10": 66.7173364162445}