{"1": 58.2740695476532, "2": 40.4312469959259, "3": 32.68632435798645, "4": 18.880969285964966, "5": 38.88111710548401, "6": 6.672640085220337, "7": 6.598357439041138, "8": 6.590906381607056, "9": 6.577029705047607, "10": 6.495027780532837, "11": 6.469470024108887, "12": 6.572644472122192, "13": 6.568592309951782, "14": 6.4805591106414795, "15": 6.628629207611084, "16": 6.477654933929443, "17": 6.684441804885864, "18": 6.58374547958374, "19": 6.617091417312622, "20": 6.461877346038818, "21": 6.472510099411011, "22": 6.698009729385376, "23": 6.572854042053223, "24": 6.578725814819336, "25": 6.391191244125366, "26": 6.571610450744629, "27": 6.691799163818359, "28": 6.793408393859863, "29": 6.731348276138306, "30": 6.520139217376709, "31": 6.698235750198364, "32": 6.685637712478638, "33": 6.771114349365234, "34": 6.700933456420898, "35": 6.572422981262207, "36": 6.570488691329956, "37": 6.7038280963897705, "38": 6.489926815032959, "39": 6.6707165241241455, "40": 6.696907997131348, "41": 6.764113187789917, "42": 7.1050074100494385, "43": 7.7606446743011475, "44": 6.664224624633789, "45": 6.575427055358887, "46": 6.678579807281494, "47": 6.872490406036377, "48": 6.674468278884888, "49": 6.685797452926636, "50": 6.680756568908691, "51": 6.798130512237549, "52": 6.622800350189209, "53": 6.675077199935913, "54": 6.7767908573150635, "55": 6.670892715454102, "56": 6.674758672714233, "57": 6.685657501220703, "58": 6.6926538944244385, "59": 6.661947965621948, "60": 6.665818691253662, "61": 6.768920183181763, "62": 6.96729850769043, "63": 6.67348837852478, "64": 6.681381464004517, "65": 6.806615591049194, "66": 6.807283163070679, "67": 6.689581394195557, "68": 6.692536354064941, "69": 6.822459936141968, "70": 6.664737939834595, "71": 6.809737205505371, "72": 6.710702180862427, "73": 6.795844554901123, "74": 6.692632675170898, "75": 6.716344356536865, "76": 6.770541429519653, "77": 6.825494289398193, "78": 6.6792449951171875, "79": 6.787658929824829, "80": 6.7744646072387695, "81": 6.906732559204102, "82": 6.577238082885742, "83": 6.795561790466309, "84": 6.577141284942627, "85": 6.7141547203063965, "86": 6.679018020629883, "87": 6.77652907371521, "88": 6.776995897293091, "89": 6.672823667526245, "90": 6.671853065490723, "91": 6.780187368392944, "92": 6.575382232666016, "93": 6.773003578186035, "94": 6.78930139541626, "95": 6.893096685409546, "96": 6.779458045959473, "97": 6.77781867980957, "98": 6.75053858757019, "99": 6.776664972305298, "100": 6.669702529907227}