{"1": 123.44384455680847, "2": 31.97355365753174, "3": 40.087862968444824, "4": 6.6833765506744385, "5": 6.8909642696380615, "6": 6.711535215377808, "7": 6.776546478271484, "8": 6.799858808517456, "9": 6.693145513534546, "10": 6.681988000869751, "11": 7.911471605300903, "12": 6.586761713027954, "13": 6.583828449249268, "14": 6.616987228393555, "15": 6.594237804412842, "16": 6.668331146240234, "17": 6.780618190765381, "18": 6.679273366928101, "19": 6.778656482696533, "20": 7.012069225311279, "21": 6.801748514175415, "22": 6.868460178375244, "23": 6.7889440059661865, "24": 6.679136276245117, "25": 6.787460565567017, "26": 6.780217170715332, "27": 6.688242197036743, "28": 6.792224168777466, "29": 6.800823926925659, "30": 6.785096168518066, "31": 6.822798013687134, "32": 6.6766979694366455, "33": 6.68191123008728, "34": 6.70502781867981, "35": 6.709575176239014, "36": 8.135068416595459, "37": 7.310642242431641, "38": 6.872316360473633, "39": 6.788723707199097, "40": 6.675936460494995, "41": 6.885582685470581, "42": 6.776334524154663, "43": 6.878300666809082, "44": 6.8060243129730225, "45": 7.108107805252075, "46": 6.882485628128052, "47": 6.806427955627441, "48": 6.765828609466553, "49": 6.678621292114258, "50": 6.7920966148376465, "51": 6.782208681106567, "52": 6.792431592941284, "53": 6.773177862167358, "54": 6.7736570835113525, "55": 6.977428913116455, "56": 6.798941135406494, "57": 6.806398391723633, "58": 6.9756996631622314, "59": 7.239843845367432, "60": 7.088742256164551, "61": 7.013209581375122, "62": 8.170067548751831, "63": 8.096354484558105, "64": 6.897788047790527, "65": 6.884186506271362, "66": 6.8934338092803955, "67": 6.875272750854492, "68": 6.9107043743133545, "69": 7.08219575881958, "70": 6.894073724746704, "71": 6.879357099533081, "72": 6.77612566947937, "73": 6.797560691833496, "74": 6.90088415145874, "75": 6.8741774559021, "76": 6.8898024559021, "77": 6.7871809005737305, "78": 6.8771936893463135, "79": 6.799941301345825, "80": 6.913958787918091, "81": 6.98898983001709, "82": 6.69999885559082, "83": 6.888169050216675, "84": 6.77548623085022, "85": 6.8846728801727295, "86": 6.839159965515137, "87": 6.923452377319336, "88": 6.887622594833374, "89": 6.894679307937622, "90": 6.783832311630249, "91": 6.8721678256988525, "92": 6.8888983726501465, "93": 7.024169921875, "94": 6.811084032058716, "95": 7.108233690261841, "96": 6.8855814933776855, "97": 6.702672243118286, "98": 6.889769554138184, "99": 6.914728403091431, "100": 6.775895595550537}