{"3": {"1": {"metrics": {"client_number": 3, "loss": 0.05126435309648514, "accuracy": 0.5738054607508533}}}, "2": {"1": {"metrics": {"client_number": 2, "loss": 0.08661475803768426, "accuracy": 0.49698464912280704}}}, "1": {"1": {"metrics": {"client_number": 1, "loss": 0.11832485776147528, "accuracy": 0.5915703893881044}}}, "0": {"1": {"metrics": {"client_number": 0, "loss": 0.07500251731564922, "accuracy": 0.6060215053763441}}}, "4": {"1": {"metrics": {"client_number": 4, "loss": 0.077629501647295, "accuracy": 0.5855451204573295}}}}