{"1": {"1": {"metrics": {"client_number": 1, "loss": 8.081281504820225, "accuracy": 0.030179721939640556}}, "2": {"metrics": {"client_number": 1, "loss": 0.7039122473146601, "accuracy": 0.030179721939640556}}, "3": {"metrics": {"client_number": 1, "loss": 0.4426285008650062, "accuracy": 0.02814513394370973}}, "4": {"metrics": {"client_number": 1, "loss": 0.17046044292430548, "accuracy": 0.3306205493387589}}, "5": {"metrics": {"client_number": 1, "loss": 0.2765234568516009, "accuracy": 0.340793489318413}}, "6": {"metrics": {"client_number": 1, "loss": 0.28211153010345386, "accuracy": 0.6463207867073584}}, "7": {"metrics": {"client_number": 1, "loss": 0.23665464930956384, "accuracy": 0.5785011868429977}}, "8": {"metrics": {"client_number": 1, "loss": 0.116533854404681, "accuracy": 0.602238046795524}}, "9": {"metrics": {"client_number": 1, "loss": 0.14188652056360618, "accuracy": 0.6219057307561885}}, "10": {"metrics": {"client_number": 1, "loss": 0.015960359837122625, "accuracy": 0.854526958290946}}}, "4": {"1": {"metrics": {"client_number": 4, "loss": 6.125574307178888, "accuracy": 0.4513054289266473}}, "2": {"metrics": {"client_number": 4, "loss": 0.4784251417404282, "accuracy": 0.44881889763779526}}, "3": {"metrics": {"client_number": 4, "loss": 0.25620650257058425, "accuracy": 0.40323249067550765}}, "4": {"metrics": {"client_number": 4, "loss": 0.2720433645015231, "accuracy": 0.3580605055946954}}, "5": {"metrics": {"client_number": 4, "loss": 0.29939568927067717, "accuracy": 0.33568172399502694}}, "6": {"metrics": {"client_number": 4, "loss": 0.3364786546456582, "accuracy": 0.36220472440944884}}, "7": {"metrics": {"client_number": 4, "loss": 0.12231653733615108, "accuracy": 0.47409863240779115}}, "8": {"metrics": {"client_number": 4, "loss": 0.06986120346913534, "accuracy": 0.546622461665976}}, "9": {"metrics": {"client_number": 4, "loss": 0.06680610404190462, "accuracy": 0.533360961458765}}, "10": {"metrics": {"client_number": 4, "loss": 0.09654486273217389, "accuracy": 0.4616659759635309}}}, "0": {"1": {"metrics": {"client_number": 0, "loss": 10.423082862460983, "accuracy": 0.0}}, "2": {"metrics": {"client_number": 0, "loss": 0.45512754280549356, "accuracy": 0.2583562721195439}}, "3": {"metrics": {"client_number": 0, "loss": 0.08382379966507827, "accuracy": 0.7090051120723555}}, "4": {"metrics": {"client_number": 0, "loss": 0.14810984874399824, "accuracy": 0.6964215493511601}}, "5": {"metrics": {"client_number": 0, "loss": 0.05941599886388325, "accuracy": 0.6787259142744789}}, "6": {"metrics": {"client_number": 0, "loss": 0.13455718772129144, "accuracy": 0.7168698387731026}}, "7": {"metrics": {"client_number": 0, "loss": 0.11662193700360633, "accuracy": 0.6732206055839559}}, "8": {"metrics": {"client_number": 0, "loss": 0.07260392980691817, "accuracy": 0.6834447502949272}}, "9": {"metrics": {"client_number": 0, "loss": 0.07830499590169807, "accuracy": 0.6913094769956744}}, "10": {"metrics": {"client_number": 0, "loss": 0.027719178539160616, "accuracy": 0.8014156508061345}}}, "3": {"1": {"metrics": {"client_number": 3, "loss": 13.303358466315162, "accuracy": 0.008968609865470852}}, "2": {"metrics": {"client_number": 3, "loss": 0.5618571029115685, "accuracy": 0.059641255605381166}}, "3": {"metrics": {"client_number": 3, "loss": 0.3946822042422444, "accuracy": 0.059641255605381166}}, "4": {"metrics": {"client_number": 3, "loss": 0.496580601166182, "accuracy": 0.05739910313901345}}, "5": {"metrics": {"client_number": 3, "loss": 0.27685965422557607, "accuracy": 0.22242152466367712}}, "6": {"metrics": {"client_number": 3, "loss": 0.32606086132237727, "accuracy": 0.2179372197309417}}, "7": {"metrics": {"client_number": 3, "loss": 0.41564436856941256, "accuracy": 0.19551569506726457}}, "8": {"metrics": {"client_number": 3, "loss": 0.26128124014679094, "accuracy": 0.22511210762331837}}, "9": {"metrics": {"client_number": 3, "loss": 0.0796426907783132, "accuracy": 0.6838565022421524}}, "10": {"metrics": {"client_number": 3, "loss": 0.03881265459573857, "accuracy": 0.6946188340807175}}}, "2": {"1": {"metrics": {"client_number": 2, "loss": 7.555529029981044, "accuracy": 0.0010712372790573112}}, "2": {"metrics": {"client_number": 2, "loss": 0.2756354199671528, "accuracy": 0.2147830744509909}}, "3": {"metrics": {"client_number": 2, "loss": 0.25474719510847194, "accuracy": 0.22228173540439208}}, "4": {"metrics": {"client_number": 2, "loss": 0.19658816633341972, "accuracy": 0.25549009105516873}}, "5": {"metrics": {"client_number": 2, "loss": 0.2635892731146054, "accuracy": 0.2512051419389395}}, "6": {"metrics": {"client_number": 2, "loss": 0.4848283911747414, "accuracy": 0.401178361006963}}, "7": {"metrics": {"client_number": 2, "loss": 0.4172647222836642, "accuracy": 0.401178361006963}}, "8": {"metrics": {"client_number": 2, "loss": 0.0597595776474661, "accuracy": 0.7964649169791109}}, "9": {"metrics": {"client_number": 2, "loss": 0.007178517897530041, "accuracy": 0.9276914836636315}}, "10": {"metrics": {"client_number": 2, "loss": 0.015419381231181304, "accuracy": 0.8639528655597215}}}}