{"1": 77.54682922363281, "2": 66.47022581100464, "3": 35.1060426235199, "4": 41.379276275634766, "5": 6.7938737869262695, "6": 6.774777173995972, "7": 6.878248453140259, "8": 6.7813708782196045, "9": 6.715604782104492, "10": 6.78529691696167, "11": 6.776192903518677, "12": 7.511872291564941, "13": 7.081190586090088, "14": 6.805182456970215, "15": 6.793879747390747, "16": 6.703593969345093, "17": 6.76789665222168, "18": 6.976971387863159, "19": 6.69900369644165, "20": 6.703181505203247, "21": 7.29067325592041, "22": 6.769546031951904, "23": 6.8130879402160645, "24": 6.706069469451904, "25": 6.680519342422485, "26": 6.7700231075286865, "27": 6.673503398895264, "28": 6.687808036804199, "29": 6.779098749160767, "30": 6.769699335098267, "31": 6.6754820346832275, "32": 6.689787149429321, "33": 6.691838502883911, "34": 6.7887022495269775, "35": 6.713170766830444, "36": 6.681643724441528, "37": 6.818286418914795, "38": 6.70528769493103, "39": 6.815919876098633, "40": 6.6833274364471436, "41": 6.779008865356445, "42": 6.906221151351929, "43": 6.586608648300171, "44": 6.781662464141846, "45": 6.679219961166382, "46": 6.776736259460449, "47": 6.803174257278442, "48": 6.818502902984619, "49": 6.67188286781311, "50": 6.809696912765503, "51": 6.6818015575408936, "52": 6.671130418777466, "53": 6.683654308319092, "54": 6.70226788520813, "55": 6.701115846633911, "56": 6.774342775344849, "57": 6.800552845001221, "58": 6.77696418762207, "59": 6.749347925186157, "60": 6.813040018081665, "61": 6.772503137588501, "62": 6.68121337890625, "63": 6.679438829421997, "64": 6.773386001586914, "65": 6.911925315856934, "66": 6.790339946746826, "67": 6.785131216049194, "68": 6.693292856216431, "69": 6.789982318878174, "70": 6.806270599365234, "71": 6.713569164276123, "72": 6.782546281814575, "73": 6.773060083389282, "74": 6.787349462509155, "75": 6.598769664764404, "76": 6.677272081375122, "77": 6.818510055541992, "78": 6.580485582351685, "79": 6.669405460357666, "80": 6.880954027175903, "81": 6.684315919876099, "82": 6.79643440246582, "83": 6.781362056732178, "84": 6.827216148376465, "85": 6.7944042682647705, "86": 6.687617540359497, "87": 6.686352491378784, "88": 6.896529197692871, "89": 6.801844120025635, "90": 6.911672115325928, "91": 6.900516510009766, "92": 6.7830588817596436, "93": 6.681720495223999, "94": 6.802182912826538, "95": 6.7892210483551025, "96": 6.703976392745972, "97": 6.670269727706909, "98": 6.801129341125488, "99": 6.666491985321045, "100": 6.794159650802612}