{"2": {"1": {"metrics": {"client_number": 2, "loss": 7.666671044921875, "accuracy": 0.098}}, "2": {"metrics": {"client_number": 2, "loss": 1.9112625755310058, "accuracy": 0.2111}}, "3": {"metrics": {"client_number": 2, "loss": 0.1252923448562622, "accuracy": 0.309}}, "4": {"metrics": {"client_number": 2, "loss": 0.1947543487071991, "accuracy": 0.4037}}, "5": {"metrics": {"client_number": 2, "loss": 0.160982612323761, "accuracy": 0.4949}}, "6": {"metrics": {"client_number": 2, "loss": 0.10029707589149475, "accuracy": 0.5703}}, "7": {"metrics": {"client_number": 2, "loss": 0.09115812811851501, "accuracy": 0.6368}}, "8": {"metrics": {"client_number": 2, "loss": 0.05628226524591446, "accuracy": 0.7467}}, "9": {"metrics": {"client_number": 2, "loss": 0.03675762162208557, "accuracy": 0.7907}}, "10": {"metrics": {"client_number": 2, "loss": 0.011273785389540717, "accuracy": 0.8749}}}, "1": {"1": {"metrics": {"client_number": 1, "loss": 6.795480838012695, "accuracy": 0.098}}, "2": {"metrics": {"client_number": 1, "loss": 0.33299002876281736, "accuracy": 0.2111}}, "3": {"metrics": {"client_number": 1, "loss": 0.15941642546653748, "accuracy": 0.3084}}, "4": {"metrics": {"client_number": 1, "loss": 0.179516078042984, "accuracy": 0.4028}}, "5": {"metrics": {"client_number": 1, "loss": 0.11554176597595214, "accuracy": 0.4905}}, "6": {"metrics": {"client_number": 1, "loss": 0.10503935334682464, "accuracy": 0.571}}, "7": {"metrics": {"client_number": 1, "loss": 0.08622135298252105, "accuracy": 0.6513}}, "8": {"metrics": {"client_number": 1, "loss": 0.0519112495303154, "accuracy": 0.747}}, "9": {"metrics": {"client_number": 1, "loss": 0.04522825988531113, "accuracy": 0.7618}}, "10": {"metrics": {"client_number": 1, "loss": 0.014141599063575268, "accuracy": 0.8249}}}, "0": {"1": {"metrics": {"client_number": 0, "loss": 5.660481991577148, "accuracy": 0.098}}, "2": {"metrics": {"client_number": 0, "loss": 0.41049084796905516, "accuracy": 0.2109}}, "3": {"metrics": {"client_number": 0, "loss": 0.1668658579349518, "accuracy": 0.3109}}, "4": {"metrics": {"client_number": 0, "loss": 0.1695998218536377, "accuracy": 0.4009}}, "5": {"metrics": {"client_number": 0, "loss": 0.10754752230644227, "accuracy": 0.4903}}, "6": {"metrics": {"client_number": 0, "loss": 0.09396104669570923, "accuracy": 0.5673}}, "7": {"metrics": {"client_number": 0, "loss": 0.09798513772487641, "accuracy": 0.6542}}, "8": {"metrics": {"client_number": 0, "loss": 0.04703635903596878, "accuracy": 0.7332}}, "9": {"metrics": {"client_number": 0, "loss": 0.0370307003736496, "accuracy": 0.7926}}, "10": {"metrics": {"client_number": 0, "loss": 0.017322481134161353, "accuracy": 0.8187}}}, "3": {"1": {"metrics": {"client_number": 3, "loss": 6.37931714477539, "accuracy": 0.098}}, "2": {"metrics": {"client_number": 3, "loss": 0.9812751914978027, "accuracy": 0.2111}}, "3": {"metrics": {"client_number": 3, "loss": 0.1671024803638458, "accuracy": 0.3102}}, "4": {"metrics": {"client_number": 3, "loss": 0.1847909255504608, "accuracy": 0.4019}}, "5": {"metrics": {"client_number": 3, "loss": 0.17871889390945433, "accuracy": 0.4951}}, "6": {"metrics": {"client_number": 3, "loss": 0.1301845694065094, "accuracy": 0.565}}, "7": {"metrics": {"client_number": 3, "loss": 0.06515009434223175, "accuracy": 0.647}}, "8": {"metrics": {"client_number": 3, "loss": 0.06152446076869965, "accuracy": 0.7376}}, "9": {"metrics": {"client_number": 3, "loss": 0.04801072419881821, "accuracy": 0.8026}}, "10": {"metrics": {"client_number": 3, "loss": 0.011473332940787078, "accuracy": 0.8474}}}, "4": {"1": {"metrics": {"client_number": 4, "loss": 5.6018780334472655, "accuracy": 0.098}}, "2": {"metrics": {"client_number": 4, "loss": 0.686881591796875, "accuracy": 0.2113}}, "3": {"metrics": {"client_number": 4, "loss": 0.15006754179000856, "accuracy": 0.309}}, "4": {"metrics": {"client_number": 4, "loss": 0.14364159479141236, "accuracy": 0.3942}}, "5": {"metrics": {"client_number": 4, "loss": 0.133587397813797, "accuracy": 0.4948}}, "6": {"metrics": {"client_number": 4, "loss": 0.10137842977046967, "accuracy": 0.5816}}, "7": {"metrics": {"client_number": 4, "loss": 0.09556488857269287, "accuracy": 0.6595}}, "8": {"metrics": {"client_number": 4, "loss": 0.058336184442043304, "accuracy": 0.7431}}, "9": {"metrics": {"client_number": 4, "loss": 0.04118261045217514, "accuracy": 0.7732}}, "10": {"metrics": {"client_number": 4, "loss": 0.01158327821358107, "accuracy": 0.8503}}}}