{"1": 1906.3347725868225, "2": 295.96141743659973, "3": 34.551366329193115, "4": 31.82792377471924, "5": 35.66481161117554, "6": 38.041234493255615, "7": 35.63021421432495, "8": 38.363017320632935, "9": 33.84397768974304, "10": 37.53591704368591, "11": 34.324000120162964, "12": 36.93750715255737, "13": 34.762913942337036, "14": 36.47699809074402, "15": 33.0317645072937, "16": 37.348434925079346, "17": 34.822134256362915, "18": 34.951568603515625, "19": 37.254446268081665, "20": 34.194143533706665, "21": 36.309860944747925, "22": 35.0518524646759, "23": 39.18241310119629, "24": 33.95140051841736, "25": 39.408488750457764, "26": 33.70975971221924, "27": 36.11120557785034, "28": 35.032304763793945, "29": 35.673824071884155, "30": 36.56813454627991, "31": 35.314881801605225, "32": 35.916205406188965, "33": 34.441468954086304, "34": 32.50021290779114, "35": 37.22163200378418, "36": 38.526530742645264, "37": 36.10210037231445, "38": 37.46745419502258, "39": 34.26277136802673, "40": 34.131436824798584, "41": 37.76757550239563, "42": 32.15769553184509, "43": 36.94847226142883, "44": 35.86798334121704, "45": 37.62184953689575, "46": 31.438933610916138, "47": 32.73203659057617, "48": 34.534847021102905, "49": 37.09875559806824, "50": 32.714969873428345, "51": 35.82007122039795, "52": 34.65143299102783, "53": 32.75994372367859, "54": 35.25183820724487, "55": 32.6464421749115, "56": 29.589428663253784, "57": 37.15168595314026, "58": 36.93602180480957, "59": 35.00231075286865, "60": 36.315377712249756}