{"1": 131.17532014846802, "2": 18.820210695266724, "3": 41.294060468673706, "4": 8.062381267547607, "5": 6.923206567764282, "6": 7.071985960006714, "7": 6.772717714309692, "8": 6.888947486877441, "9": 6.7892844676971436, "10": 6.778280258178711, "11": 6.9879984855651855, "12": 6.772612810134888, "13": 6.677526950836182, "14": 6.895742416381836, "15": 6.798768758773804, "16": 6.667324066162109, "17": 6.898587703704834, "18": 6.789875507354736, "19": 6.784611940383911, "20": 7.1157073974609375, "21": 6.767159938812256, "22": 6.879601240158081, "23": 6.768949747085571, "24": 6.890244245529175, "25": 6.782212495803833, "26": 6.770004987716675, "27": 6.905682563781738, "28": 6.766544818878174, "29": 6.7830352783203125, "30": 6.786494970321655, "31": 6.717802286148071, "32": 6.897109508514404, "33": 6.772128105163574, "34": 6.79272198677063, "35": 6.78918194770813, "36": 6.783218145370483, "37": 6.8040220737457275, "38": 6.813358783721924, "39": 6.7977399826049805, "40": 6.890262126922607, "41": 6.793255805969238, "42": 6.815680027008057, "43": 7.623304605484009, "44": 7.385885238647461, "45": 7.703080415725708, "46": 6.793804883956909, "47": 6.771008491516113, "48": 6.795758485794067, "49": 6.783558368682861, "50": 6.973616600036621, "51": 6.7744903564453125, "52": 6.9192540645599365, "53": 6.799581289291382, "54": 6.782347679138184, "55": 6.901851415634155, "56": 6.820570945739746, "57": 6.7920660972595215, "58": 6.773948907852173, "59": 6.787674188613892, "60": 7.0216100215911865, "61": 6.793282747268677, "62": 6.787796974182129, "63": 6.7684409618377686, "64": 6.873750448226929, "65": 6.787563323974609, "66": 6.766343593597412, "67": 6.781163215637207, "68": 6.988048791885376, "69": 6.679216623306274, "70": 6.779526472091675, "71": 6.781666278839111, "72": 6.7781455516815186, "73": 6.772087335586548, "74": 6.939681768417358, "75": 6.785156488418579, "76": 6.774730682373047, "77": 6.783634424209595, "78": 6.806243658065796, "79": 6.679105997085571, "80": 6.878846645355225, "81": 6.797950506210327, "82": 6.7705323696136475, "83": 6.780081033706665, "84": 6.774058818817139, "85": 6.772594451904297, "86": 6.784655332565308, "87": 6.827304363250732, "88": 6.793788433074951, "89": 6.8815016746521, "90": 6.7839155197143555, "91": 6.8820414543151855, "92": 6.912407636642456, "93": 6.78321385383606, "94": 6.708601236343384, "95": 6.7759363651275635, "96": 6.797039747238159, "97": 6.80895471572876, "98": 6.799347162246704, "99": 6.783981084823608, "100": 6.805662393569946}