{"3": {"1": {"metrics": {"client_number": 3, "loss": 0.2856014513318449, "accuracy": 0.2787969283276451}}, "2": {"metrics": {"client_number": 3, "loss": 0.18272118977312343, "accuracy": 0.5573805460750854}}, "3": {"metrics": {"client_number": 3, "loss": 0.1313089450675066, "accuracy": 0.6126279863481229}}, "4": {"metrics": {"client_number": 3, "loss": 0.06605370963189382, "accuracy": 0.6574232081911263}}, "5": {"metrics": {"client_number": 3, "loss": 0.032198616834325594, "accuracy": 0.75}}, "6": {"metrics": {"client_number": 3, "loss": 0.03431162805178874, "accuracy": 0.7054180887372014}}, "7": {"metrics": {"client_number": 3, "loss": 0.02297334718826281, "accuracy": 0.7493600682593856}}, "8": {"metrics": {"client_number": 3, "loss": 0.03634301982438605, "accuracy": 0.6299061433447098}}, "9": {"metrics": {"client_number": 3, "loss": 0.017458680661159978, "accuracy": 0.6708617747440273}}, "10": {"metrics": {"client_number": 3, "loss": 0.014414947047677056, "accuracy": 0.7175767918088737}}, "11": {"metrics": {"client_number": 3, "loss": 0.013223561327968035, "accuracy": 0.7367747440273038}}, "12": {"metrics": {"client_number": 3, "loss": 0.01264656075743685, "accuracy": 0.7485068259385665}}, "13": {"metrics": {"client_number": 3, "loss": 0.012152904231393704, "accuracy": 0.7559726962457338}}, "14": {"metrics": {"client_number": 3, "loss": 0.011934878825887072, "accuracy": 0.7583191126279863}}, "15": {"metrics": {"client_number": 3, "loss": 0.011954818213352165, "accuracy": 0.759598976109215}}, "16": {"metrics": {"client_number": 3, "loss": 0.011848258394938686, "accuracy": 0.7598122866894198}}, "17": {"metrics": {"client_number": 3, "loss": 0.01173882819585019, "accuracy": 0.7606655290102389}}, "18": {"metrics": {"client_number": 3, "loss": 0.011666770560393561, "accuracy": 0.7608788395904437}}, "19": {"metrics": {"client_number": 3, "loss": 0.011545561336667464, "accuracy": 0.7623720136518771}}, "20": {"metrics": {"client_number": 3, "loss": 0.011585642103703355, "accuracy": 0.7636518771331058}}, "21": {"metrics": {"client_number": 3, "loss": 0.011358043496773511, "accuracy": 0.7670648464163823}}, "22": {"metrics": {"client_number": 3, "loss": 0.011305969437336352, "accuracy": 0.7674914675767918}}, "23": {"metrics": {"client_number": 3, "loss": 0.011335994075640477, "accuracy": 0.7670648464163823}}, "24": {"metrics": {"client_number": 3, "loss": 0.011168324035741771, "accuracy": 0.7723976109215017}}, "25": {"metrics": {"client_number": 3, "loss": 0.011113058044591048, "accuracy": 0.7734641638225256}}, "26": {"metrics": {"client_number": 3, "loss": 0.01098780107681255, "accuracy": 0.7753839590443686}}, "27": {"metrics": {"client_number": 3, "loss": 0.011192485683759731, "accuracy": 0.7738907849829352}}, "28": {"metrics": {"client_number": 3, "loss": 0.01111728005085789, "accuracy": 0.7732508532423208}}, "29": {"metrics": {"client_number": 3, "loss": 0.01108004062503271, "accuracy": 0.7717576791808873}}, "30": {"metrics": {"client_number": 3, "loss": 0.011081852610048173, "accuracy": 0.7734641638225256}}}, "2": {"1": {"metrics": {"client_number": 2, "loss": 0.24533883991994357, "accuracy": 0.2480811403508772}}, "2": {"metrics": {"client_number": 2, "loss": 0.3037738222302052, "accuracy": 0.29714912280701755}}, "3": {"metrics": {"client_number": 2, "loss": 0.3319512150789562, "accuracy": 0.31524122807017546}}, "4": {"metrics": {"client_number": 2, "loss": 0.22513803970395474, "accuracy": 0.33908991228070173}}, "5": {"metrics": {"client_number": 2, "loss": 0.20795216398280963, "accuracy": 0.3782894736842105}}, "6": {"metrics": {"client_number": 2, "loss": 0.08135941310932762, "accuracy": 0.5197368421052632}}, "7": {"metrics": {"client_number": 2, "loss": 0.049443016972458155, "accuracy": 0.5457785087719298}}, "8": {"metrics": {"client_number": 2, "loss": 0.038024443021991795, "accuracy": 0.543859649122807}}, "9": {"metrics": {"client_number": 2, "loss": 0.020607382794351953, "accuracy": 0.6197916666666666}}, "10": {"metrics": {"client_number": 2, "loss": 0.017771490490096704, "accuracy": 0.6606359649122807}}, "11": {"metrics": {"client_number": 2, "loss": 0.016306821289553977, "accuracy": 0.6806469298245614}}, "12": {"metrics": {"client_number": 2, "loss": 0.015493242282485753, "accuracy": 0.6951754385964912}}, "13": {"metrics": {"client_number": 2, "loss": 0.014899077539315872, "accuracy": 0.7099780701754386}}, "14": {"metrics": {"client_number": 2, "loss": 0.0144747257265344, "accuracy": 0.7165570175438597}}, "15": {"metrics": {"client_number": 2, "loss": 0.014156789584248736, "accuracy": 0.7225877192982456}}, "16": {"metrics": {"client_number": 2, "loss": 0.013927844875867953, "accuracy": 0.7256030701754386}}, "17": {"metrics": {"client_number": 2, "loss": 0.013671921484433767, "accuracy": 0.7297149122807017}}, "18": {"metrics": {"client_number": 2, "loss": 0.01350737923527496, "accuracy": 0.7349232456140351}}, "19": {"metrics": {"client_number": 2, "loss": 0.0133000356390288, "accuracy": 0.7376644736842105}}, "20": {"metrics": {"client_number": 2, "loss": 0.01315555641460314, "accuracy": 0.740953947368421}}, "21": {"metrics": {"client_number": 2, "loss": 0.012974358253638473, "accuracy": 0.743421052631579}}, "22": {"metrics": {"client_number": 2, "loss": 0.0128262129677623, "accuracy": 0.7453399122807017}}, "23": {"metrics": {"client_number": 2, "loss": 0.01267529011034129, "accuracy": 0.7461622807017544}}, "24": {"metrics": {"client_number": 2, "loss": 0.012515989769446222, "accuracy": 0.7480811403508771}}, "25": {"metrics": {"client_number": 2, "loss": 0.012403910244373898, "accuracy": 0.7508223684210527}}, "26": {"metrics": {"client_number": 2, "loss": 0.012267758979935917, "accuracy": 0.7535635964912281}}, "27": {"metrics": {"client_number": 2, "loss": 0.012207085013454943, "accuracy": 0.7557565789473685}}, "28": {"metrics": {"client_number": 2, "loss": 0.012195514776466186, "accuracy": 0.7576754385964912}}, "29": {"metrics": {"client_number": 2, "loss": 0.012122783956951216, "accuracy": 0.7579495614035088}}, "30": {"metrics": {"client_number": 2, "loss": 0.011958225891647632, "accuracy": 0.7609649122807017}}}, "4": {"1": {"metrics": {"client_number": 4, "loss": 0.42942104324023056, "accuracy": 0.009799918334013884}}, "2": {"metrics": {"client_number": 4, "loss": 0.38170974718984074, "accuracy": 0.10391996733360555}}, "3": {"metrics": {"client_number": 4, "loss": 0.293249827494374, "accuracy": 0.3589220089832585}}, "4": {"metrics": {"client_number": 4, "loss": 0.24464869041645365, "accuracy": 0.3583095140873826}}, "5": {"metrics": {"client_number": 4, "loss": 0.1907348702906978, "accuracy": 0.5130665577786852}}, "6": {"metrics": {"client_number": 4, "loss": 0.07646519381350622, "accuracy": 0.6304614128215599}}, "7": {"metrics": {"client_number": 4, "loss": 0.041843112608324316, "accuracy": 0.6147407104940792}}, "8": {"metrics": {"client_number": 4, "loss": 0.039758883383187435, "accuracy": 0.5663536137198857}}, "9": {"metrics": {"client_number": 4, "loss": 0.019402055508655255, "accuracy": 0.643527970600245}}, "10": {"metrics": {"client_number": 4, "loss": 0.015839666943493647, "accuracy": 0.7017149857084525}}, "11": {"metrics": {"client_number": 4, "loss": 0.01449972972815355, "accuracy": 0.7247856267864434}}, "12": {"metrics": {"client_number": 4, "loss": 0.013801849949549734, "accuracy": 0.7339730502245815}}, "13": {"metrics": {"client_number": 4, "loss": 0.013342464125949834, "accuracy": 0.7382605144957125}}, "14": {"metrics": {"client_number": 4, "loss": 0.012933870513568658, "accuracy": 0.7464271131073907}}, "15": {"metrics": {"client_number": 4, "loss": 0.012738407948105712, "accuracy": 0.7488770926908942}}, "16": {"metrics": {"client_number": 4, "loss": 0.01249971226460109, "accuracy": 0.750306247447938}}, "17": {"metrics": {"client_number": 4, "loss": 0.012299605690493492, "accuracy": 0.7513270722743978}}, "18": {"metrics": {"client_number": 4, "loss": 0.012165556633263132, "accuracy": 0.7494895875867701}},