{"0": {"1": {"metrics": {"client_number": 0, "loss": 0.3772190418038317, "accuracy": 0.00021505376344086021}}, "2": {"metrics": {"client_number": 0, "loss": 0.35087106356056785, "accuracy": 0.16086021505376344}}, "3": {"metrics": {"client_number": 0, "loss": 0.2829910975630565, "accuracy": 0.3227956989247312}}, "4": {"metrics": {"client_number": 0, "loss": 0.25711791910151, "accuracy": 0.33720430107526883}}, "5": {"metrics": {"client_number": 0, "loss": 0.23046135646040722, "accuracy": 0.44516129032258067}}, "6": {"metrics": {"client_number": 0, "loss": 0.11249643618060697, "accuracy": 0.6144086021505376}}, "7": {"metrics": {"client_number": 0, "loss": 0.07291415993885328, "accuracy": 0.5843010752688172}}}, "3": {"1": {"metrics": {"client_number": 3, "loss": 0.28131974516468244, "accuracy": 0.18984641638225255}}, "2": {"metrics": {"client_number": 3, "loss": 0.28323931132567215, "accuracy": 0.38993174061433444}}, "3": {"metrics": {"client_number": 3, "loss": 0.162298876982907, "accuracy": 0.6017491467576792}}, "4": {"metrics": {"client_number": 3, "loss": 0.10223111210219282, "accuracy": 0.6034556313993175}}, "5": {"metrics": {"client_number": 3, "loss": 0.03155640472019085, "accuracy": 0.7418941979522184}}, "6": {"metrics": {"client_number": 3, "loss": 0.028751478317502008, "accuracy": 0.7510665529010239}}, "7": {"metrics": {"client_number": 3, "loss": 0.029259703646544302, "accuracy": 0.7024317406143344}}}, "1": {"1": {"metrics": {"client_number": 1, "loss": 0.2674744162847203, "accuracy": 0.20004278990158322}}, "2": {"metrics": {"client_number": 1, "loss": 0.3531504534328397, "accuracy": 0.21501925545571246}}, "3": {"metrics": {"client_number": 1, "loss": 0.3120859682330424, "accuracy": 0.2248609328198545}}, "4": {"metrics": {"client_number": 1, "loss": 0.2632459820872655, "accuracy": 0.31664527171587503}}, "5": {"metrics": {"client_number": 1, "loss": 0.2581119188448278, "accuracy": 0.32734274711168165}}, "6": {"metrics": {"client_number": 1, "loss": 0.1674183171990084, "accuracy": 0.488660676080445}}, "7": {"metrics": {"client_number": 1, "loss": 0.11522759858695779, "accuracy": 0.5284552845528455}}}, "2": {"1": {"metrics": {"client_number": 2, "loss": 0.2552329320133778, "accuracy": 0.24177631578947367}}, "2": {"metrics": {"client_number": 2, "loss": 0.28192282873287533, "accuracy": 0.33689692982456143}}, "3": {"metrics": {"client_number": 2, "loss": 0.28517599273146244, "accuracy": 0.24396929824561403}}, "4": {"metrics": {"client_number": 2, "loss": 0.21257726220708145, "accuracy": 0.3651315789473684}}, "5": {"metrics": {"client_number": 2, "loss": 0.21243859592236972, "accuracy": 0.40350877192982454}}, "6": {"metrics": {"client_number": 2, "loss": 0.1759223029540296, "accuracy": 0.4350328947368421}}, "7": {"metrics": {"client_number": 2, "loss": 0.07238747395182911, "accuracy": 0.5592105263157895}}}, "4": {"1": {"metrics": {"client_number": 4, "loss": 0.35501788790832495, "accuracy": 0.01000408329930584}}, "2": {"metrics": {"client_number": 4, "loss": 0.3898923627791866, "accuracy": 0.09514087382605145}}, "3": {"metrics": {"client_number": 4, "loss": 0.3371034429821982, "accuracy": 0.21294405879951}}, "4": {"metrics": {"client_number": 4, "loss": 0.3145749932067547, "accuracy": 0.32298897509187424}}, "5": {"metrics": {"client_number": 4, "loss": 0.23785926644390287, "accuracy": 0.43405471621069824}}, "6": {"metrics": {"client_number": 4, "loss": 0.1828714797525028, "accuracy": 0.4797876684360964}}, "7": {"metrics": {"client_number": 4, "loss": 0.06830789114125362, "accuracy": 0.629848917925684}}}}