{"3": {"1": {"metrics": {"client_number": 3, "loss": 0.4443430283086763, "accuracy": 0.14733213429256595}}, "2": {"metrics": {"client_number": 3, "loss": 0.60056717390065, "accuracy": 0.13594124700239807}}, "3": {"metrics": {"client_number": 3, "loss": 0.47755537559088473, "accuracy": 0.2831235011990408}}, "4": {"metrics": {"client_number": 3, "loss": 0.45144824815882767, "accuracy": 0.28327338129496404}}, "5": {"metrics": {"client_number": 3, "loss": 0.32618317815611403, "accuracy": 0.38414268585131894}}, "6": {"metrics": {"client_number": 3, "loss": 0.24147107332444592, "accuracy": 0.3947841726618705}}, "7": {"metrics": {"client_number": 3, "loss": 0.27290691403176287, "accuracy": 0.36780575539568344}}, "8": {"metrics": {"client_number": 3, "loss": 0.15431530312668507, "accuracy": 0.3405275779376499}}}, "2": {"1": {"metrics": {"client_number": 2, "loss": 0.43260685378042807, "accuracy": 0.0714389852748214}}, "2": {"metrics": {"client_number": 2, "loss": 0.4879539607651885, "accuracy": 0.19769645720950577}}, "3": {"metrics": {"client_number": 2, "loss": 0.4595464652751517, "accuracy": 0.3006269135442484}}, "4": {"metrics": {"client_number": 2, "loss": 0.4896408786820955, "accuracy": 0.3501968216941245}}, "5": {"metrics": {"client_number": 2, "loss": 0.2694556287294714, "accuracy": 0.44219273946639454}}, "6": {"metrics": {"client_number": 2, "loss": 0.27157868364319926, "accuracy": 0.42644700393643387}}, "7": {"metrics": {"client_number": 2, "loss": 0.11017286243930922, "accuracy": 0.45633474267385915}}, "8": {"metrics": {"client_number": 2, "loss": 0.1019399877643599, "accuracy": 0.46843563201632893}}}, "4": {"1": {"metrics": {"client_number": 4, "loss": 0.5129777329429855, "accuracy": 0.06405693950177936}}, "2": {"metrics": {"client_number": 4, "loss": 0.48900398216577246, "accuracy": 0.20678698525673614}}, "3": {"metrics": {"client_number": 4, "loss": 0.48506662648040505, "accuracy": 0.2832994407727504}}, "4": {"metrics": {"client_number": 4, "loss": 0.5038694734190343, "accuracy": 0.2632180986273513}}, "5": {"metrics": {"client_number": 4, "loss": 0.3716715500932935, "accuracy": 0.3032536858159634}}, "6": {"metrics": {"client_number": 4, "loss": 0.11933502510955143, "accuracy": 0.4897051347229283}}, "7": {"metrics": {"client_number": 4, "loss": 0.10341257265999527, "accuracy": 0.46174377224199287}}, "8": {"metrics": {"client_number": 4, "loss": 0.10854490429359945, "accuracy": 0.44344178952719876}}}, "0": {"1": {"metrics": {"client_number": 0, "loss": 0.47610908607196784, "accuracy": 0.15089353133652153}}, "2": {"metrics": {"client_number": 0, "loss": 0.4479295762756025, "accuracy": 0.22841681349106469}}, "3": {"metrics": {"client_number": 0, "loss": 0.4808719730065147, "accuracy": 0.2574880442990184}}, "4": {"metrics": {"client_number": 0, "loss": 0.4064734517972895, "accuracy": 0.2713314875409011}}, "5": {"metrics": {"client_number": 0, "loss": 0.39606405114635485, "accuracy": 0.28429398439466397}}, "6": {"metrics": {"client_number": 0, "loss": 0.3838729075871815, "accuracy": 0.23785552479234834}}, "7": {"metrics": {"client_number": 0, "loss": 0.28278371725459256, "accuracy": 0.25383840926252205}}, "8": {"metrics": {"client_number": 0, "loss": 0.16493775950791162, "accuracy": 0.2963755348603071}}}, "1": {"1": {"metrics": {"client_number": 1, "loss": 0.48426177964375894, "accuracy": 0.11768599417527138}}, "2": {"metrics": {"client_number": 1, "loss": 0.4086011036192894, "accuracy": 0.2626423087106169}}, "3": {"metrics": {"client_number": 1, "loss": 0.5083196116544461, "accuracy": 0.2617156473391581}}, "4": {"metrics": {"client_number": 1, "loss": 0.38972058626330663, "accuracy": 0.4400317712470214}}, "5": {"metrics": {"client_number": 1, "loss": 0.3639159888100113, "accuracy": 0.4324861000794281}}, "6": {"metrics": {"client_number": 1, "loss": 0.2856427081085116, "accuracy": 0.3907863383637808}}, "7": {"metrics": {"client_number": 1, "loss": 0.21223190318726975, "accuracy": 0.3800635424940429}}, "8": {"metrics": {"client_number": 1, "loss": 0.19058550347845044, "accuracy": 0.3678845644691554}}}}