{"1": 51.60171389579773, "2": 31.984803438186646, "3": 29.075297594070435, "4": 31.75933074951172, "5": 36.39649701118469, "6": 28.06107807159424, "7": 30.131205558776855, "8": 31.828311443328857, "9": 29.781407594680786, "10": 34.290876388549805}