{"0": {"1": {"metrics": {"client_number": 0, "loss": 9.820281802412566, "accuracy": 0.0}}, "2": {"metrics": {"client_number": 0, "loss": 0.4692362718960923, "accuracy": 0.26307510813999213}}, "3": {"metrics": {"client_number": 0, "loss": 0.13739468945418107, "accuracy": 0.6877703499803381}}, "4": {"metrics": {"client_number": 0, "loss": 0.1354102402093417, "accuracy": 0.6838379866299646}}, "5": {"metrics": {"client_number": 0, "loss": 0.05513217619822056, "accuracy": 0.6995674400314589}}, "6": {"metrics": {"client_number": 0, "loss": 0.0991217370957687, "accuracy": 0.7160833661030279}}, "7": {"metrics": {"client_number": 0, "loss": 0.06875204243061817, "accuracy": 0.6956350766810854}}, "8": {"metrics": {"client_number": 0, "loss": 0.07380268220305208, "accuracy": 0.6555249705072749}}, "9": {"metrics": {"client_number": 0, "loss": 0.0775287229153194, "accuracy": 0.6712544239087692}}, "10": {"metrics": {"client_number": 0, "loss": 0.038921087921673606, "accuracy": 0.711757766417617}}}, "1": {"1": {"metrics": {"client_number": 1, "loss": 7.164046966977021, "accuracy": 0.030179721939640556}}, "2": {"metrics": {"client_number": 1, "loss": 0.5274318159536088, "accuracy": 0.029840623940318754}}, "3": {"metrics": {"client_number": 1, "loss": 0.36712890901821027, "accuracy": 0.02712783994574432}}, "4": {"metrics": {"client_number": 1, "loss": 0.2672034099005812, "accuracy": 0.3370634113258732}}, "5": {"metrics": {"client_number": 1, "loss": 0.25270512242283244, "accuracy": 0.3319769413360461}}, "6": {"metrics": {"client_number": 1, "loss": 0.3344842280804727, "accuracy": 0.6395388267209223}}, "7": {"metrics": {"client_number": 1, "loss": 0.21282648805765106, "accuracy": 0.6191929467616141}}, "8": {"metrics": {"client_number": 1, "loss": 0.12998087020517002, "accuracy": 0.6439471007121058}}, "9": {"metrics": {"client_number": 1, "loss": 0.12944184323010424, "accuracy": 0.6524245506951509}}, "10": {"metrics": {"client_number": 1, "loss": 0.015563149509206793, "accuracy": 0.8670735842658528}}}, "3": {"1": {"metrics": {"client_number": 3, "loss": 8.899465052856993, "accuracy": 0.008968609865470852}}, "2": {"metrics": {"client_number": 3, "loss": 0.6176729056867248, "accuracy": 0.05829596412556054}}, "3": {"metrics": {"client_number": 3, "loss": 0.48296855019881585, "accuracy": 0.05874439461883408}}, "4": {"metrics": {"client_number": 3, "loss": 0.4588511779169331, "accuracy": 0.05739910313901345}}, "5": {"metrics": {"client_number": 3, "loss": 0.29606090212082115, "accuracy": 0.25291479820627805}}, "6": {"metrics": {"client_number": 3, "loss": 0.30654506084630306, "accuracy": 0.21390134529147983}}, "7": {"metrics": {"client_number": 3, "loss": 0.3241317030560275, "accuracy": 0.2399103139013453}}, "8": {"metrics": {"client_number": 3, "loss": 0.2807690278297048, "accuracy": 0.2838565022421525}}, "9": {"metrics": {"client_number": 3, "loss": 0.09069502268136884, "accuracy": 0.5340807174887893}}, "10": {"metrics": {"client_number": 3, "loss": 0.04298745538087169, "accuracy": 0.6730941704035874}}}, "4": {"1": {"metrics": {"client_number": 4, "loss": 5.1182192989369915, "accuracy": 0.4513054289266473}}, "2": {"metrics": {"client_number": 4, "loss": 0.5214424307199124, "accuracy": 0.4484044757563199}}, "3": {"metrics": {"client_number": 4, "loss": 0.2659481169522377, "accuracy": 0.42105263157894735}}, "4": {"metrics": {"client_number": 4, "loss": 0.282867651780117, "accuracy": 0.339411520928305}}, "5": {"metrics": {"client_number": 4, "loss": 0.2331195476388121, "accuracy": 0.31703273932863657}}, "6": {"metrics": {"client_number": 4, "loss": 0.2300856902892788, "accuracy": 0.3431413178615831}}, "7": {"metrics": {"client_number": 4, "loss": 0.13968062311892582, "accuracy": 0.47534189805221716}}, "8": {"metrics": {"client_number": 4, "loss": 0.10371700461554023, "accuracy": 0.4372150849564857}}, "9": {"metrics": {"client_number": 4, "loss": 0.10248590651953611, "accuracy": 0.3957728968089515}}, "10": {"metrics": {"client_number": 4, "loss": 0.08434540920123193, "accuracy": 0.48487360132615004}}}, "2": {"1": {"metrics": {"client_number": 2, "loss": 8.015139039851283, "accuracy": 0.0010712372790573112}}, "2": {"metrics": {"client_number": 2, "loss": 0.6874660508289143, "accuracy": 0.21531869309051954}}, "3": {"metrics": {"client_number": 2, "loss": 0.2898000621131607, "accuracy": 0.22228173540439208}}, "4": {"metrics": {"client_number": 2, "loss": 0.26674543093664477, "accuracy": 0.25495447241564007}}, "5": {"metrics": {"client_number": 2, "loss": 0.29536112349622057, "accuracy": 0.25013390465988217}}, "6": {"metrics": {"client_number": 2, "loss": 0.5491661251580964, "accuracy": 0.4129619710765935}}, "7": {"metrics": {"client_number": 2, "loss": 0.5535763126040245, "accuracy": 0.4006427423674344}}, "8": {"metrics": {"client_number": 2, "loss": 0.049398390571255064, "accuracy": 0.838243170862346}}, "9": {"metrics": {"client_number": 2, "loss": 0.00850053446381216, "accuracy": 0.9196572040707016}}, "10": {"metrics": {"client_number": 2, "loss": 0.010542193344875524, "accuracy": 0.9078735940010713}}}}