{"4": {"1": {"metrics": {"client_number": 4, "loss": 6.428021209716797, "accuracy": 0.098}}, "2": {"metrics": {"client_number": 4, "loss": 0.41826971187591555, "accuracy": 0.2112}}, "3": {"metrics": {"client_number": 4, "loss": 0.17515848402976988, "accuracy": 0.3005}}, "4": {"metrics": {"client_number": 4, "loss": 0.1814501229286194, "accuracy": 0.3985}}, "5": {"metrics": {"client_number": 4, "loss": 0.15928418498039246, "accuracy": 0.4887}}, "6": {"metrics": {"client_number": 4, "loss": 0.10243517322540283, "accuracy": 0.5579}}, "7": {"metrics": {"client_number": 4, "loss": 0.08944983267784119, "accuracy": 0.6477}}, "8": {"metrics": {"client_number": 4, "loss": 0.05628989300727844, "accuracy": 0.7396}}, "9": {"metrics": {"client_number": 4, "loss": 0.04114394685029984, "accuracy": 0.7979}}, "10": {"metrics": {"client_number": 4, "loss": 0.009198583001829684, "accuracy": 0.8718}}}, "1": {"1": {"metrics": {"client_number": 1, "loss": 6.067786526489257, "accuracy": 0.098}}, "2": {"metrics": {"client_number": 1, "loss": 0.8506884086608887, "accuracy": 0.211}}, "3": {"metrics": {"client_number": 1, "loss": 0.16319126873016357, "accuracy": 0.3007}}, "4": {"metrics": {"client_number": 1, "loss": 0.127119863986969, "accuracy": 0.3931}}, "5": {"metrics": {"client_number": 1, "loss": 0.13175384979248048, "accuracy": 0.4849}}, "6": {"metrics": {"client_number": 1, "loss": 0.09185093393325805, "accuracy": 0.572}}, "7": {"metrics": {"client_number": 1, "loss": 0.08475604438781738, "accuracy": 0.6428}}, "8": {"metrics": {"client_number": 1, "loss": 0.06504036372900009, "accuracy": 0.7192}}, "9": {"metrics": {"client_number": 1, "loss": 0.04345807628631592, "accuracy": 0.8151}}, "10": {"metrics": {"client_number": 1, "loss": 0.010227765574236401, "accuracy": 0.8786}}}, "2": {"1": {"metrics": {"client_number": 2, "loss": 5.190608576965332, "accuracy": 0.098}}, "2": {"metrics": {"client_number": 2, "loss": 0.39751639366149905, "accuracy": 0.2111}}, "3": {"metrics": {"client_number": 2, "loss": 0.20767696657180787, "accuracy": 0.3078}}, "4": {"metrics": {"client_number": 2, "loss": 0.1516758698940277, "accuracy": 0.4}}, "5": {"metrics": {"client_number": 2, "loss": 0.1271927918434143, "accuracy": 0.4874}}, "6": {"metrics": {"client_number": 2, "loss": 0.08970144743919373, "accuracy": 0.5576}}, "7": {"metrics": {"client_number": 2, "loss": 0.09564659504890442, "accuracy": 0.6336}}, "8": {"metrics": {"client_number": 2, "loss": 0.05864714963436127, "accuracy": 0.7393}}, "9": {"metrics": {"client_number": 2, "loss": 0.03253446782231331, "accuracy": 0.7956}}, "10": {"metrics": {"client_number": 2, "loss": 0.011888676163670607, "accuracy": 0.8523}}}, "0": {"1": {"metrics": {"client_number": 0, "loss": 4.366185310363769, "accuracy": 0.098}}, "2": {"metrics": {"client_number": 0, "loss": 0.4572156162261963, "accuracy": 0.2107}}, "3": {"metrics": {"client_number": 0, "loss": 0.15712873220443727, "accuracy": 0.3068}}, "4": {"metrics": {"client_number": 0, "loss": 0.13250065422058105, "accuracy": 0.4008}}, "5": {"metrics": {"client_number": 0, "loss": 0.11997398920059205, "accuracy": 0.4889}}, "6": {"metrics": {"client_number": 0, "loss": 0.09040151505470276, "accuracy": 0.5736}}, "7": {"metrics": {"client_number": 0, "loss": 0.08110136125087739, "accuracy": 0.6393}}, "8": {"metrics": {"client_number": 0, "loss": 0.054549119281768796, "accuracy": 0.7409}}, "9": {"metrics": {"client_number": 0, "loss": 0.04093892899751663, "accuracy": 0.8036}}, "10": {"metrics": {"client_number": 0, "loss": 0.01079758220068179, "accuracy": 0.8761}}}, "3": {"1": {"metrics": {"client_number": 3, "loss": 6.474181869506836, "accuracy": 0.098}}, "2": {"metrics": {"client_number": 3, "loss": 0.347729048538208, "accuracy": 0.2112}}, "3": {"metrics": {"client_number": 3, "loss": 0.18451625261306762, "accuracy": 0.3071}}, "4": {"metrics": {"client_number": 3, "loss": 0.14196753873825074, "accuracy": 0.3952}}, "5": {"metrics": {"client_number": 3, "loss": 0.1152337679386139, "accuracy": 0.4951}}, "6": {"metrics": {"client_number": 3, "loss": 0.0924837717294693, "accuracy": 0.5664}}, "7": {"metrics": {"client_number": 3, "loss": 0.12927739889621734, "accuracy": 0.6248}}, "8": {"metrics": {"client_number": 3, "loss": 0.047346683287620546, "accuracy": 0.7326}}, "9": {"metrics": {"client_number": 3, "loss": 0.03980762323141098, "accuracy": 0.7799}}, "10": {"metrics": {"client_number": 3, "loss": 0.012336140741570852, "accuracy": 0.8648}}}}