{"1": {"1": {"metrics": {"client_number": 1, "loss": 6.6565721923828125, "accuracy": 0.098}}, "2": {"metrics": {"client_number": 1, "loss": 2.5681202514648436, "accuracy": 0.2087}}, "3": {"metrics": {"client_number": 1, "loss": 0.3437773078918457, "accuracy": 0.2884}}, "4": {"metrics": {"client_number": 1, "loss": 0.3964805198669434, "accuracy": 0.3785}}, "5": {"metrics": {"client_number": 1, "loss": 0.6663941202163697, "accuracy": 0.4694}}, "6": {"metrics": {"client_number": 1, "loss": 0.3712192548751831, "accuracy": 0.5352}}, "7": {"metrics": {"client_number": 1, "loss": 0.3763170231819153, "accuracy": 0.6037}}, "8": {"metrics": {"client_number": 1, "loss": 0.2874959933280945, "accuracy": 0.6749}}, "9": {"metrics": {"client_number": 1, "loss": 0.16933398506641387, "accuracy": 0.7318}}, "10": {"metrics": {"client_number": 1, "loss": 0.09344173047542571, "accuracy": 0.7649}}}, "0": {"1": {"metrics": {"client_number": 0, "loss": 6.6072079376220705, "accuracy": 0.098}}, "2": {"metrics": {"client_number": 0, "loss": 0.8098338745117187, "accuracy": 0.2091}}, "3": {"metrics": {"client_number": 0, "loss": 0.3679831842422485, "accuracy": 0.2994}}, "4": {"metrics": {"client_number": 0, "loss": 0.34914089097976686, "accuracy": 0.385}}, "5": {"metrics": {"client_number": 0, "loss": 0.4364799699783325, "accuracy": 0.4675}}, "6": {"metrics": {"client_number": 0, "loss": 0.5341504381179809, "accuracy": 0.5185}}, "7": {"metrics": {"client_number": 0, "loss": 0.31249755344390867, "accuracy": 0.5984}}, "8": {"metrics": {"client_number": 0, "loss": 0.27884572687149045, "accuracy": 0.6876}}, "9": {"metrics": {"client_number": 0, "loss": 0.20498442754745483, "accuracy": 0.7332}}, "10": {"metrics": {"client_number": 0, "loss": 0.09721267902851105, "accuracy": 0.7702}}}, "3": {"1": {"metrics": {"client_number": 3, "loss": 8.01549208984375, "accuracy": 0.098}}, "2": {"metrics": {"client_number": 3, "loss": 0.7823251556396484, "accuracy": 0.2105}}, "3": {"metrics": {"client_number": 3, "loss": 0.31326970500946044, "accuracy": 0.293}}, "4": {"metrics": {"client_number": 3, "loss": 0.3964699895858765, "accuracy": 0.3903}}, "5": {"metrics": {"client_number": 3, "loss": 0.4073161684036255, "accuracy": 0.4693}}, "6": {"metrics": {"client_number": 3, "loss": 0.30084063177108766, "accuracy": 0.5357}}, "7": {"metrics": {"client_number": 3, "loss": 0.2895525903701782, "accuracy": 0.6125}}, "8": {"metrics": {"client_number": 3, "loss": 0.1938415904045105, "accuracy": 0.694}}, "9": {"metrics": {"client_number": 3, "loss": 0.21551466517448425, "accuracy": 0.7254}}, "10": {"metrics": {"client_number": 3, "loss": 0.09861535358428955, "accuracy": 0.7321}}}, "4": {"1": {"metrics": {"client_number": 4, "loss": 6.284273364257812, "accuracy": 0.098}}, "2": {"metrics": {"client_number": 4, "loss": 4.4577895950317385, "accuracy": 0.2088}}, "3": {"metrics": {"client_number": 4, "loss": 0.5212750486373902, "accuracy": 0.2765}}, "4": {"metrics": {"client_number": 4, "loss": 0.3464847587585449, "accuracy": 0.3777}}, "5": {"metrics": {"client_number": 4, "loss": 0.42418303184509276, "accuracy": 0.4656}}, "6": {"metrics": {"client_number": 4, "loss": 0.4882794548034668, "accuracy": 0.4996}}, "7": {"metrics": {"client_number": 4, "loss": 0.32248296194076537, "accuracy": 0.6169}}, "8": {"metrics": {"client_number": 4, "loss": 0.32389186820983884, "accuracy": 0.6383}}, "9": {"metrics": {"client_number": 4, "loss": 0.2242063804626465, "accuracy": 0.7336}}, "10": {"metrics": {"client_number": 4, "loss": 0.09777819250822067, "accuracy": 0.7804}}}, "2": {"1": {"metrics": {"client_number": 2, "loss": 8.304589321899414, "accuracy": 0.098}}, "2": {"metrics": {"client_number": 2, "loss": 3.8542059448242187, "accuracy": 0.21}}, "3": {"metrics": {"client_number": 2, "loss": 0.3979033243179321, "accuracy": 0.299}}, "4": {"metrics": {"client_number": 2, "loss": 0.37520957164764407, "accuracy": 0.3797}}, "5": {"metrics": {"client_number": 2, "loss": 0.44105275230407714, "accuracy": 0.4743}}, "6": {"metrics": {"client_number": 2, "loss": 0.5630569971084595, "accuracy": 0.5376}}, "7": {"metrics": {"client_number": 2, "loss": 0.3352104797363281, "accuracy": 0.5964}}, "8": {"metrics": {"client_number": 2, "loss": 0.21113543882369995, "accuracy": 0.667}}, "9": {"metrics": {"client_number": 2, "loss": 0.15265784902572632, "accuracy": 0.7389}}, "10": {"metrics": {"client_number": 2, "loss": 0.1080411780834198, "accuracy": 0.7617}}}}