{"3": {"1": {"metrics": {"client_number": 3, "loss": 0.2652582129520768, "accuracy": 0.2851962457337884}}, "2": {"metrics": {"client_number": 3, "loss": 0.17722489839934652, "accuracy": 0.5494880546075085}}, "3": {"metrics": {"client_number": 3, "loss": 0.09241935748085633, "accuracy": 0.6420648464163823}}, "4": {"metrics": {"client_number": 3, "loss": 0.0402962022012818, "accuracy": 0.6902730375426621}}, "5": {"metrics": {"client_number": 3, "loss": 0.0403512258578486, "accuracy": 0.643344709897611}}, "6": {"metrics": {"client_number": 3, "loss": 0.030095463065564022, "accuracy": 0.6678754266211604}}}, "1": {"1": {"metrics": {"client_number": 1, "loss": 0.39068223759818904, "accuracy": 0.19062901155327341}}, "2": {"metrics": {"client_number": 1, "loss": 0.31165373952765213, "accuracy": 0.21951219512195122}}, "3": {"metrics": {"client_number": 1, "loss": 0.3001114345790486, "accuracy": 0.32220795892169446}}, "4": {"metrics": {"client_number": 1, "loss": 0.261916221386865, "accuracy": 0.38189987163029526}}, "5": {"metrics": {"client_number": 1, "loss": 0.12907964325277632, "accuracy": 0.5391527599486521}}, "6": {"metrics": {"client_number": 1, "loss": 0.027738098946197144, "accuracy": 0.7156611039794608}}}, "4": {"1": {"metrics": {"client_number": 4, "loss": 0.33476622360684327, "accuracy": 0.009799918334013884}}, "2": {"metrics": {"client_number": 4, "loss": 0.3134676784143101, "accuracy": 0.16537362188648427}}, "3": {"metrics": {"client_number": 4, "loss": 0.31741021009502046, "accuracy": 0.296243364638628}}, "4": {"metrics": {"client_number": 4, "loss": 0.21869409108658427, "accuracy": 0.4148632094732544}}, "5": {"metrics": {"client_number": 4, "loss": 0.13770929187012965, "accuracy": 0.4832584728460596}}, "6": {"metrics": {"client_number": 4, "loss": 0.03579277403746979, "accuracy": 0.6137198856676195}}}, "0": {"1": {"metrics": {"client_number": 0, "loss": 0.35196420156827535, "accuracy": 0.09118279569892473}}, "2": {"metrics": {"client_number": 0, "loss": 0.28989259289157004, "accuracy": 0.1924731182795699}}, "3": {"metrics": {"client_number": 0, "loss": 0.30932027180989585, "accuracy": 0.25204301075268815}}, "4": {"metrics": {"client_number": 0, "loss": 0.16103162991103306, "accuracy": 0.409247311827957}}, "5": {"metrics": {"client_number": 0, "loss": 0.0813041893641154, "accuracy": 0.5193548387096775}}, "6": {"metrics": {"client_number": 0, "loss": 0.0708775153211368, "accuracy": 0.4720430107526882}}}, "2": {"1": {"metrics": {"client_number": 2, "loss": 0.2684553270800072, "accuracy": 0.23574561403508773}}, "2": {"metrics": {"client_number": 2, "loss": 0.29809788784437014, "accuracy": 0.2661732456140351}}, "3": {"metrics": {"client_number": 2, "loss": 0.24494317304669766, "accuracy": 0.3363486842105263}}, "4": {"metrics": {"client_number": 2, "loss": 0.21955536593470656, "accuracy": 0.3950109649122807}}, "5": {"metrics": {"client_number": 2, "loss": 0.152651730336641, "accuracy": 0.37856359649122806}}, "6": {"metrics": {"client_number": 2, "loss": 0.06317516684270742, "accuracy": 0.5019188596491229}}}}