{"4": {"1": {"metrics": {"client_number": 4, "loss": 9.508209043387993, "accuracy": 0.0}}, "2": {"metrics": {"client_number": 4, "loss": 0.26400588262987873, "accuracy": 0.006999533364442371}}, "3": {"metrics": {"client_number": 4, "loss": 0.2877016516973413, "accuracy": 0.005132991133924405}}, "4": {"metrics": {"client_number": 4, "loss": 0.34914354670565095, "accuracy": 0.00979934671021932}}, "5": {"metrics": {"client_number": 4, "loss": 0.4372343356176564, "accuracy": 0.008866075594960336}}, "6": {"metrics": {"client_number": 4, "loss": 0.31145792812929496, "accuracy": 0.011665888940737284}}, "7": {"metrics": {"client_number": 4, "loss": 0.3850118741219254, "accuracy": 0.014465702286514233}}, "8": {"metrics": {"client_number": 4, "loss": 0.29317883515102083, "accuracy": 0.026598226784881007}}, "9": {"metrics": {"client_number": 4, "loss": 0.3001849027198439, "accuracy": 0.033131124591693886}}, "10": {"metrics": {"client_number": 4, "loss": 0.3753966866839004, "accuracy": 0.045730284647690154}}, "11": {"metrics": {"client_number": 4, "loss": 0.3750197454640312, "accuracy": 0.033131124591693886}}, "12": {"metrics": {"client_number": 4, "loss": 0.3862049175766212, "accuracy": 0.04433037797480168}}, "13": {"metrics": {"client_number": 4, "loss": 0.2579531578387938, "accuracy": 0.1455902939804013}}, "14": {"metrics": {"client_number": 4, "loss": 0.20456357921221185, "accuracy": 0.17032197853476436}}, "15": {"metrics": {"client_number": 4, "loss": 0.22039700533483722, "accuracy": 0.10125991600559962}}, "16": {"metrics": {"client_number": 4, "loss": 0.19854592409191762, "accuracy": 0.15212319178721417}}, "17": {"metrics": {"client_number": 4, "loss": 0.18353039229299997, "accuracy": 0.17032197853476436}}, "18": {"metrics": {"client_number": 4, "loss": 0.22950517180029387, "accuracy": 0.163322445170322}}, "19": {"metrics": {"client_number": 4, "loss": 0.2143903875595712, "accuracy": 0.1791880541297247}}, "20": {"metrics": {"client_number": 4, "loss": 0.2087780435787313, "accuracy": 0.12879141390573962}}}, "0": {"1": {"metrics": {"client_number": 0, "loss": 11.40307481815408, "accuracy": 0.0}}, "2": {"metrics": {"client_number": 0, "loss": 0.20980517498667467, "accuracy": 0.00048216007714561236}}, "3": {"metrics": {"client_number": 0, "loss": 0.32705002603558475, "accuracy": 0.08293153326904533}}, "4": {"metrics": {"client_number": 0, "loss": 0.25224919949111274, "accuracy": 0.09546769527483125}}, "5": {"metrics": {"client_number": 0, "loss": 0.3154516091342143, "accuracy": 0.12391513982642237}}, "6": {"metrics": {"client_number": 0, "loss": 0.2902514081566865, "accuracy": 0.10993249758919961}}, "7": {"metrics": {"client_number": 0, "loss": 0.3276842801527209, "accuracy": 0.1721311475409836}}, "8": {"metrics": {"client_number": 0, "loss": 0.2265306949155655, "accuracy": 0.11137897782063645}}, "9": {"metrics": {"client_number": 0, "loss": 0.2561643466195352, "accuracy": 0.19816779170684667}}, "10": {"metrics": {"client_number": 0, "loss": 0.21773435018791412, "accuracy": 0.20106075216972036}}, "11": {"metrics": {"client_number": 0, "loss": 0.23655919881542944, "accuracy": 0.18900675024108005}}, "12": {"metrics": {"client_number": 0, "loss": 0.2735082080072239, "accuracy": 0.1870781099324976}}, "13": {"metrics": {"client_number": 0, "loss": 0.31035448293216894, "accuracy": 0.15814850530376084}}, "14": {"metrics": {"client_number": 0, "loss": 0.2511546310601377, "accuracy": 0.13500482160077146}}, "15": {"metrics": {"client_number": 0, "loss": 0.17476810162874404, "accuracy": 0.2815814850530376}}, "16": {"metrics": {"client_number": 0, "loss": 0.1749804224549517, "accuracy": 0.22999035679845709}}, "17": {"metrics": {"client_number": 0, "loss": 0.1858078647142666, "accuracy": 0.26036644165863065}}, "18": {"metrics": {"client_number": 0, "loss": 0.1535838797559159, "accuracy": 0.32594021215043395}}, "19": {"metrics": {"client_number": 0, "loss": 0.1596777114941736, "accuracy": 0.2391513982642237}}, "20": {"metrics": {"client_number": 0, "loss": 0.17542229554002517, "accuracy": 0.2536162005785921}}}, "3": {"1": {"metrics": {"client_number": 3, "loss": 10.352242729064999, "accuracy": 0.0}}, "2": {"metrics": {"client_number": 3, "loss": 0.2664842471017775, "accuracy": 0.0}}, "3": {"metrics": {"client_number": 3, "loss": 0.2932512529145292, "accuracy": 0.0}}, "4": {"metrics": {"client_number": 3, "loss": 0.26646315098257417, "accuracy": 0.0}}, "5": {"metrics": {"client_number": 3, "loss": 0.40352330068765896, "accuracy": 0.0}}, "6": {"metrics": {"client_number": 3, "loss": 0.4109220145899287, "accuracy": 0.0009407337723424271}}, "7": {"metrics": {"client_number": 3, "loss": 0.44721863568109493, "accuracy": 0.00047036688617121356}}, "8": {"metrics": {"client_number": 3, "loss": 0.41326113366228395, "accuracy": 0.0009407337723424271}}, "9": {"metrics": {"client_number": 3, "loss": 0.4280941766719154, "accuracy": 0.0014111006585136407}}, "10": {"metrics": {"client_number": 3, "loss": 0.4280189314992049, "accuracy": 0.05409219190968956}}, "11": {"metrics": {"client_number": 3, "loss": 0.36633509010609205, "accuracy": 0.03857008466603951}}, "12": {"metrics": {"client_number": 3, "loss": 0.4468575815827019, "accuracy": 0.08419567262464722}}, "13": {"metrics": {"client_number": 3, "loss": 0.3863815063591398, "accuracy": 0.05268109125117592}}, "14": {"metrics": {"client_number": 3, "loss": 0.41983147600520254, "accuracy": 0.059266227657572904}}, "15": {"metrics": {"client_number": 3, "loss": 0.40154614542748496, "accuracy": 0.049388523047977424}}, "16": {"metrics": {"client_number": 3, "loss": 0.360274062780199, "accuracy": 0.06067732831608655}}, "17": {"metrics": {"client_number": 3, "loss": 0.3628654094204405, "accuracy": 0.05503292568203198}}, "18": {"metrics": {"client_number": 3, "loss": 0.25979414506555165, "accuracy": 0.1396989651928504}}, "19": {"metrics": {"client_number": 3, "loss": 0.23391139630652327, "accuracy": 0.11759172154280338}}, "20": {"metrics": {"client_number": 3, "loss": 0.16507896071655617, "accuracy": 0.18156161806208843}}}, "2": {"1": {"metrics": {"client_number": 2, "loss": 10.57797409761564, "accuracy": 0.3248862897985705}}, "2": {"metrics": {"client_number": 2, "loss": 0.1335559712361019, "accuracy": 0.3521767381416504}}, "3": {"metrics": {"client_number": 2, "loss": 0.1412084203327221, "accuracy": 0.35802469135802467}}, "4": {"metrics": {"client_number": 2, "loss": 0.18677323758408496, "accuracy": 0.2677063027940221}}, "5": {"metrics": {"client_number": 2, "loss": 0.1913296772025482, "accuracy": 0.2787524366471735}}, "6": {"metrics": {"client_number": 2, "loss": 0.15705275551075282, "accuracy": 0.29889538661468484}}, "7": {"metrics": {"client_number": 2, "loss": 0.15727028682527797, "accuracy": 0.31189083820662766}}, "8": {"metrics": {"client_number": 2, "loss": 0.11664222756944127, "accuracy": 0.2982456140350877}}, "9": {"metrics": {"client_number": 2, "loss": 0.1327440526440517, "accuracy": 0.27225471085120206}}, "10": {"metrics": {"client_number": 2, "loss": 0.15636979271019333, "accuracy": 0.3125406107862248}}, "11": {"metrics": {"client_number": 2, "loss": 0.15894455008107086, "accuracy": 0.25925925925925924}}, "12": {"metrics": {"client_number": 2, "loss": 0.1497061539192026, "accuracy": 0.25925925925925924}}, "13": {"metrics": {"client_number": 2, "loss": 0.19189341088407144, "accuracy": 0.19948018193632228}}, "14": {"metrics": {"client_number": 2, "loss": 0.20089932615839096, "accuracy": 0.2157244964262508}}, "15": {"metrics": {"client_number": 2, "loss": 0.18976221214725725, "accuracy": 0.21637426900584794}}, "16": {"metrics": {"client_number": 2, "loss": 0.21382335566173055, "accuracy": 0.193632228719948}}, "17": {"metrics": {"client_number": 2, "loss": 0.21440020282985794, "accuracy": 0.14814814814814814}}, "18": {"metrics": {"client_number": 2, "loss": 0.1782718358526298, "accuracy": 0.20012995451591942}}, "19": {"metrics": {"client_number": 2, "loss": 0.23019683136422578, "accuracy": 0.17738791423001948}},