{"1": 184.39180612564087, "2": 226.3860046863556, "3": 270.1465337276459, "4": 272.5491900444031, "5": 322.1064102649689, "6": 280.78076171875}