{"2": {"1": {"metrics": {"client_number": 2, "loss": 0.011788045914471149, "accuracy": 0.8735}}}, "3": {"1": {"metrics": {"client_number": 3, "loss": 0.012938808661699296, "accuracy": 0.8555}}}, "1": {"1": {"metrics": {"client_number": 1, "loss": 0.011359387636743486, "accuracy": 0.8761}}}, "0": {"1": {"metrics": {"client_number": 0, "loss": 0.009462530012521893, "accuracy": 0.8762}}}, "4": {"1": {"metrics": {"client_number": 4, "loss": 0.014865259158611298, "accuracy": 0.8423}}}}