{"1": {"1": {"metrics": {"client_number": 1, "loss": 9.454381329345702, "accuracy": 0.098}}, "2": {"metrics": {"client_number": 1, "loss": 0.31887684745788575, "accuracy": 0.2112}}, "3": {"metrics": {"client_number": 1, "loss": 0.35268397474288943, "accuracy": 0.3122}}, "4": {"metrics": {"client_number": 1, "loss": 0.290635168838501, "accuracy": 0.408}}, "5": {"metrics": {"client_number": 1, "loss": 0.21867353501319886, "accuracy": 0.5066}}, "6": {"metrics": {"client_number": 1, "loss": 0.18032647786140443, "accuracy": 0.5931}}, "7": {"metrics": {"client_number": 1, "loss": 0.14769677090644837, "accuracy": 0.6855}}, "8": {"metrics": {"client_number": 1, "loss": 0.07471823871135712, "accuracy": 0.7849}}, "9": {"metrics": {"client_number": 1, "loss": 0.057678618025779727, "accuracy": 0.8741}}, "10": {"metrics": {"client_number": 1, "loss": 0.004810688226775574, "accuracy": 0.949}}}, "3": {"1": {"metrics": {"client_number": 3, "loss": 8.686791525268555, "accuracy": 0.098}}, "2": {"metrics": {"client_number": 3, "loss": 0.3134137376785278, "accuracy": 0.2109}}, "3": {"metrics": {"client_number": 3, "loss": 0.2960255087852478, "accuracy": 0.312}}, "4": {"metrics": {"client_number": 3, "loss": 0.21321668825149537, "accuracy": 0.4112}}, "5": {"metrics": {"client_number": 3, "loss": 0.29426661863327025, "accuracy": 0.5093}}, "6": {"metrics": {"client_number": 3, "loss": 0.15258803687095643, "accuracy": 0.594}}, "7": {"metrics": {"client_number": 3, "loss": 0.16279166560173033, "accuracy": 0.6794}}, "8": {"metrics": {"client_number": 3, "loss": 0.06761662073135376, "accuracy": 0.7807}}, "9": {"metrics": {"client_number": 3, "loss": 0.045058816862106325, "accuracy": 0.8745}}, "10": {"metrics": {"client_number": 3, "loss": 0.004159237311574179, "accuracy": 0.9514}}}, "4": {"1": {"metrics": {"client_number": 4, "loss": 7.464479092407227, "accuracy": 0.098}}, "2": {"metrics": {"client_number": 4, "loss": 0.36645471305847166, "accuracy": 0.2112}}, "3": {"metrics": {"client_number": 4, "loss": 0.37559461669921873, "accuracy": 0.3108}}, "4": {"metrics": {"client_number": 4, "loss": 0.2591783935546875, "accuracy": 0.4106}}, "5": {"metrics": {"client_number": 4, "loss": 0.23951773052215578, "accuracy": 0.5083}}, "6": {"metrics": {"client_number": 4, "loss": 0.16030223793983459, "accuracy": 0.5944}}, "7": {"metrics": {"client_number": 4, "loss": 0.13430463123321534, "accuracy": 0.6826}}, "8": {"metrics": {"client_number": 4, "loss": 0.07462436048984528, "accuracy": 0.7754}}, "9": {"metrics": {"client_number": 4, "loss": 0.05287256237268448, "accuracy": 0.8662}}, "10": {"metrics": {"client_number": 4, "loss": 0.0045376870697672305, "accuracy": 0.9504}}}, "0": {"1": {"metrics": {"client_number": 0, "loss": 9.252350732421874, "accuracy": 0.098}}, "2": {"metrics": {"client_number": 0, "loss": 0.5857759334564209, "accuracy": 0.2113}}, "3": {"metrics": {"client_number": 0, "loss": 0.27962213020324705, "accuracy": 0.3115}}, "4": {"metrics": {"client_number": 0, "loss": 0.26234763431549074, "accuracy": 0.4098}}, "5": {"metrics": {"client_number": 0, "loss": 0.2800401183128357, "accuracy": 0.509}}, "6": {"metrics": {"client_number": 0, "loss": 0.19115574011802675, "accuracy": 0.592}}, "7": {"metrics": {"client_number": 0, "loss": 0.15463057293891908, "accuracy": 0.6812}}, "8": {"metrics": {"client_number": 0, "loss": 0.08008133561611175, "accuracy": 0.7752}}, "9": {"metrics": {"client_number": 0, "loss": 0.04385332696437836, "accuracy": 0.8692}}, "10": {"metrics": {"client_number": 0, "loss": 0.003641631050271974, "accuracy": 0.9606}}}, "2": {"1": {"metrics": {"client_number": 2, "loss": 7.511217309570313, "accuracy": 0.098}}, "2": {"metrics": {"client_number": 2, "loss": 0.22493365545272828, "accuracy": 0.2114}}, "3": {"metrics": {"client_number": 2, "loss": 0.24585310478210448, "accuracy": 0.3117}}, "4": {"metrics": {"client_number": 2, "loss": 0.24771218900680542, "accuracy": 0.4122}}, "5": {"metrics": {"client_number": 2, "loss": 0.21559262199401855, "accuracy": 0.4969}}, "6": {"metrics": {"client_number": 2, "loss": 0.2082199535369873, "accuracy": 0.5871}}, "7": {"metrics": {"client_number": 2, "loss": 0.15022541847229004, "accuracy": 0.687}}, "8": {"metrics": {"client_number": 2, "loss": 0.07332231432199478, "accuracy": 0.7783}}, "9": {"metrics": {"client_number": 2, "loss": 0.046209801930189136, "accuracy": 0.8717}}, "10": {"metrics": {"client_number": 2, "loss": 0.004503069596723686, "accuracy": 0.9554}}}}