{"1": {"1": {"metrics": {"client_number": 1, "loss": 0.06481779266966034, "accuracy": 0.32844932844932845}}}, "2": {"1": {"metrics": {"client_number": 2, "loss": 0.05713959187652274, "accuracy": 0.4003856041131105}}}, "3": {"1": {"metrics": {"client_number": 3, "loss": 0.07146553241269837, "accuracy": 0.33745963401506995}}}, "4": {"1": {"metrics": {"client_number": 4, "loss": 0.10898261802935114, "accuracy": 0.3097961213326703}}}, "0": {"1": {"metrics": {"client_number": 0, "loss": 0.06365685768991554, "accuracy": 0.3482774893817839}}}}