{"1": 178.1957733631134, "2": 220.43965983390808, "3": 287.87622570991516, "4": 291.9432680606842, "5": 334.69988775253296, "6": 294.1062903404236, "7": 248.22883009910583, "8": 297.08623576164246, "9": 33.54848337173462, "10": 33.476704597473145, "11": 37.562248945236206, "12": 38.27249026298523, "13": 34.45832276344299, "14": 34.91738820075989, "15": 33.6268105506897, "16": 39.9611177444458, "17": 37.34760332107544, "18": 38.47993302345276, "19": 39.47380995750427, "20": 35.32168507575989, "21": 36.15836191177368, "22": 32.20791292190552, "23": 37.89199137687683, "24": 37.533567905426025, "25": 34.488250970840454, "26": 34.19159936904907, "27": 39.656036376953125, "28": 35.554784536361694, "29": 39.087507486343384, "30": 33.756630182266235, "31": 34.832287549972534, "32": 38.03939700126648, "33": 38.26957941055298, "34": 35.352896213531494, "35": 37.63945174217224, "36": 37.98865556716919, "37": 36.84716796875, "38": 34.9336154460907, "39": 37.293535470962524, "40": 35.334513902664185, "41": 36.84969758987427, "42": 38.24329972267151, "43": 35.58707332611084, "44": 39.87883400917053, "45": 35.60745882987976, "46": 32.49698305130005, "47": 37.45124864578247, "48": 37.956024408340454, "49": 36.17627239227295, "50": 36.87281584739685, "51": 35.1685996055603, "52": 35.86294388771057, "53": 33.64685559272766, "54": 37.97244572639465, "55": 38.36587166786194, "56": 36.47955870628357, "57": 32.1237268447876, "58": 37.448978662490845, "59": 36.02145481109619, "60": 37.87187314033508}