{"1": 51.38359880447388, "2": 20.5162250995636, "3": 19.217332124710083, "4": 22.631096839904785, "5": 22.371356964111328, "6": 28.195112228393555, "7": 22.38800024986267, "8": 23.767635345458984, "9": 19.837152004241943, "10": 25.998706817626953, "11": 41.17947220802307, "12": 6.9848082065582275, "13": 6.885320425033569, "14": 6.97922158241272, "15": 6.887793302536011, "16": 7.00374698638916, "17": 6.878738641738892, "18": 7.011864423751831, "19": 6.994227170944214, "20": 6.977779865264893, "21": 6.8828418254852295, "22": 6.9905784130096436, "23": 6.874268293380737, "24": 6.893758535385132, "25": 6.907268047332764, "26": 7.287799119949341, "27": 7.173485040664673, "28": 6.90254282951355, "29": 6.892165660858154, "30": 6.923547744750977, "31": 6.89114236831665, "32": 6.779517412185669, "33": 6.981041431427002, "34": 6.987783193588257, "35": 7.072747230529785, "36": 6.8954784870147705, "37": 6.9750165939331055, "38": 6.773939371109009, "39": 6.762684106826782, "40": 6.771198511123657, "41": 6.894936561584473, "42": 6.785473585128784, "43": 6.778776407241821, "44": 6.896597385406494, "45": 6.881937742233276, "46": 6.775750637054443, "47": 6.7772369384765625, "48": 6.881164073944092, "49": 6.912076711654663, "50": 6.93039083480835, "51": 6.785208225250244, "52": 6.889637231826782, "53": 6.904841899871826, "54": 6.883519411087036, "55": 6.784333229064941, "56": 6.914993762969971, "57": 6.881418228149414, "58": 6.932392597198486, "59": 6.791562080383301, "60": 6.8916015625, "61": 6.981828451156616, "62": 6.792854070663452, "63": 6.785660266876221, "64": 6.781160354614258, "65": 6.899158000946045, "66": 6.770334482192993, "67": 6.78717041015625, "68": 6.87877893447876, "69": 6.769953727722168, "70": 6.878051519393921, "71": 6.816186189651489, "72": 6.812027215957642, "73": 6.971737623214722, "74": 6.811163425445557, "75": 6.7753801345825195, "76": 6.874513626098633, "77": 6.880871057510376, "78": 6.869884014129639, "79": 6.895402431488037, "80": 6.8832924365997314, "81": 6.986607313156128, "82": 7.085012197494507, "83": 6.778777122497559, "84": 6.918384552001953, "85": 6.909264802932739, "86": 6.800359010696411, "87": 6.819726228713989, "88": 6.869780778884888, "89": 6.775219202041626, "90": 6.776489019393921, "91": 6.9843528270721436, "92": 6.801382780075073, "93": 7.012257814407349, "94": 6.886958837509155, "95": 6.777404546737671, "96": 7.337948560714722, "97": 6.976014614105225, "98": 6.787851333618164, "99": 6.8794944286346436, "100": 6.902976036071777}