{"1": 75.5158064365387, "2": 58.26612567901611, "3": 75.03406929969788, "4": 53.01581573486328, "5": 55.638633728027344, "6": 69.68390011787415, "7": 64.99429321289062, "8": 52.00691366195679, "9": 62.408337354660034, "10": 65.91814661026001}