{"2": {"1": {"metrics": {"client_number": 2, "loss": 6.691685650634765, "accuracy": 0.098}}, "2": {"metrics": {"client_number": 2, "loss": 0.46571681632995604, "accuracy": 0.2113}}, "3": {"metrics": {"client_number": 2, "loss": 0.2878228326797485, "accuracy": 0.3125}}, "4": {"metrics": {"client_number": 2, "loss": 0.23885204668045043, "accuracy": 0.4135}}, "5": {"metrics": {"client_number": 2, "loss": 0.22114549083709717, "accuracy": 0.5093}}, "6": {"metrics": {"client_number": 2, "loss": 0.13271413860321046, "accuracy": 0.5906}}, "7": {"metrics": {"client_number": 2, "loss": 0.10739235994815827, "accuracy": 0.6754}}, "8": {"metrics": {"client_number": 2, "loss": 0.08280710687637328, "accuracy": 0.7768}}, "9": {"metrics": {"client_number": 2, "loss": 0.036765017271041874, "accuracy": 0.8691}}, "10": {"metrics": {"client_number": 2, "loss": 0.004696657868815742, "accuracy": 0.9485}}}, "1": {"1": {"metrics": {"client_number": 1, "loss": 8.828698785400391, "accuracy": 0.098}}, "2": {"metrics": {"client_number": 1, "loss": 0.45675922813415526, "accuracy": 0.2099}}, "3": {"metrics": {"client_number": 1, "loss": 0.22499034843444823, "accuracy": 0.3112}}, "4": {"metrics": {"client_number": 1, "loss": 0.2353565046310425, "accuracy": 0.4088}}, "5": {"metrics": {"client_number": 1, "loss": 0.2499082844734192, "accuracy": 0.5087}}, "6": {"metrics": {"client_number": 1, "loss": 0.18180845174789428, "accuracy": 0.5948}}, "7": {"metrics": {"client_number": 1, "loss": 0.1602411109447479, "accuracy": 0.6863}}, "8": {"metrics": {"client_number": 1, "loss": 0.07459115555286408, "accuracy": 0.7777}}, "9": {"metrics": {"client_number": 1, "loss": 0.04648489119410515, "accuracy": 0.8758}}, "10": {"metrics": {"client_number": 1, "loss": 0.003730080122185882, "accuracy": 0.959}}}, "0": {"1": {"metrics": {"client_number": 0, "loss": 7.903101388549804, "accuracy": 0.098}}, "2": {"metrics": {"client_number": 0, "loss": 0.30173731756210326, "accuracy": 0.2113}}, "3": {"metrics": {"client_number": 0, "loss": 0.25390373201370237, "accuracy": 0.3129}}, "4": {"metrics": {"client_number": 0, "loss": 0.23499113187789916, "accuracy": 0.4107}}, "5": {"metrics": {"client_number": 0, "loss": 0.24858569831848146, "accuracy": 0.5075}}, "6": {"metrics": {"client_number": 0, "loss": 0.13676034955978394, "accuracy": 0.5914}}, "7": {"metrics": {"client_number": 0, "loss": 0.13509881896972656, "accuracy": 0.6829}}, "8": {"metrics": {"client_number": 0, "loss": 0.08531126811504364, "accuracy": 0.7794}}, "9": {"metrics": {"client_number": 0, "loss": 0.046723853266239165, "accuracy": 0.8706}}, "10": {"metrics": {"client_number": 0, "loss": 0.0038330503979329706, "accuracy": 0.9595}}}, "3": {"1": {"metrics": {"client_number": 3, "loss": 7.074690292358398, "accuracy": 0.098}}, "2": {"metrics": {"client_number": 3, "loss": 0.451225909614563, "accuracy": 0.2109}}, "3": {"metrics": {"client_number": 3, "loss": 0.18806140537261962, "accuracy": 0.3119}}, "4": {"metrics": {"client_number": 3, "loss": 0.18770440816879272, "accuracy": 0.4104}}, "5": {"metrics": {"client_number": 3, "loss": 0.2255025755882263, "accuracy": 0.5094}}, "6": {"metrics": {"client_number": 3, "loss": 0.14571514015197753, "accuracy": 0.5925}}, "7": {"metrics": {"client_number": 3, "loss": 0.1370998078584671, "accuracy": 0.6855}}, "8": {"metrics": {"client_number": 3, "loss": 0.08500222246646881, "accuracy": 0.7764}}, "9": {"metrics": {"client_number": 3, "loss": 0.039016191178560256, "accuracy": 0.8753}}, "10": {"metrics": {"client_number": 3, "loss": 0.004729822560284822, "accuracy": 0.951}}}, "4": {"1": {"metrics": {"client_number": 4, "loss": 9.030962994384765, "accuracy": 0.098}}, "2": {"metrics": {"client_number": 4, "loss": 0.607145461845398, "accuracy": 0.2109}}, "3": {"metrics": {"client_number": 4, "loss": 0.2836090334892273, "accuracy": 0.3122}}, "4": {"metrics": {"client_number": 4, "loss": 0.22243348808288574, "accuracy": 0.412}}, "5": {"metrics": {"client_number": 4, "loss": 0.24135763263702392, "accuracy": 0.5078}}, "6": {"metrics": {"client_number": 4, "loss": 0.18075977392196654, "accuracy": 0.5926}}, "7": {"metrics": {"client_number": 4, "loss": 0.1513483823299408, "accuracy": 0.6825}}, "8": {"metrics": {"client_number": 4, "loss": 0.0724543783903122, "accuracy": 0.7779}}, "9": {"metrics": {"client_number": 4, "loss": 0.03444967139363289, "accuracy": 0.8674}}, "10": {"metrics": {"client_number": 4, "loss": 0.0033465315283072415, "accuracy": 0.9626}}}}