{"3": {"1": {"metrics": {"client_number": 3, "loss": 0.01992356664931293, "accuracy": 0.7103139013452915}}}, "2": {"1": {"metrics": {"client_number": 2, "loss": 0.012350143981477955, "accuracy": 0.7798607391537226}}}, "0": {"1": {"metrics": {"client_number": 0, "loss": 0.016310921743822718, "accuracy": 0.7715296893432954}}}, "1": {"1": {"metrics": {"client_number": 1, "loss": 0.013625595469764227, "accuracy": 0.8073923363852153}}}, "4": {"1": {"metrics": {"client_number": 4, "loss": 0.050756568341545676, "accuracy": 0.5060091172813924}}}}