{"1": 75.6795539855957, "2": 56.1715829372406, "3": 49.487186670303345, "4": 64.76891350746155, "5": 70.94019794464111, "6": 52.96536445617676, "7": 51.63050127029419, "8": 55.26223063468933, "9": 55.083040714263916, "10": 64.2807264328003}