{"2": {"1": {"metrics": {"client_number": 2, "loss": 14.45539200888195, "accuracy": 0.0}}, "2": {"metrics": {"client_number": 2, "loss": 0.1955592552616541, "accuracy": 0.4190231362467866}}, "3": {"metrics": {"client_number": 2, "loss": 0.21780762145329258, "accuracy": 0.45629820051413883}}, "4": {"metrics": {"client_number": 2, "loss": 0.335640503385686, "accuracy": 0.2917737789203085}}, "5": {"metrics": {"client_number": 2, "loss": 0.26381855390985093, "accuracy": 0.3232647814910026}}, "6": {"metrics": {"client_number": 2, "loss": 0.15168707781401883, "accuracy": 0.41838046272493573}}, "7": {"metrics": {"client_number": 2, "loss": 0.17197299064891197, "accuracy": 0.37339331619537275}}, "8": {"metrics": {"client_number": 2, "loss": 0.14056688807617423, "accuracy": 0.39460154241645246}}, "9": {"metrics": {"client_number": 2, "loss": 0.14699121612509602, "accuracy": 0.42159383033419023}}, "10": {"metrics": {"client_number": 2, "loss": 0.15095464858420404, "accuracy": 0.21401028277634962}}}, "1": {"1": {"metrics": {"client_number": 1, "loss": 6.168605296748607, "accuracy": 0.24623524623524623}}, "2": {"metrics": {"client_number": 1, "loss": 0.15990881091169482, "accuracy": 0.2201872201872202}}, "3": {"metrics": {"client_number": 1, "loss": 0.14240841153291944, "accuracy": 0.466015466015466}}, "4": {"metrics": {"client_number": 1, "loss": 0.13977324443470912, "accuracy": 0.393976393976394}}, "5": {"metrics": {"client_number": 1, "loss": 0.08299005987394811, "accuracy": 0.44485144485144484}}, "6": {"metrics": {"client_number": 1, "loss": 0.11148352364868859, "accuracy": 0.4025234025234025}}, "7": {"metrics": {"client_number": 1, "loss": 0.11612330678521399, "accuracy": 0.3463573463573464}}, "8": {"metrics": {"client_number": 1, "loss": 0.11479865335379862, "accuracy": 0.3426943426943427}}, "9": {"metrics": {"client_number": 1, "loss": 0.1666078746051967, "accuracy": 0.27146927146927147}}, "10": {"metrics": {"client_number": 1, "loss": 0.098425293434525, "accuracy": 0.34025234025234025}}}, "0": {"1": {"metrics": {"client_number": 0, "loss": 7.959345142027858, "accuracy": 0.10099103350637093}}, "2": {"metrics": {"client_number": 0, "loss": 0.31447364227453345, "accuracy": 0.06134969325153374}}, "3": {"metrics": {"client_number": 0, "loss": 0.30498248105231407, "accuracy": 0.0778669183577159}}, "4": {"metrics": {"client_number": 0, "loss": 0.4501031431852505, "accuracy": 0.04624823029731005}}, "5": {"metrics": {"client_number": 0, "loss": 0.4635125349691984, "accuracy": 0.08211420481359132}}, "6": {"metrics": {"client_number": 0, "loss": 0.34744892867458715, "accuracy": 0.07220386974988202}}, "7": {"metrics": {"client_number": 0, "loss": 0.42434570596937077, "accuracy": 0.05710240679565833}}, "8": {"metrics": {"client_number": 0, "loss": 0.20620826326940014, "accuracy": 0.3034450212364323}}, "9": {"metrics": {"client_number": 0, "loss": 0.1157887849452193, "accuracy": 0.3596035865974516}}, "10": {"metrics": {"client_number": 0, "loss": 0.1613127056750108, "accuracy": 0.2973100519112789}}}, "4": {"1": {"metrics": {"client_number": 4, "loss": 9.302241116243474, "accuracy": 0.0}}, "2": {"metrics": {"client_number": 4, "loss": 0.29466392008716463, "accuracy": 0.045251118846345105}}, "3": {"metrics": {"client_number": 4, "loss": 0.40806697957377003, "accuracy": 0.0382894082545997}}, "4": {"metrics": {"client_number": 4, "loss": 0.3134327105536857, "accuracy": 0.35156638488314274}}, "5": {"metrics": {"client_number": 4, "loss": 0.291305285434353, "accuracy": 0.3635007458975634}}, "6": {"metrics": {"client_number": 4, "loss": 0.25764742471399976, "accuracy": 0.3455992043759324}}, "7": {"metrics": {"client_number": 4, "loss": 0.11058244700457906, "accuracy": 0.3903530581800099}}, "8": {"metrics": {"client_number": 4, "loss": 0.10471588091610795, "accuracy": 0.4604674291397315}}, "9": {"metrics": {"client_number": 4, "loss": 0.11893635682950619, "accuracy": 0.3585280954748881}}, "10": {"metrics": {"client_number": 4, "loss": 0.11778418523408121, "accuracy": 0.3351566384883143}}}, "3": {"1": {"metrics": {"client_number": 3, "loss": 9.524107211372696, "accuracy": 0.09741657696447793}}, "2": {"metrics": {"client_number": 3, "loss": 0.25155703757114634, "accuracy": 0.06189451022604951}}, "3": {"metrics": {"client_number": 3, "loss": 0.46752307797402176, "accuracy": 0.06673842841765339}}, "4": {"metrics": {"client_number": 3, "loss": 0.3567613882962033, "accuracy": 0.05435952637244349}}, "5": {"metrics": {"client_number": 3, "loss": 0.444453427301413, "accuracy": 0.060279870828848225}}, "6": {"metrics": {"client_number": 3, "loss": 0.4553587505968831, "accuracy": 0.044671689989235736}}, "7": {"metrics": {"client_number": 3, "loss": 0.5110631507487549, "accuracy": 0.045748116254036596}}, "8": {"metrics": {"client_number": 3, "loss": 0.5782739980100173, "accuracy": 0.03498385360602799}}, "9": {"metrics": {"client_number": 3, "loss": 0.37750627663471725, "accuracy": 0.19429494079655543}}, "10": {"metrics": {"client_number": 3, "loss": 0.10220568839649082, "accuracy": 0.4058127018299246}}}}