{"1": 111.67870545387268, "2": 98.9057970046997, "3": 41.53713059425354, "4": 6.8929266929626465, "5": 6.896930694580078, "6": 7.629290580749512, "7": 7.204841375350952, "8": 7.0391600131988525, "9": 6.8942530155181885, "10": 7.295778751373291, "11": 7.465027093887329, "12": 7.820419549942017, "13": 8.92325472831726, "14": 7.621405601501465, "15": 7.498465061187744, "16": 7.387166976928711, "17": 6.990856409072876, "18": 6.9893717765808105, "19": 6.98077392578125, "20": 6.996213912963867, "21": 7.097209453582764, "22": 7.183497905731201, "23": 7.09625506401062, "24": 7.02444314956665, "25": 7.08850884437561, "26": 6.999248027801514, "27": 6.984997987747192, "28": 6.988074541091919, "29": 7.01341986656189, "30": 6.987714052200317, "31": 7.082221984863281, "32": 7.1985204219818115, "33": 6.8898303508758545, "34": 8.080047607421875, "35": 7.019197463989258, "36": 7.096209764480591, "37": 6.88043737411499, "38": 7.086349010467529, "39": 7.0025787353515625, "40": 7.086577653884888, "41": 7.043364763259888, "42": 7.084390878677368, "43": 7.100381851196289, "44": 6.923108100891113, "45": 6.987328052520752, "46": 7.09400749206543, "47": 7.284280300140381, "48": 7.223447799682617, "49": 6.980998992919922, "50": 7.101714372634888, "51": 7.177918195724487, "52": 7.079527139663696, "53": 7.0950093269348145, "54": 7.105820178985596, "55": 7.090081691741943, "56": 6.986955881118774, "57": 7.0911524295806885, "58": 7.920758962631226, "59": 7.09705376625061, "60": 6.924323320388794, "61": 7.093995809555054, "62": 7.0943076610565186, "63": 7.108550548553467, "64": 7.195512294769287, "65": 7.321243524551392, "66": 7.126516103744507, "67": 7.106696844100952, "68": 7.136839151382446, "69": 7.538763046264648, "70": 7.4803712368011475, "71": 7.134730577468872, "72": 7.1029884815216064, "73": 7.089925050735474, "74": 7.092414379119873, "75": 7.0359838008880615, "76": 7.181521415710449, "77": 7.111011266708374, "78": 7.092685699462891, "79": 7.082216501235962, "80": 7.207108020782471, "81": 7.092494010925293, "82": 7.108405351638794, "83": 7.191335678100586, "84": 7.084885835647583, "85": 7.108604431152344, "86": 7.096444606781006, "87": 7.196810007095337, "88": 7.225830078125, "89": 7.080477476119995, "90": 7.084397077560425, "91": 7.208540201187134, "92": 7.200497150421143, "93": 7.396446943283081, "94": 7.096622467041016, "95": 7.204020023345947, "96": 7.20902419090271, "97": 7.114573240280151, "98": 7.196859359741211, "99": 7.1948301792144775, "100": 7.2467100620269775}