{"1": {"1": {"metrics": {"client_number": 1, "loss": 0.025589315347454362, "accuracy": 0.6119936457505957}}}, "3": {"1": {"metrics": {"client_number": 3, "loss": 0.036549506927851576, "accuracy": 0.49610311750599523}}}, "0": {"1": {"metrics": {"client_number": 0, "loss": 0.029104135422330944, "accuracy": 0.5634281399446263}}}, "4": {"1": {"metrics": {"client_number": 4, "loss": 0.031175496784878312, "accuracy": 0.5500762582613117}}}, "2": {"1": {"metrics": {"client_number": 2, "loss": 0.031708314008972775, "accuracy": 0.5486222481411285}}}}