{"1": 102.61247897148132, "2": 97.68952059745789, "3": 112.6380455493927, "4": 118.23553681373596, "5": 147.31601476669312, "6": 139.2312593460083, "7": 114.00758051872253, "8": 257.2113037109375, "9": 31.03836679458618, "10": 29.595937490463257, "11": 31.715571641921997, "12": 31.873343467712402, "13": 30.933305025100708, "14": 32.14040422439575, "15": 29.68905782699585, "16": 33.01627731323242, "17": 28.295286178588867, "18": 30.610891103744507, "19": 30.71285581588745, "20": 29.3908109664917, "21": 34.140246868133545, "22": 31.033578157424927, "23": 29.207173585891724, "24": 28.88776922225952, "25": 32.31337523460388, "26": 28.32787847518921, "27": 28.29097819328308, "28": 28.40711808204651, "29": 32.41416120529175, "30": 29.54427146911621, "31": 34.45330452919006, "32": 29.586137056350708, "33": 33.826011657714844, "34": 30.300206422805786, "35": 30.62380576133728, "36": 31.503042221069336, "37": 32.221277713775635, "38": 33.52075934410095, "39": 28.884631633758545, "40": 31.104724168777466, "41": 30.80348038673401, "42": 34.50916767120361, "43": 33.74464440345764, "44": 30.30526852607727, "45": 30.3073570728302, "46": 31.62082839012146, "47": 33.4140145778656, "48": 33.31164503097534, "49": 32.719557762145996, "50": 29.45782208442688, "51": 30.818207502365112, "52": 29.48985767364502, "53": 30.517931938171387, "54": 35.38766074180603, "55": 32.6997709274292, "56": 30.73340344429016, "57": 32.52937173843384, "58": 31.627039909362793, "59": 30.010355234146118, "60": 29.317808389663696, "61": 31.505349159240723, "62": 32.81310272216797, "63": 31.697307348251343, "64": 31.00571060180664, "65": 33.81445097923279, "66": 33.82429003715515, "67": 32.209938049316406, "68": 31.41335368156433, "69": 32.484379529953, "70": 32.80752968788147, "71": 34.619125843048096, "72": 30.397732973098755, "73": 31.109919786453247, "74": 30.029067039489746, "75": 32.85407900810242, "76": 30.60462737083435, "77": 33.98814392089844, "78": 36.203787326812744, "79": 28.303239822387695, "80": 34.14117789268494, "81": 29.22408127784729, "82": 34.69456124305725, "83": 34.244041442871094, "84": 33.343504667282104, "85": 32.62418794631958, "86": 33.438019037246704, "87": 34.23278999328613, "88": 32.866331815719604, "89": 32.963054180145264, "90": 30.611300230026245, "91": 32.63877987861633, "92": 33.046873331069946, "93": 33.82945370674133, "94": 29.818607330322266, "95": 33.727715730667114, "96": 31.163832902908325, "97": 30.51686716079712, "98": 32.91640853881836, "99": 33.83385729789734, "100": 32.83595871925354}