{"0": {"1": {"metrics": {"client_number": 0, "loss": 9.443345750824017, "accuracy": 0.10099103350637093}}, "2": {"metrics": {"client_number": 0, "loss": 0.3305711210646006, "accuracy": 0.05568664464369986}}, "3": {"metrics": {"client_number": 0, "loss": 0.5184971664018257, "accuracy": 0.03303445021236432}}, "4": {"metrics": {"client_number": 0, "loss": 0.661617968542613, "accuracy": 0.03964134025483719}}, "5": {"metrics": {"client_number": 0, "loss": 0.5219958414723143, "accuracy": 0.05427088249174139}}, "6": {"metrics": {"client_number": 0, "loss": 0.5250707701052513, "accuracy": 0.0684285040113261}}, "7": {"metrics": {"client_number": 0, "loss": 0.42220589438380357, "accuracy": 0.10099103350637093}}, "8": {"metrics": {"client_number": 0, "loss": 0.20693710087717226, "accuracy": 0.27607361963190186}}, "9": {"metrics": {"client_number": 0, "loss": 0.1409938251032701, "accuracy": 0.3421425200566305}}, "10": {"metrics": {"client_number": 0, "loss": 0.15429181319016677, "accuracy": 0.292590844738084}}}, "4": {"1": {"metrics": {"client_number": 4, "loss": 10.027871517445067, "accuracy": 0.0}}, "2": {"metrics": {"client_number": 4, "loss": 0.3526962570501524, "accuracy": 0.05022376926902039}}, "3": {"metrics": {"client_number": 4, "loss": 0.34292523817065224, "accuracy": 0.04475385380407757}}, "4": {"metrics": {"client_number": 4, "loss": 0.3326951714074179, "accuracy": 0.3127797115862755}}, "5": {"metrics": {"client_number": 4, "loss": 0.32015624394883924, "accuracy": 0.3679761312779712}}, "6": {"metrics": {"client_number": 4, "loss": 0.3062238034059135, "accuracy": 0.2794629537543511}}, "7": {"metrics": {"client_number": 4, "loss": 0.12422508674139765, "accuracy": 0.4331178518150174}}, "8": {"metrics": {"client_number": 4, "loss": 0.15039218639865082, "accuracy": 0.35007458975634015}}, "9": {"metrics": {"client_number": 4, "loss": 0.211873584218075, "accuracy": 0.31576330183988066}}, "10": {"metrics": {"client_number": 4, "loss": 0.12460749686386738, "accuracy": 0.3724515166583789}}}, "1": {"1": {"metrics": {"client_number": 1, "loss": 6.276395593564783, "accuracy": 0.24623524623524623}}, "2": {"metrics": {"client_number": 1, "loss": 0.1904064018550713, "accuracy": 0.21855921855921856}}, "3": {"metrics": {"client_number": 1, "loss": 0.2241444772076791, "accuracy": 0.3117623117623118}}, "4": {"metrics": {"client_number": 1, "loss": 0.2849379975377519, "accuracy": 0.30687830687830686}}, "5": {"metrics": {"client_number": 1, "loss": 0.06796520533579173, "accuracy": 0.3492063492063492}}, "6": {"metrics": {"client_number": 1, "loss": 0.11210726119659759, "accuracy": 0.37688237688237686}}, "7": {"metrics": {"client_number": 1, "loss": 0.1135754259223612, "accuracy": 0.3667073667073667}}, "8": {"metrics": {"client_number": 1, "loss": 0.1094551526971304, "accuracy": 0.3492063492063492}}, "9": {"metrics": {"client_number": 1, "loss": 0.09101644899479296, "accuracy": 0.36914936914936913}}, "10": {"metrics": {"client_number": 1, "loss": 0.1165793802760508, "accuracy": 0.30036630036630035}}}, "2": {"1": {"metrics": {"client_number": 2, "loss": 13.863631692214613, "accuracy": 0.0}}, "2": {"metrics": {"client_number": 2, "loss": 0.17833019344849574, "accuracy": 0.4517994858611825}}, "3": {"metrics": {"client_number": 2, "loss": 0.18433766806340157, "accuracy": 0.4434447300771208}}, "4": {"metrics": {"client_number": 2, "loss": 0.34954970171028665, "accuracy": 0.41002570694087404}}, "5": {"metrics": {"client_number": 2, "loss": 0.3106948581636718, "accuracy": 0.4440874035989717}}, "6": {"metrics": {"client_number": 2, "loss": 0.12382102227149708, "accuracy": 0.4845758354755784}}, "7": {"metrics": {"client_number": 2, "loss": 0.1656495786264807, "accuracy": 0.487146529562982}}, "8": {"metrics": {"client_number": 2, "loss": 0.13882639567465893, "accuracy": 0.44151670951156813}}, "9": {"metrics": {"client_number": 2, "loss": 0.1542351714749569, "accuracy": 0.4241645244215938}}, "10": {"metrics": {"client_number": 2, "loss": 0.11562754807558036, "accuracy": 0.4074550128534704}}}, "3": {"1": {"metrics": {"client_number": 3, "loss": 9.536573888411178, "accuracy": 0.09741657696447793}}, "2": {"metrics": {"client_number": 3, "loss": 0.39459817453144186, "accuracy": 0.03982777179763186}}, "3": {"metrics": {"client_number": 3, "loss": 0.4702728382352864, "accuracy": 0.03767491926803014}}, "4": {"metrics": {"client_number": 3, "loss": 0.5279107622489477, "accuracy": 0.030678148546824543}}, "5": {"metrics": {"client_number": 3, "loss": 0.5143257783739893, "accuracy": 0.042518837459634015}}, "6": {"metrics": {"client_number": 3, "loss": 0.5817390899740328, "accuracy": 0.03336921420882669}}, "7": {"metrics": {"client_number": 3, "loss": 0.5810038183682444, "accuracy": 0.03552206673842842}}, "8": {"metrics": {"client_number": 3, "loss": 0.4895557007312261, "accuracy": 0.031216361679224973}}, "9": {"metrics": {"client_number": 3, "loss": 0.581490832843103, "accuracy": 0.07642626480086114}}, "10": {"metrics": {"client_number": 3, "loss": 0.1403699141914031, "accuracy": 0.34230355220667386}}}}