{"1": 109.7818922996521, "2": 43.22947359085083, "3": 41.36444401741028, "4": 8.30087399482727, "5": 6.911908864974976, "6": 6.786849737167358, "7": 6.79744553565979, "8": 6.73807954788208, "9": 6.80641508102417, "10": 6.9057111740112305, "11": 6.697497606277466, "12": 6.804765462875366, "13": 6.717309236526489, "14": 6.577650785446167, "15": 6.888845205307007, "16": 6.692954063415527, "17": 6.682795286178589, "18": 6.777551889419556, "19": 6.714474201202393, "20": 6.7955827713012695, "21": 6.6045825481414795, "22": 6.8111207485198975, "23": 6.768774032592773, "24": 6.818678379058838, "25": 6.704224109649658, "26": 6.795504093170166, "27": 6.915132761001587, "28": 6.781766414642334, "29": 6.730041742324829, "30": 6.710242748260498, "31": 6.886402368545532, "32": 6.613731861114502, "33": 6.77774977684021, "34": 6.8122782707214355, "35": 6.686160087585449, "36": 6.800678730010986, "37": 6.8682615756988525, "38": 7.927110195159912, "39": 6.883274793624878, "40": 6.68145751953125, "41": 6.77531361579895, "42": 6.903841495513916, "43": 6.781440258026123, "44": 6.795702695846558, "45": 6.698763132095337, "46": 6.884425401687622, "47": 6.884301662445068, "48": 6.783430099487305, "49": 6.803912162780762, "50": 6.980507850646973, "51": 6.896472692489624, "52": 6.692236661911011, "53": 6.787645578384399, "54": 6.68918251991272, "55": 6.886506080627441, "56": 6.8891520500183105, "57": 6.6860058307647705, "58": 6.919369697570801, "59": 6.913188934326172, "60": 6.896439552307129, "61": 6.986978054046631, "62": 6.910945653915405, "63": 6.822092771530151, "64": 6.7863380908966064, "65": 6.895951747894287, "66": 6.819402694702148, "67": 6.781676530838013, "68": 6.886579990386963, "69": 6.832663536071777, "70": 6.989506244659424, "71": 6.7838380336761475, "72": 6.69912314414978, "73": 6.884755849838257, "74": 6.686681509017944, "75": 6.802737474441528, "76": 6.795114278793335, "77": 6.809694051742554, "78": 6.981612205505371, "79": 6.783354043960571, "80": 6.874533653259277, "81": 6.814732074737549, "82": 6.790657043457031, "83": 6.914003372192383, "84": 6.813393831253052, "85": 6.774667978286743, "86": 6.77149772644043, "87": 6.691532850265503, "88": 6.6794562339782715, "89": 6.708634853363037, "90": 6.772417306900024, "91": 6.6816747188568115, "92": 6.779972314834595, "93": 6.875141859054565, "94": 6.784062147140503, "95": 6.686534643173218, "96": 6.775180101394653, "97": 6.671023607254028, "98": 6.810843229293823, "99": 6.7759435176849365, "100": 6.673960447311401}