{"1": 86.46845984458923, "2": 73.42077684402466, "3": 41.15745544433594, "4": 6.777051687240601, "5": 6.609871864318848, "6": 6.679908990859985, "7": 7.4117701053619385, "8": 6.773711681365967, "9": 6.571507930755615, "10": 6.689562559127808, "11": 6.475401163101196, "12": 6.7867209911346436, "13": 6.69148588180542, "14": 6.691056728363037, "15": 6.472990036010742, "16": 6.603693008422852, "17": 6.811584234237671, "18": 6.727736949920654, "19": 6.679107427597046, "20": 6.6984007358551025, "21": 6.5824174880981445, "22": 6.707192659378052, "23": 6.793664932250977, "24": 6.8058085441589355, "25": 6.773534059524536, "26": 6.680577754974365, "27": 6.732811689376831, "28": 6.691265821456909, "29": 6.775033950805664, "30": 6.58463191986084, "31": 6.696642875671387, "32": 6.690243244171143, "33": 6.828526735305786, "34": 6.679149389266968, "35": 6.679337978363037, "36": 6.826000213623047, "37": 6.7688822746276855, "38": 6.784946441650391, "39": 6.702897310256958, "40": 6.7691490650177, "41": 6.6997973918914795, "42": 6.690366744995117, "43": 6.785788536071777, "44": 6.799402952194214, "45": 6.772000789642334, "46": 6.792923927307129, "47": 7.998056650161743, "48": 6.995713710784912, "49": 6.879633188247681, "50": 6.673671245574951, "51": 6.670259237289429, "52": 6.7776312828063965, "53": 6.791116237640381, "54": 6.698407411575317, "55": 6.769192457199097, "56": 6.693593502044678, "57": 6.77483344078064, "58": 6.6849541664123535, "59": 6.888255596160889, "60": 6.7315990924835205, "61": 6.804049968719482, "62": 6.709003925323486, "63": 6.582015514373779, "64": 6.767535448074341, "65": 6.76514458656311, "66": 6.693686246871948, "67": 6.6791746616363525, "68": 6.726938009262085, "69": 6.677308082580566, "70": 6.768718719482422, "71": 6.705444574356079, "72": 7.003798484802246, "73": 6.76542592048645, "74": 7.138219833374023, "75": 7.088185787200928, "76": 6.694242477416992, "77": 6.686595439910889, "78": 6.696899175643921, "79": 7.082146644592285, "80": 7.284892559051514, "81": 6.77629280090332, "82": 6.776828050613403, "83": 6.688431024551392, "84": 6.778237342834473, "85": 6.788174152374268, "86": 6.681777000427246, "87": 6.692083358764648, "88": 6.780510902404785, "89": 6.774979591369629, "90": 6.786377668380737, "91": 6.779794692993164, "92": 6.721907138824463, "93": 6.680934429168701, "94": 6.788619756698608, "95": 6.832764625549316, "96": 6.987959146499634, "97": 6.7352564334869385, "98": 6.794973134994507, "99": 6.82231879234314, "100": 6.744613170623779}