{"1": 37.35150098800659, "2": 17.465468168258667, "3": 17.0242280960083, "4": 18.20107865333557, "5": 19.65759038925171, "6": 17.932063579559326, "7": 21.875877141952515, "8": 18.723586559295654, "9": 18.89688205718994, "10": 18.602404356002808, "11": 28.03000545501709, "12": 28.189924478530884, "13": 19.86717176437378, "14": 20.398578643798828, "15": 19.346001386642456, "16": 25.514633417129517, "17": 26.206453800201416, "18": 24.661839485168457, "19": 39.77228879928589, "20": 24.712159395217896}