{"1": 81.47804284095764, "2": 61.614224910736084, "3": 64.07046055793762, "4": 86.26301431655884, "5": 95.93185806274414, "6": 72.95443201065063, "7": 59.794798135757446, "8": 73.63352584838867, "9": 73.43001341819763, "10": 86.99832034111023}