{"3": {"1": {"metrics": {"client_number": 3, "loss": 0.020672982824222925, "accuracy": 0.6937219730941704}}}, "1": {"1": {"metrics": {"client_number": 1, "loss": 0.01731394226771769, "accuracy": 0.768056968463886}}}, "0": {"1": {"metrics": {"client_number": 0, "loss": 0.02210545767211464, "accuracy": 0.7086118757373181}}}, "2": {"1": {"metrics": {"client_number": 2, "loss": 0.012750508524098368, "accuracy": 0.8093197643277986}}}, "4": {"1": {"metrics": {"client_number": 4, "loss": 0.03512881427595737, "accuracy": 0.5868213841690841}}}}