{"3": {"1": {"metrics": {"client_number": 3, "loss": 10.774168854444016, "accuracy": 0.008968609865470852}}, "2": {"metrics": {"client_number": 3, "loss": 0.3656467172597021, "accuracy": 0.05874439461883408}}, "3": {"metrics": {"client_number": 3, "loss": 0.3194129097087501, "accuracy": 0.05874439461883408}}, "4": {"metrics": {"client_number": 3, "loss": 0.5492100394894724, "accuracy": 0.056950672645739914}}, "5": {"metrics": {"client_number": 3, "loss": 0.1789461815838322, "accuracy": 0.2704035874439462}}, "6": {"metrics": {"client_number": 3, "loss": 0.3916171420315456, "accuracy": 0.2672645739910314}}, "7": {"metrics": {"client_number": 3, "loss": 0.32801372031994463, "accuracy": 0.1905829596412556}}, "8": {"metrics": {"client_number": 3, "loss": 0.2069156313156333, "accuracy": 0.21210762331838565}}, "9": {"metrics": {"client_number": 3, "loss": 0.07318712927300834, "accuracy": 0.6094170403587444}}, "10": {"metrics": {"client_number": 3, "loss": 0.0721372437584026, "accuracy": 0.6125560538116592}}}, "4": {"1": {"metrics": {"client_number": 4, "loss": 3.7149857016356713, "accuracy": 0.4513054289266473}}, "2": {"metrics": {"client_number": 4, "loss": 0.21681714008519426, "accuracy": 0.4450891007045172}}, "3": {"metrics": {"client_number": 4, "loss": 0.3107082941598335, "accuracy": 0.4086199751346871}}, "4": {"metrics": {"client_number": 4, "loss": 0.2996754640372917, "accuracy": 0.39494405304600083}}, "5": {"metrics": {"client_number": 4, "loss": 0.25890965625748713, "accuracy": 0.38126813095731454}}, "6": {"metrics": {"client_number": 4, "loss": 0.25475679271901935, "accuracy": 0.3601326150020721}}, "7": {"metrics": {"client_number": 4, "loss": 0.11537372478053523, "accuracy": 0.564857024450891}}, "8": {"metrics": {"client_number": 4, "loss": 0.06758386388241973, "accuracy": 0.5631993369249897}}, "9": {"metrics": {"client_number": 4, "loss": 0.06558530379072838, "accuracy": 0.5520099461251554}}, "10": {"metrics": {"client_number": 4, "loss": 0.06439847981737108, "accuracy": 0.5536676336510568}}}, "0": {"1": {"metrics": {"client_number": 0, "loss": 7.710416109037831, "accuracy": 0.0}}, "2": {"metrics": {"client_number": 0, "loss": 0.31293899095110006, "accuracy": 0.2634683444750295}}, "3": {"metrics": {"client_number": 0, "loss": 0.13428218375028608, "accuracy": 0.7121510027526543}}, "4": {"metrics": {"client_number": 0, "loss": 0.09641220679303768, "accuracy": 0.6972080220212348}}, "5": {"metrics": {"client_number": 0, "loss": 0.04418671135821776, "accuracy": 0.7188360204482894}}, "6": {"metrics": {"client_number": 0, "loss": 0.06124351318080361, "accuracy": 0.6979944946913095}}, "7": {"metrics": {"client_number": 0, "loss": 0.11043619781416136, "accuracy": 0.6814785686197404}}, "8": {"metrics": {"client_number": 0, "loss": 0.08032845194490698, "accuracy": 0.6185607550137633}}, "9": {"metrics": {"client_number": 0, "loss": 0.0699115324526662, "accuracy": 0.6751867872591427}}, "10": {"metrics": {"client_number": 0, "loss": 0.049210983798394184, "accuracy": 0.6508061344868266}}}, "2": {"1": {"metrics": {"client_number": 2, "loss": 4.501401160576794, "accuracy": 0.0010712372790573112}}, "2": {"metrics": {"client_number": 2, "loss": 0.3315452428571541, "accuracy": 0.21692554900910552}}, "3": {"metrics": {"client_number": 2, "loss": 0.30437562244744243, "accuracy": 0.22281735404392072}}, "4": {"metrics": {"client_number": 2, "loss": 0.2564867021696543, "accuracy": 0.2544188537761114}}, "5": {"metrics": {"client_number": 2, "loss": 0.2480920767107301, "accuracy": 0.25066952329941083}}, "6": {"metrics": {"client_number": 2, "loss": 0.3990007225817132, "accuracy": 0.4129619710765935}}, "7": {"metrics": {"client_number": 2, "loss": 0.4347468377692085, "accuracy": 0.4102838778789502}}, "8": {"metrics": {"client_number": 2, "loss": 0.048792267586371445, "accuracy": 0.8403856454204607}}, "9": {"metrics": {"client_number": 2, "loss": 0.009454316248134559, "accuracy": 0.8998393144081414}}, "10": {"metrics": {"client_number": 2, "loss": 0.01601383094009896, "accuracy": 0.852169255490091}}}, "1": {"1": {"metrics": {"client_number": 1, "loss": 6.80083337514107, "accuracy": 0.030179721939640556}}, "2": {"metrics": {"client_number": 1, "loss": 0.305121502661228, "accuracy": 0.029501525940996948}}, "3": {"metrics": {"client_number": 1, "loss": 0.5436916144349365, "accuracy": 0.02882332994235334}}, "4": {"metrics": {"client_number": 1, "loss": 0.2695301611490596, "accuracy": 0.3387589013224822}}, "5": {"metrics": {"client_number": 1, "loss": 0.16884462337810818, "accuracy": 0.3309596473380807}}, "6": {"metrics": {"client_number": 1, "loss": 0.16285407062141158, "accuracy": 0.6290267887419464}}, "7": {"metrics": {"client_number": 1, "loss": 0.2153426120850384, "accuracy": 0.6018989487962021}}, "8": {"metrics": {"client_number": 1, "loss": 0.1973472869610455, "accuracy": 0.6381824347236351}}, "9": {"metrics": {"client_number": 1, "loss": 0.11290858324684099, "accuracy": 0.6066463207867073}}, "10": {"metrics": {"client_number": 1, "loss": 0.023214750600774717, "accuracy": 0.8250254323499492}}}}