{"1": 88.54555797576904, "2": 65.52440404891968, "3": 68.65401577949524, "4": 92.91607165336609, "5": 98.24119091033936, "6": 83.28720259666443, "7": 71.83505296707153, "8": 95.25006532669067, "9": 95.23173952102661, "10": 137.31430077552795}