{"2": {"1": {"metrics": {"client_number": 2, "loss": 7.583746243286133, "accuracy": 0.098}}, "2": {"metrics": {"client_number": 2, "loss": 11.378097497558594, "accuracy": 0.098}}, "3": {"metrics": {"client_number": 2, "loss": 0.3428145629882812, "accuracy": 0.1999}}, "4": {"metrics": {"client_number": 2, "loss": 0.4739195524215698, "accuracy": 0.1997}}, "5": {"metrics": {"client_number": 2, "loss": 0.36265082960128786, "accuracy": 0.1995}}, "6": {"metrics": {"client_number": 2, "loss": 0.30513286027908326, "accuracy": 0.1996}}, "7": {"metrics": {"client_number": 2, "loss": 0.4896835803985596, "accuracy": 0.2005}}, "8": {"metrics": {"client_number": 2, "loss": 0.29787369594573976, "accuracy": 0.2001}}, "9": {"metrics": {"client_number": 2, "loss": 0.3942021356582642, "accuracy": 0.2002}}, "10": {"metrics": {"client_number": 2, "loss": 0.4017128273963928, "accuracy": 0.2002}}}, "4": {"1": {"metrics": {"client_number": 4, "loss": 7.749914932250976, "accuracy": 0.098}}, "2": {"metrics": {"client_number": 4, "loss": 9.638469357299805, "accuracy": 0.098}}, "3": {"metrics": {"client_number": 4, "loss": 0.43771489963531496, "accuracy": 0.2004}}, "4": {"metrics": {"client_number": 4, "loss": 0.289430862903595, "accuracy": 0.1996}}, "5": {"metrics": {"client_number": 4, "loss": 0.47259413566589353, "accuracy": 0.2008}}, "6": {"metrics": {"client_number": 4, "loss": 0.5190174449920655, "accuracy": 0.2004}}, "7": {"metrics": {"client_number": 4, "loss": 0.3464886179924011, "accuracy": 0.1998}}, "8": {"metrics": {"client_number": 4, "loss": 0.39788743877410887, "accuracy": 0.1986}}, "9": {"metrics": {"client_number": 4, "loss": 0.29297299518585207, "accuracy": 0.2002}}, "10": {"metrics": {"client_number": 4, "loss": 0.2944725566864014, "accuracy": 0.1979}}}, "1": {"1": {"metrics": {"client_number": 1, "loss": 7.217041259765625, "accuracy": 0.098}}, "2": {"metrics": {"client_number": 1, "loss": 6.08273237915039, "accuracy": 0.098}}, "3": {"metrics": {"client_number": 1, "loss": 0.37844205284118654, "accuracy": 0.2002}}, "4": {"metrics": {"client_number": 1, "loss": 0.30763635263442995, "accuracy": 0.2005}}, "5": {"metrics": {"client_number": 1, "loss": 0.3097964409828186, "accuracy": 0.2006}}, "6": {"metrics": {"client_number": 1, "loss": 0.31471375732421875, "accuracy": 0.2003}}, "7": {"metrics": {"client_number": 1, "loss": 0.48802441749572756, "accuracy": 0.2004}}, "8": {"metrics": {"client_number": 1, "loss": 0.4073653203964233, "accuracy": 0.2007}}, "9": {"metrics": {"client_number": 1, "loss": 0.35231330585479737, "accuracy": 0.2005}}, "10": {"metrics": {"client_number": 1, "loss": 0.34704707441329957, "accuracy": 0.2003}}}, "0": {"1": {"metrics": {"client_number": 0, "loss": 8.402898300170898, "accuracy": 0.098}}, "2": {"metrics": {"client_number": 0, "loss": 14.246448852539062, "accuracy": 0.098}}, "3": {"metrics": {"client_number": 0, "loss": 0.3965355062484741, "accuracy": 0.2004}}, "4": {"metrics": {"client_number": 0, "loss": 0.3921360559463501, "accuracy": 0.1978}}, "5": {"metrics": {"client_number": 0, "loss": 0.36715867404937746, "accuracy": 0.1989}}, "6": {"metrics": {"client_number": 0, "loss": 0.3313408903121948, "accuracy": 0.2001}}, "7": {"metrics": {"client_number": 0, "loss": 0.39701442546844484, "accuracy": 0.1997}}, "8": {"metrics": {"client_number": 0, "loss": 0.5740993322372436, "accuracy": 0.2005}}, "9": {"metrics": {"client_number": 0, "loss": 0.3819109519004822, "accuracy": 0.1998}}, "10": {"metrics": {"client_number": 0, "loss": 0.375515997505188, "accuracy": 0.1987}}}, "3": {"1": {"metrics": {"client_number": 3, "loss": 7.437981030273438, "accuracy": 0.098}}, "2": {"metrics": {"client_number": 3, "loss": 12.370721466064452, "accuracy": 0.098}}, "3": {"metrics": {"client_number": 3, "loss": 0.2705130475997925, "accuracy": 0.1973}}, "4": {"metrics": {"client_number": 3, "loss": 0.6352532936096191, "accuracy": 0.1998}}, "5": {"metrics": {"client_number": 3, "loss": 0.4255213373184204, "accuracy": 0.1999}}, "6": {"metrics": {"client_number": 3, "loss": 0.3254958122253418, "accuracy": 0.1999}}, "7": {"metrics": {"client_number": 3, "loss": 0.3202268772125244, "accuracy": 0.2002}}, "8": {"metrics": {"client_number": 3, "loss": 0.5051031913757325, "accuracy": 0.2003}}, "9": {"metrics": {"client_number": 3, "loss": 0.4638350914001465, "accuracy": 0.2}}, "10": {"metrics": {"client_number": 3, "loss": 0.32537708349227906, "accuracy": 0.2}}}}