{"0": {"1": {"metrics": {"client_number": 0, "loss": 0.057532590173594404, "accuracy": 0.2690453230472517}}}, "3": {"1": {"metrics": {"client_number": 3, "loss": 0.07499783092922235, "accuracy": 0.1495766698024459}}}, "4": {"1": {"metrics": {"client_number": 4, "loss": 0.08667729760907378, "accuracy": 0.0485300979934671}}}, "2": {"1": {"metrics": {"client_number": 2, "loss": 0.05153079161479769, "accuracy": 0.22807017543859648}}}, "1": {"1": {"metrics": {"client_number": 1, "loss": 0.05426285062002843, "accuracy": 0.25920679886685555}}}}