{"4": {"1": {"metrics": {"client_number": 4, "loss": 0.11229225203268922, "accuracy": 0.18697165589259074}}}, "2": {"1": {"metrics": {"client_number": 2, "loss": 0.04779190008928353, "accuracy": 0.4138817480719794}}}, "0": {"1": {"metrics": {"client_number": 0, "loss": 0.06706359342563371, "accuracy": 0.3039169419537518}}}, "1": {"1": {"metrics": {"client_number": 1, "loss": 0.06168390358663644, "accuracy": 0.29507529507529506}}}, "3": {"1": {"metrics": {"client_number": 3, "loss": 0.058901071901341945, "accuracy": 0.33476856835306784}}}}