{"3": {"1": {"metrics": {"client_number": 3, "loss": 0.04943752039670944, "accuracy": 0.5732}}}, "2": {"1": {"metrics": {"client_number": 2, "loss": 0.06591121656894684, "accuracy": 0.6366}}}, "1": {"1": {"metrics": {"client_number": 1, "loss": 0.1001004295349121, "accuracy": 0.4832}}}, "0": {"1": {"metrics": {"client_number": 0, "loss": 0.10032235345840454, "accuracy": 0.508}}}, "4": {"1": {"metrics": {"client_number": 4, "loss": 0.1398593846321106, "accuracy": 0.2912}}}}