{"3": {"1": {"metrics": {"client_number": 3, "synthetic_data_train_loss": 7.186779870308809, "synthetic_data_train_accuracy": 0.009000900090009001, "loss": 0.09104889287948609, "accuracy": 0.3634}}}, "2": {"1": {"metrics": {"client_number": 2, "synthetic_data_train_loss": 6.262315326836211, "synthetic_data_train_accuracy": 0.0010746910263299302, "loss": 0.07436853699684143, "accuracy": 0.435}}}, "0": {"1": {"metrics": {"client_number": 0, "synthetic_data_train_loss": 4.383945700143475, "synthetic_data_train_accuracy": 0.0, "loss": 0.09910117702484131, "accuracy": 0.4243}}}, "1": {"1": {"metrics": {"client_number": 1, "synthetic_data_train_loss": 5.355292508569414, "synthetic_data_train_accuracy": 0.030623020063357972, "loss": 0.12009098434448243, "accuracy": 0.4704}}}, "4": {"1": {"metrics": {"client_number": 4, "synthetic_data_train_loss": 3.4368842226632195, "synthetic_data_train_accuracy": 0.4517212426532326, "loss": 0.1591427318572998, "accuracy": 0.2903}}}}