{"2": {"1": {"metrics": {"client_number": 2, "combined_loss": 0.2348309326171875, "accuracy": 0.4035, "classification_loss": 0.007890447235107421, "BCE": 0.19763824462890625, "KLD": 0.029302236938476563}}, "2": {"metrics": {"client_number": 2, "combined_loss": 0.2095107421875, "accuracy": 0.5009, "classification_loss": 0.0076249069213867185, "BCE": 0.1703840087890625, "KLD": 0.0315018310546875}}, "3": {"metrics": {"client_number": 2, "combined_loss": 0.2104387451171875, "accuracy": 0.5633, "classification_loss": 0.007048416900634766, "BCE": 0.17467396240234376, "KLD": 0.02871636962890625}}, "4": {"metrics": {"client_number": 2, "combined_loss": 0.210971240234375, "accuracy": 0.5764, "classification_loss": 0.007622258758544922, "BCE": 0.1723373291015625, "KLD": 0.031011651611328125}}, "5": {"metrics": {"client_number": 2, "combined_loss": 0.2148820556640625, "accuracy": 0.6025, "classification_loss": 0.007823302459716797, "BCE": 0.1748345947265625, "KLD": 0.032224166870117185}}}, "1": {"1": {"metrics": {"client_number": 1, "combined_loss": 0.214065869140625, "accuracy": 0.4415, "classification_loss": 0.010151919555664062, "BCE": 0.16828702392578124, "KLD": 0.03562693176269531}}, "2": {"metrics": {"client_number": 1, "combined_loss": 0.214270361328125, "accuracy": 0.4646, "classification_loss": 0.009833846282958985, "BCE": 0.17177421875, "KLD": 0.0326623046875}}, "3": {"metrics": {"client_number": 1, "combined_loss": 0.2177898193359375, "accuracy": 0.4729, "classification_loss": 0.010434309387207031, "BCE": 0.1727661376953125, "KLD": 0.03458937683105469}}, "4": {"metrics": {"client_number": 1, "combined_loss": 0.2143365478515625, "accuracy": 0.4776, "classification_loss": 0.012336143493652344, "BCE": 0.1688767333984375, "KLD": 0.03312367858886719}}, "5": {"metrics": {"client_number": 1, "combined_loss": 0.220352099609375, "accuracy": 0.4765, "classification_loss": 0.014022091674804688, "BCE": 0.1740896728515625, "KLD": 0.03224034423828125}}}, "4": {"1": {"metrics": {"client_number": 4, "combined_loss": 0.2962140380859375, "accuracy": 0.2864, "classification_loss": 0.012156900024414063, "BCE": 0.257682275390625, "KLD": 0.026374853515625}}, "2": {"metrics": {"client_number": 4, "combined_loss": 0.3219361083984375, "accuracy": 0.2884, "classification_loss": 0.0137153076171875, "BCE": 0.2763652587890625, "KLD": 0.031855551147460935}}, "3": {"metrics": {"client_number": 4, "combined_loss": 0.301898876953125, "accuracy": 0.2902, "classification_loss": 0.012709728240966797, "BCE": 0.2590400390625, "KLD": 0.03014910888671875}}, "4": {"metrics": {"client_number": 4, "combined_loss": 0.32542451171875, "accuracy": 0.2922, "classification_loss": 0.014807783508300781, "BCE": 0.278123193359375, "KLD": 0.0324935302734375}}, "5": {"metrics": {"client_number": 4, "combined_loss": 0.326848486328125, "accuracy": 0.292, "classification_loss": 0.016877481079101562, "BCE": 0.27617705078125, "KLD": 0.0337939453125}}}, "3": {"1": {"metrics": {"client_number": 3, "combined_loss": 0.2218236328125, "accuracy": 0.3572, "classification_loss": 0.006885136413574219, "BCE": 0.18162457275390625, "KLD": 0.033313931274414066}}, "2": {"metrics": {"client_number": 3, "combined_loss": 0.19482943115234375, "accuracy": 0.4362, "classification_loss": 0.005966189193725586, "BCE": 0.1562696533203125, "KLD": 0.03259359130859375}}, "3": {"metrics": {"client_number": 3, "combined_loss": 0.19125218505859376, "accuracy": 0.4964, "classification_loss": 0.005287085342407226, "BCE": 0.15206790771484374, "KLD": 0.0338971923828125}}, "4": {"metrics": {"client_number": 3, "combined_loss": 0.1899377685546875, "accuracy": 0.5443, "classification_loss": 0.0052602806091308595, "BCE": 0.1523610595703125, "KLD": 0.0323164306640625}}, "5": {"metrics": {"client_number": 3, "combined_loss": 0.18855780029296876, "accuracy": 0.5581, "classification_loss": 0.005262256240844727, "BCE": 0.149639599609375, "KLD": 0.03365594482421875}}}, "0": {"1": {"metrics": {"client_number": 0, "combined_loss": 0.2265788330078125, "accuracy": 0.3964, "classification_loss": 0.008919660186767578, "BCE": 0.18522764892578125, "KLD": 0.0324315185546875}}, "2": {"metrics": {"client_number": 0, "combined_loss": 0.22085400390625, "accuracy": 0.4674, "classification_loss": 0.008764997863769532, "BCE": 0.1804972412109375, "KLD": 0.03159175415039062}}, "3": {"metrics": {"client_number": 0, "combined_loss": 0.227762841796875, "accuracy": 0.4862, "classification_loss": 0.009740784454345702, "BCE": 0.18363848876953126, "KLD": 0.03438356323242187}}, "4": {"metrics": {"client_number": 0, "combined_loss": 0.2393154052734375, "accuracy": 0.4916, "classification_loss": 0.011641765594482422, "BCE": 0.19301708984375, "KLD": 0.03465655517578125}}, "5": {"metrics": {"client_number": 0, "combined_loss": 0.22626767578125, "accuracy": 0.4971, "classification_loss": 0.011425147247314454, "BCE": 0.182201513671875, "KLD": 0.03264102172851562}}}}