{"1": {"1": {"metrics": {"client_number": 1, "loss": 18.844757006835938, "accuracy": 0.098}}, "2": {"metrics": {"client_number": 1, "loss": 0.6573892391204834, "accuracy": 0.2112}}, "3": {"metrics": {"client_number": 1, "loss": 0.22388323879241942, "accuracy": 0.3047}}, "4": {"metrics": {"client_number": 1, "loss": 0.18877134132385254, "accuracy": 0.4087}}, "5": {"metrics": {"client_number": 1, "loss": 0.2199336814880371, "accuracy": 0.4979}}, "6": {"metrics": {"client_number": 1, "loss": 0.19650269994735717, "accuracy": 0.5713}}, "7": {"metrics": {"client_number": 1, "loss": 0.14013795890808106, "accuracy": 0.672}}, "8": {"metrics": {"client_number": 1, "loss": 0.06392134788036347, "accuracy": 0.7754}}, "9": {"metrics": {"client_number": 1, "loss": 0.04741075988411903, "accuracy": 0.846}}, "10": {"metrics": {"client_number": 1, "loss": 0.00852572057437028, "accuracy": 0.9181}}}, "4": {"1": {"metrics": {"client_number": 4, "loss": 13.232796325683594, "accuracy": 0.098}}, "2": {"metrics": {"client_number": 4, "loss": 0.466379363822937, "accuracy": 0.2113}}, "3": {"metrics": {"client_number": 4, "loss": 0.23305271549224854, "accuracy": 0.3101}}, "4": {"metrics": {"client_number": 4, "loss": 0.2436943377494812, "accuracy": 0.4055}}, "5": {"metrics": {"client_number": 4, "loss": 0.17107761754989623, "accuracy": 0.4901}}, "6": {"metrics": {"client_number": 4, "loss": 0.1492791139602661, "accuracy": 0.5842}}, "7": {"metrics": {"client_number": 4, "loss": 0.09481321034431457, "accuracy": 0.671}}, "8": {"metrics": {"client_number": 4, "loss": 0.08616806256771088, "accuracy": 0.7653}}, "9": {"metrics": {"client_number": 4, "loss": 0.054530737137794494, "accuracy": 0.8377}}, "10": {"metrics": {"client_number": 4, "loss": 0.008670099920120265, "accuracy": 0.928}}}, "3": {"1": {"metrics": {"client_number": 3, "loss": 24.744514135742186, "accuracy": 0.098}}, "2": {"metrics": {"client_number": 3, "loss": 0.4983173147201538, "accuracy": 0.2113}}, "3": {"metrics": {"client_number": 3, "loss": 0.21971122436523438, "accuracy": 0.3121}}, "4": {"metrics": {"client_number": 3, "loss": 0.27413013048171997, "accuracy": 0.408}}, "5": {"metrics": {"client_number": 3, "loss": 0.19519446320533754, "accuracy": 0.5007}}, "6": {"metrics": {"client_number": 3, "loss": 0.1584342031955719, "accuracy": 0.5869}}, "7": {"metrics": {"client_number": 3, "loss": 0.11726459279060364, "accuracy": 0.6775}}, "8": {"metrics": {"client_number": 3, "loss": 0.06286919525861741, "accuracy": 0.7717}}, "9": {"metrics": {"client_number": 3, "loss": 0.04509197681546211, "accuracy": 0.8634}}, "10": {"metrics": {"client_number": 3, "loss": 0.00787242363458663, "accuracy": 0.9265}}}, "2": {"1": {"metrics": {"client_number": 2, "loss": 14.129228094482421, "accuracy": 0.098}}, "2": {"metrics": {"client_number": 2, "loss": 0.4268516996383667, "accuracy": 0.2112}}, "3": {"metrics": {"client_number": 2, "loss": 0.2561432863235474, "accuracy": 0.3105}}, "4": {"metrics": {"client_number": 2, "loss": 0.22657854747772216, "accuracy": 0.4085}}, "5": {"metrics": {"client_number": 2, "loss": 0.23427595472335816, "accuracy": 0.4993}}, "6": {"metrics": {"client_number": 2, "loss": 0.18266246228218078, "accuracy": 0.5812}}, "7": {"metrics": {"client_number": 2, "loss": 0.14471983604431152, "accuracy": 0.6745}}, "8": {"metrics": {"client_number": 2, "loss": 0.08712426407337188, "accuracy": 0.7645}}, "9": {"metrics": {"client_number": 2, "loss": 0.04446469405889511, "accuracy": 0.836}}, "10": {"metrics": {"client_number": 2, "loss": 0.005420036040424202, "accuracy": 0.9359}}}, "0": {"1": {"metrics": {"client_number": 0, "loss": 15.373051104736328, "accuracy": 0.098}}, "2": {"metrics": {"client_number": 0, "loss": 0.6196720617294311, "accuracy": 0.2111}}, "3": {"metrics": {"client_number": 0, "loss": 0.17977224640846254, "accuracy": 0.312}}, "4": {"metrics": {"client_number": 0, "loss": 0.21798456792831422, "accuracy": 0.4048}}, "5": {"metrics": {"client_number": 0, "loss": 0.22613325281143187, "accuracy": 0.4993}}, "6": {"metrics": {"client_number": 0, "loss": 0.13329627442359923, "accuracy": 0.5847}}, "7": {"metrics": {"client_number": 0, "loss": 0.1362715170145035, "accuracy": 0.6611}}, "8": {"metrics": {"client_number": 0, "loss": 0.07457533745765686, "accuracy": 0.7595}}, "9": {"metrics": {"client_number": 0, "loss": 0.07353608740568161, "accuracy": 0.8511}}, "10": {"metrics": {"client_number": 0, "loss": 0.007330146040660384, "accuracy": 0.9337}}}}