{"4": {"1": {"metrics": {"client_number": 4, "loss": 0.1452796289920807, "accuracy": 0.2896}}, "2": {"metrics": {"client_number": 4, "synthetic_data_train_loss": 0.0025548135250256306, "synthetic_data_train_accuracy": 0.9554995801847187, "train_loss": 0.00018860603476631742, "train_accuracy": 0.9962216624685138, "loss": 0.2081468493461609, "accuracy": 0.2906}}}, "0": {"1": {"metrics": {"client_number": 0, "loss": 0.09157349967956543, "accuracy": 0.5311}}, "2": {"metrics": {"client_number": 0, "synthetic_data_train_loss": 0.17735970701742987, "synthetic_data_train_accuracy": 0.041573867854491464, "train_loss": 0.0007855737029243628, "train_accuracy": 0.9851521900519673, "loss": 0.0623828763961792, "accuracy": 0.5183}}}, "1": {"1": {"metrics": {"client_number": 1, "loss": 0.12310027470588684, "accuracy": 0.4831}}, "2": {"metrics": {"client_number": 1, "synthetic_data_train_loss": 0.00718219935453429, "synthetic_data_train_accuracy": 0.8852516719464977, "train_loss": 0.00043127129492747193, "train_accuracy": 0.9936642027455121, "loss": 0.1585809519290924, "accuracy": 0.4837}}}, "3": {"1": {"metrics": {"client_number": 3, "loss": 0.03884986513853073, "accuracy": 0.5779}}, "2": {"metrics": {"client_number": 3, "synthetic_data_train_loss": 0.013523960038416027, "synthetic_data_train_accuracy": 0.8226822682268227, "train_loss": 0.000588581392192701, "train_accuracy": 0.9878487848784878, "loss": 0.05838239450454712, "accuracy": 0.562}}}, "2": {"1": {"metrics": {"client_number": 2, "loss": 0.07236068496704101, "accuracy": 0.5974}}, "2": {"metrics": {"client_number": 2, "synthetic_data_train_loss": 0.13761988869922767, "synthetic_data_train_accuracy": 0.18860827512090275, "train_loss": 0.0007803561782723615, "train_accuracy": 0.9876410531972059, "loss": 0.08352716813087463, "accuracy": 0.6818}}}}