{"1": {"1": {"metrics": {"client_number": 1, "loss": 0.12201710739135742, "accuracy": 0.478}}, "2": {"metrics": {"client_number": 1, "synthetic_data_train_loss": 0.38575212639093986, "synthetic_data_train_accuracy": 0.09468497008095741, "loss": 0.6602209396362305, "accuracy": 0.1169}}, "3": {"metrics": {"client_number": 1, "synthetic_data_train_loss": 0.4009894975597109, "synthetic_data_train_accuracy": 0.030623020063357972, "loss": 0.49442553825378416, "accuracy": 0.2107}}, "4": {"metrics": {"client_number": 1, "synthetic_data_train_loss": 0.14613620952081194, "synthetic_data_train_accuracy": 0.3428370292150651, "loss": 0.2974616703987122, "accuracy": 0.313}}, "5": {"metrics": {"client_number": 1, "synthetic_data_train_loss": 0.16620787479893417, "synthetic_data_train_accuracy": 0.3417810630059838, "loss": 0.2141657919883728, "accuracy": 0.4118}}, "6": {"metrics": {"client_number": 1, "synthetic_data_train_loss": 0.09920661334461077, "synthetic_data_train_accuracy": 0.7050334389299543, "loss": 0.20840081253051757, "accuracy": 0.509}}, "7": {"metrics": {"client_number": 1, "synthetic_data_train_loss": 0.010164862391117675, "synthetic_data_train_accuracy": 0.9274903203097501, "loss": 0.11504946961402893, "accuracy": 0.5894}}, "8": {"metrics": {"client_number": 1, "synthetic_data_train_loss": 0.013265889364831342, "synthetic_data_train_accuracy": 0.9317141851460753, "loss": 0.0890969377040863, "accuracy": 0.6843}}, "9": {"metrics": {"client_number": 1, "synthetic_data_train_loss": 0.015460500104857012, "synthetic_data_train_accuracy": 0.9327701513551566, "loss": 0.06218511852025986, "accuracy": 0.7769}}, "10": {"metrics": {"client_number": 1, "synthetic_data_train_loss": 0.01356058895315179, "synthetic_data_train_accuracy": 0.9215065117916227, "loss": 0.02686622036099434, "accuracy": 0.856}}, "11": {"metrics": {"client_number": 1, "synthetic_data_train_loss": 0.005408910108059487, "synthetic_data_train_accuracy": 0.9450897571277719, "loss": 0.005421925055791428, "accuracy": 0.9438}}}, "2": {"1": {"metrics": {"client_number": 2, "loss": 0.054896687173843384, "accuracy": 0.5896}}, "2": {"metrics": {"client_number": 2, "synthetic_data_train_loss": 2.025655255530356, "synthetic_data_train_accuracy": 0.0010746910263299302, "loss": 2.2417190902709963, "accuracy": 0.098}}, "3": {"metrics": {"client_number": 2, "synthetic_data_train_loss": 0.3742602316043122, "synthetic_data_train_accuracy": 0.009134873723804407, "loss": 0.40570596714019774, "accuracy": 0.2114}}, "4": {"metrics": {"client_number": 2, "synthetic_data_train_loss": 0.1264590135765998, "synthetic_data_train_accuracy": 0.17033852767329394, "loss": 0.15980309886932373, "accuracy": 0.3147}}, "5": {"metrics": {"client_number": 2, "synthetic_data_train_loss": 0.13633144471928485, "synthetic_data_train_accuracy": 0.3825900053734551, "loss": 0.19820477046966553, "accuracy": 0.4115}}, "6": {"metrics": {"client_number": 2, "synthetic_data_train_loss": 0.16669181826805185, "synthetic_data_train_accuracy": 0.4212788823213326, "loss": 0.19915444922447204, "accuracy": 0.5091}}, "7": {"metrics": {"client_number": 2, "synthetic_data_train_loss": 0.18282407256366745, "synthetic_data_train_accuracy": 0.4169801182160129, "loss": 0.163578946352005, "accuracy": 0.5926}}, "8": {"metrics": {"client_number": 2, "synthetic_data_train_loss": 0.11418415127999676, "synthetic_data_train_accuracy": 0.4169801182160129, "loss": 0.0826687569618225, "accuracy": 0.6821}}, "9": {"metrics": {"client_number": 2, "synthetic_data_train_loss": 0.13704705379266754, "synthetic_data_train_accuracy": 0.4185921547555078, "loss": 0.04373138893842697, "accuracy": 0.7821}}, "10": {"metrics": {"client_number": 2, "synthetic_data_train_loss": 0.08716868117956113, "synthetic_data_train_accuracy": 0.4997313272434175, "loss": 0.020683009326457977, "accuracy": 0.8701}}, "11": {"metrics": {"client_number": 2, "synthetic_data_train_loss": 0.004281844681598954, "synthetic_data_train_accuracy": 0.9537882858678131, "loss": 0.0026779804918413, "accuracy": 0.9673}}}, "0": {"1": {"metrics": {"client_number": 0, "loss": 0.10072371788024902, "accuracy": 0.5178}}, "2": {"metrics": {"client_number": 0, "synthetic_data_train_loss": 0.5655907841196038, "synthetic_data_train_accuracy": 0.0, "loss": 0.7019587718963624, "accuracy": 0.098}}, "3": {"metrics": {"client_number": 0, "synthetic_data_train_loss": 0.3288579323420988, "synthetic_data_train_accuracy": 0.49443207126948774, "loss": 0.6596468643188477, "accuracy": 0.2115}}, "4": {"metrics": {"client_number": 0, "synthetic_data_train_loss": 0.16697417601179704, "synthetic_data_train_accuracy": 0.49183370452858205, "loss": 0.29241732034683227, "accuracy": 0.312}}, "5": {"metrics": {"client_number": 0, "synthetic_data_train_loss": 0.0695506909553794, "synthetic_data_train_accuracy": 0.7420193021529324, "loss": 0.17981391925811768, "accuracy": 0.4128}}, "6": {"metrics": {"client_number": 0, "synthetic_data_train_loss": 0.060224316920186295, "synthetic_data_train_accuracy": 0.7587230883444692, "loss": 0.17757651772499083, "accuracy": 0.5069}}, "7": {"metrics": {"client_number": 0, "synthetic_data_train_loss": 0.03185697049234386, "synthetic_data_train_accuracy": 0.8337045285820341, "loss": 0.12639388763904572, "accuracy": 0.5939}}, "8": {"metrics": {"client_number": 0, "synthetic_data_train_loss": 0.03762999387166194, "synthetic_data_train_accuracy": 0.8437268002969562, "loss": 0.10242211329936982, "accuracy": 0.6869}}, "9": {"metrics": {"client_number": 0, "synthetic_data_train_loss": 0.004103751713356476, "synthetic_data_train_accuracy": 0.9699331848552338, "loss": 0.06651765176057815, "accuracy": 0.784}}, "10": {"metrics": {"client_number": 0, "synthetic_data_train_loss": 0.003065055462806752, "synthetic_data_train_accuracy": 0.9706755753526355, "loss": 0.02925807858109474, "accuracy": 0.8725}}, "11": {"metrics": {"client_number": 0, "synthetic_data_train_loss": 0.002416903320651964, "synthetic_data_train_accuracy": 0.9695619896065331, "loss": 0.003478048041713464, "accuracy": 0.9595}}}, "4": {"1": {"metrics": {"client_number": 4, "loss": 0.1336011905670166, "accuracy": 0.2915}}, "2": {"metrics": {"client_number": 4, "synthetic_data_train_loss": 1.059671823163677, "synthetic_data_train_accuracy": 0.4517212426532326, "loss": 3.0918223739624024, "accuracy": 0.098}}, "3": {"metrics": {"client_number": 4, "synthetic_data_train_loss": 0.28607680915685185, "synthetic_data_train_accuracy": 0.4517212426532326, "loss": 0.7547680854797363, "accuracy": 0.2113}}, "4": {"metrics": {"client_number": 4, "synthetic_data_train_loss": 0.1642075663950141, "synthetic_data_train_accuracy": 0.44836272040302266, "loss": 0.3151562533378601, "accuracy": 0.3123}}, "5": {"metrics": {"client_number": 4, "synthetic_data_train_loss": 0.1888830867962713, "synthetic_data_train_accuracy": 0.45004198152812763, "loss": 0.2616648045539856, "accuracy": 0.4096}}, "6": {"metrics": {"client_number": 4, "synthetic_data_train_loss": 0.2197160953038085, "synthetic_data_train_accuracy": 0.45046179680940385, "loss": 0.22991358280181884, "accuracy": 0.4995}}, "7": {"metrics": {"client_number": 4, "synthetic_data_train_loss": 0.17765425995154904, "synthetic_data_train_accuracy": 0.44080604534005036, "loss": 0.13711778421401977, "accuracy": 0.5906}}, "8": {"metrics": {"client_number": 4, "synthetic_data_train_loss": 0.01422521619461689, "synthetic_data_train_accuracy": 0.9391267842149454, "loss": 0.09619129426479339, "accuracy": 0.6752}}, "9": {"metrics": {"client_number": 4, "synthetic_data_train_loss": 0.03050737279388306, "synthetic_data_train_accuracy": 0.9227539882451721, "loss": 0.09840200955867767, "accuracy": 0.7703}}, "10": {"metrics": {"client_number": 4, "synthetic_data_train_loss": 0.020364379707632364, "synthetic_data_train_accuracy": 0.9353484466834593, "loss": 0.0431495752632618, "accuracy": 0.8452}}, "11": {"metrics": {"client_number": 4, "synthetic_data_train_loss": 0.003358699771895063, "synthetic_data_train_accuracy": 0.9617968094038623,