{"0": {"1": {"metrics": {"client_number": 0, "combined_loss": 0.3402485595703125, "accuracy": 0.1135, "classification_loss": 0.00026453986167907715, "BCE": 0.33538154296875, "KLD": 0.004602460479736328}}}}