{"1": 78.43247532844543, "2": 57.95709705352783, "3": 48.03212308883667, "4": 50.1740779876709, "5": 65.33290338516235, "6": 49.656063079833984, "7": 61.26750373840332, "8": 59.871479511260986, "9": 58.369056701660156, "10": 66.91579580307007, "11": 232.4396152496338}