{"1": {"1": {"metrics": {"client_number": 1, "loss": 20.291223681640624, "accuracy": 0.098}}, "2": {"metrics": {"client_number": 1, "loss": 0.396676416015625, "accuracy": 0.2111}}, "3": {"metrics": {"client_number": 1, "loss": 0.17793368005752563, "accuracy": 0.3103}}, "4": {"metrics": {"client_number": 1, "loss": 0.24774305200576782, "accuracy": 0.4075}}, "5": {"metrics": {"client_number": 1, "loss": 0.18977173185348511, "accuracy": 0.4972}}, "6": {"metrics": {"client_number": 1, "loss": 0.17705196480751037, "accuracy": 0.5848}}, "7": {"metrics": {"client_number": 1, "loss": 0.14608247838020325, "accuracy": 0.6731}}, "8": {"metrics": {"client_number": 1, "loss": 0.08051548433303833, "accuracy": 0.7625}}, "9": {"metrics": {"client_number": 1, "loss": 0.04569497820734978, "accuracy": 0.8548}}, "10": {"metrics": {"client_number": 1, "loss": 0.004511671340363318, "accuracy": 0.9479}}}, "4": {"1": {"metrics": {"client_number": 4, "loss": 16.584348321533202, "accuracy": 0.098}}, "2": {"metrics": {"client_number": 4, "loss": 0.46733933963775637, "accuracy": 0.2111}}, "3": {"metrics": {"client_number": 4, "loss": 0.20247007303237916, "accuracy": 0.3111}}, "4": {"metrics": {"client_number": 4, "loss": 0.1899819935798645, "accuracy": 0.404}}, "5": {"metrics": {"client_number": 4, "loss": 0.2601932104110718, "accuracy": 0.4964}}, "6": {"metrics": {"client_number": 4, "loss": 0.20543943424224853, "accuracy": 0.5806}}, "7": {"metrics": {"client_number": 4, "loss": 0.14500427622795106, "accuracy": 0.6759}}, "8": {"metrics": {"client_number": 4, "loss": 0.07515164464712143, "accuracy": 0.7544}}, "9": {"metrics": {"client_number": 4, "loss": 0.05156931140422821, "accuracy": 0.8579}}, "10": {"metrics": {"client_number": 4, "loss": 0.006133754093263911, "accuracy": 0.9449}}}, "2": {"1": {"metrics": {"client_number": 2, "loss": 21.191156018066405, "accuracy": 0.098}}, "2": {"metrics": {"client_number": 2, "loss": 0.5216228429794312, "accuracy": 0.2113}}, "3": {"metrics": {"client_number": 2, "loss": 0.24194244260787964, "accuracy": 0.311}}, "4": {"metrics": {"client_number": 2, "loss": 0.18873166003227235, "accuracy": 0.406}}, "5": {"metrics": {"client_number": 2, "loss": 0.18506959009170532, "accuracy": 0.4963}}, "6": {"metrics": {"client_number": 2, "loss": 0.14536504783630372, "accuracy": 0.5825}}, "7": {"metrics": {"client_number": 2, "loss": 0.11737562537193298, "accuracy": 0.6722}}, "8": {"metrics": {"client_number": 2, "loss": 0.10388021727800369, "accuracy": 0.7752}}, "9": {"metrics": {"client_number": 2, "loss": 0.05562378064393997, "accuracy": 0.8311}}, "10": {"metrics": {"client_number": 2, "loss": 0.005768267168847888, "accuracy": 0.94}}}, "0": {"1": {"metrics": {"client_number": 0, "loss": 17.942459643554688, "accuracy": 0.098}}, "2": {"metrics": {"client_number": 0, "loss": 0.413687621307373, "accuracy": 0.2105}}, "3": {"metrics": {"client_number": 0, "loss": 0.20001039781570434, "accuracy": 0.3099}}, "4": {"metrics": {"client_number": 0, "loss": 0.2089172312736511, "accuracy": 0.4055}}, "5": {"metrics": {"client_number": 0, "loss": 0.20770493788719177, "accuracy": 0.4988}}, "6": {"metrics": {"client_number": 0, "loss": 0.23334861373901367, "accuracy": 0.586}}, "7": {"metrics": {"client_number": 0, "loss": 0.12025701179504394, "accuracy": 0.6668}}, "8": {"metrics": {"client_number": 0, "loss": 0.09507754273414612, "accuracy": 0.7518}}, "9": {"metrics": {"client_number": 0, "loss": 0.039768766194581986, "accuracy": 0.848}}, "10": {"metrics": {"client_number": 0, "loss": 0.0066392991913256085, "accuracy": 0.9358}}}, "3": {"1": {"metrics": {"client_number": 3, "loss": 13.260646740722656, "accuracy": 0.098}}, "2": {"metrics": {"client_number": 3, "loss": 0.5395583662033081, "accuracy": 0.2114}}, "3": {"metrics": {"client_number": 3, "loss": 0.18340786628723144, "accuracy": 0.3109}}, "4": {"metrics": {"client_number": 3, "loss": 0.16597134070396424, "accuracy": 0.4083}}, "5": {"metrics": {"client_number": 3, "loss": 0.2177437840461731, "accuracy": 0.5012}}, "6": {"metrics": {"client_number": 3, "loss": 0.2010652009010315, "accuracy": 0.574}}, "7": {"metrics": {"client_number": 3, "loss": 0.17585580372810364, "accuracy": 0.6701}}, "8": {"metrics": {"client_number": 3, "loss": 0.07579619884490967, "accuracy": 0.7632}}, "9": {"metrics": {"client_number": 3, "loss": 0.05880293526649475, "accuracy": 0.8534}}, "10": {"metrics": {"client_number": 3, "loss": 0.005767193595510003, "accuracy": 0.9394}}}}