{"3": {"1": {"metrics": {"client_number": 3, "accuracy": 0.14501076812634603}}}, "0": {"1": {"metrics": {"client_number": 0, "accuracy": 0.3344198174706649}}}, "9": {"1": {"metrics": {"client_number": 9, "accuracy": 0.3036649214659686}}}, "5": {"1": {"metrics": {"client_number": 5, "accuracy": 0.0010351966873706005}}}, "2": {"1": {"metrics": {"client_number": 2, "accuracy": 0.16025641025641027}}}, "7": {"1": {"metrics": {"client_number": 7, "accuracy": 0.014598540145985401}}}, "8": {"1": {"metrics": {"client_number": 8, "accuracy": 0.48057097541633625}}}, "1": {"1": {"metrics": {"client_number": 1, "accuracy": 0.0}}}, "4": {"1": {"metrics": {"client_number": 4, "accuracy": 0.0008038585209003215}}}, "6": {"1": {"metrics": {"client_number": 6, "accuracy": 0.7511430437622469}}}}