{"1": 45.434443950653076, "2": 27.87588667869568, "3": 19.207485675811768, "4": 19.25513792037964, "5": 27.587350845336914, "6": 19.977012634277344, "7": 26.03150463104248, "8": 24.027726650238037, "9": 25.516337633132935, "10": 27.187480688095093, "11": 236.75477862358093, "12": 47.46132469177246, "13": 50.31637525558472, "14": 50.97817945480347, "15": 57.562532901763916, "16": 54.73705768585205, "17": 52.61170721054077, "18": 50.68270397186279, "19": 54.89679574966431, "20": 52.18738770484924, "21": 54.37559914588928, "22": 53.59927487373352, "23": 54.46755003929138, "24": 53.713682651519775, "25": 53.79777455329895, "26": 55.53173518180847, "27": 55.78827667236328, "28": 54.15284967422485, "29": 53.87475514411926, "30": 52.08101844787598, "31": 53.30239510536194, "32": 55.9384400844574, "33": 54.41546106338501, "34": 55.107672452926636, "35": 52.670722007751465, "36": 54.96114182472229, "37": 56.76813507080078, "38": 55.212459087371826, "39": 59.503772020339966, "40": 52.67215323448181, "41": 60.4591109752655, "42": 53.90401864051819, "43": 54.721378564834595, "44": 54.49026036262512, "45": 55.242772340774536, "46": 52.85916018486023, "47": 53.258352756500244, "48": 52.093823194503784, "49": 53.19746255874634, "50": 53.954365491867065, "51": 52.66019535064697, "52": 53.31770205497742, "53": 50.69220280647278, "54": 52.895158767700195, "55": 52.64726257324219, "56": 51.140626192092896, "57": 52.31470727920532, "58": 52.42052626609802, "59": 52.81126642227173, "60": 51.85205864906311, "61": 50.1100697517395, "62": 53.803163051605225, "63": 52.634780168533325, "64": 52.13810658454895, "65": 50.13102173805237, "66": 53.087090253829956, "67": 52.84611964225769, "68": 51.129807233810425, "69": 51.929466247558594, "70": 51.95557165145874, "71": 50.702394008636475, "72": 50.601704835891724, "73": 50.066033124923706, "74": 51.64794206619263, "75": 49.51969885826111, "76": 49.305379152297974, "77": 53.24031352996826, "78": 53.018105030059814, "79": 52.6856849193573, "80": 51.08749198913574, "81": 51.024057388305664, "82": 51.79493069648743, "83": 52.5921573638916, "84": 50.11045503616333, "85": 48.634642362594604, "86": 50.79676532745361, "87": 52.086211919784546, "88": 52.21248531341553, "89": 49.602298974990845, "90": 51.32253623008728, "91": 49.69743824005127, "92": 49.493948459625244, "93": 53.46899127960205, "94": 47.624001026153564, "95": 49.3383526802063, "96": 50.532402992248535, "97": 48.41693639755249, "98": 53.97818350791931, "99": 51.96983504295349, "100": 51.62158966064453}