{"0": {"1": {"metrics": {"client_number": 0, "loss": 15.155057000732421, "accuracy": 0.098}}, "2": {"metrics": {"client_number": 0, "loss": 0.3748156753540039, "accuracy": 0.211}}, "3": {"metrics": {"client_number": 0, "loss": 0.20902893047332763, "accuracy": 0.3079}}, "4": {"metrics": {"client_number": 0, "loss": 0.16109882407188417, "accuracy": 0.4116}}, "5": {"metrics": {"client_number": 0, "loss": 0.11454165525436401, "accuracy": 0.5033}}, "6": {"metrics": {"client_number": 0, "loss": 0.11151380562782287, "accuracy": 0.5872}}, "7": {"metrics": {"client_number": 0, "loss": 0.10619639413356781, "accuracy": 0.6796}}, "8": {"metrics": {"client_number": 0, "loss": 0.06752866162061691, "accuracy": 0.7786}}, "9": {"metrics": {"client_number": 0, "loss": 0.042847742199897766, "accuracy": 0.857}}, "10": {"metrics": {"client_number": 0, "loss": 0.004255596214329125, "accuracy": 0.9422}}, "11": {"metrics": {"client_number": 0, "loss": 0.0033258961491286756, "accuracy": 0.9517}}}, "2": {"1": {"metrics": {"client_number": 2, "loss": 16.316114379882812, "accuracy": 0.098}}, "2": {"metrics": {"client_number": 2, "loss": 0.33507423791885377, "accuracy": 0.2111}}, "3": {"metrics": {"client_number": 2, "loss": 0.18128492870330812, "accuracy": 0.3117}}, "4": {"metrics": {"client_number": 2, "loss": 0.1717707333087921, "accuracy": 0.4099}}, "5": {"metrics": {"client_number": 2, "loss": 0.12811825337409974, "accuracy": 0.5031}}, "6": {"metrics": {"client_number": 2, "loss": 0.10957321105003356, "accuracy": 0.5899}}, "7": {"metrics": {"client_number": 2, "loss": 0.09559051024913788, "accuracy": 0.6844}}, "8": {"metrics": {"client_number": 2, "loss": 0.07544682689905166, "accuracy": 0.7728}}, "9": {"metrics": {"client_number": 2, "loss": 0.03604897494912147, "accuracy": 0.8622}}, "10": {"metrics": {"client_number": 2, "loss": 0.003348976315935488, "accuracy": 0.9581}}, "11": {"metrics": {"client_number": 2, "loss": 0.0033258961491286756, "accuracy": 0.9517}}}, "1": {"1": {"metrics": {"client_number": 1, "loss": 14.310460717773438, "accuracy": 0.098}}, "2": {"metrics": {"client_number": 1, "loss": 0.2912415125846863, "accuracy": 0.2112}}, "3": {"metrics": {"client_number": 1, "loss": 0.18506171798706056, "accuracy": 0.3098}}, "4": {"metrics": {"client_number": 1, "loss": 0.22843628816604614, "accuracy": 0.4077}}, "5": {"metrics": {"client_number": 1, "loss": 0.1670845552921295, "accuracy": 0.5049}}, "6": {"metrics": {"client_number": 1, "loss": 0.14612627158164979, "accuracy": 0.5788}}, "7": {"metrics": {"client_number": 1, "loss": 0.10068227550983429, "accuracy": 0.6684}}, "8": {"metrics": {"client_number": 1, "loss": 0.06683581820726395, "accuracy": 0.7741}}, "9": {"metrics": {"client_number": 1, "loss": 0.044533882218599316, "accuracy": 0.8593}}, "10": {"metrics": {"client_number": 1, "loss": 0.002916449632227159, "accuracy": 0.9614}}, "11": {"metrics": {"client_number": 1, "loss": 0.0033258961491286756, "accuracy": 0.9517}}}, "3": {"1": {"metrics": {"client_number": 3, "loss": 12.390080981445312, "accuracy": 0.098}}, "2": {"metrics": {"client_number": 3, "loss": 0.3712776556968689, "accuracy": 0.2111}}, "3": {"metrics": {"client_number": 3, "loss": 0.2718790415763855, "accuracy": 0.3071}}, "4": {"metrics": {"client_number": 3, "loss": 0.21060012369155884, "accuracy": 0.4055}}, "5": {"metrics": {"client_number": 3, "loss": 0.19192172174453737, "accuracy": 0.5053}}, "6": {"metrics": {"client_number": 3, "loss": 0.1579544463634491, "accuracy": 0.591}}, "7": {"metrics": {"client_number": 3, "loss": 0.09152882614135742, "accuracy": 0.6832}}, "8": {"metrics": {"client_number": 3, "loss": 0.05983758301734924, "accuracy": 0.7782}}, "9": {"metrics": {"client_number": 3, "loss": 0.04324350126981735, "accuracy": 0.8649}}, "10": {"metrics": {"client_number": 3, "loss": 0.004198881775525388, "accuracy": 0.9534}}, "11": {"metrics": {"client_number": 3, "loss": 0.0033258961491286756, "accuracy": 0.9517}}}, "4": {"1": {"metrics": {"client_number": 4, "loss": 16.483321368408202, "accuracy": 0.098}}, "2": {"metrics": {"client_number": 4, "loss": 0.3422545686721802, "accuracy": 0.2102}}, "3": {"metrics": {"client_number": 4, "loss": 0.20417365350723266, "accuracy": 0.3099}}, "4": {"metrics": {"client_number": 4, "loss": 0.19472727155685424, "accuracy": 0.4019}}, "5": {"metrics": {"client_number": 4, "loss": 0.21979823904037477, "accuracy": 0.5018}}, "6": {"metrics": {"client_number": 4, "loss": 0.15280052342414857, "accuracy": 0.5794}}, "7": {"metrics": {"client_number": 4, "loss": 0.08547229783535004, "accuracy": 0.6781}}, "8": {"metrics": {"client_number": 4, "loss": 0.07506981533765793, "accuracy": 0.7808}}, "9": {"metrics": {"client_number": 4, "loss": 0.03794674980640411, "accuracy": 0.8715}}, "10": {"metrics": {"client_number": 4, "loss": 0.004106766703363973, "accuracy": 0.9548}}, "11": {"metrics": {"client_number": 4, "loss": 0.0033258961491286756, "accuracy": 0.9517}}}}