{"3": {"1": {"metrics": {"client_number": 3, "loss": 0.04378472393751144, "accuracy": 0.5821}}, "2": {"metrics": {"client_number": 3, "synthetic_train_loss": 0.002966581185748189, "synthetic_train_accuracy": 0.9783978397839784, "train_loss": 0.0005525795770741993, "train_accuracy": 0.9914491449144914, "loss": 0.03152160960435867, "accuracy": 0.6062}}}, "4": {"1": {"metrics": {"client_number": 4, "loss": 0.24833044271469115, "accuracy": 0.2928}}, "2": {"metrics": {"client_number": 4, "synthetic_train_loss": 0.00041337608219782013, "synthetic_train_accuracy": 0.9932829554995802, "train_loss": 0.00021353223543419832, "train_accuracy": 0.9953820319059614, "loss": 0.12129278421401977, "accuracy": 0.2931}}}, "1": {"1": {"metrics": {"client_number": 1, "loss": 0.13005805234909057, "accuracy": 0.4808}}, "2": {"metrics": {"client_number": 1, "synthetic_train_loss": 0.0003495939314923984, "synthetic_train_accuracy": 0.9940161914818726, "train_loss": 0.00027828076244407294, "train_accuracy": 0.9950721576909539, "loss": 0.0566726731300354, "accuracy": 0.4855}}}, "2": {"1": {"metrics": {"client_number": 2, "loss": 0.06148918921947479, "accuracy": 0.675}}, "2": {"metrics": {"client_number": 2, "synthetic_train_loss": 0.002262142047982649, "synthetic_train_accuracy": 0.9559376679204729, "train_loss": 0.000721405592057924, "train_accuracy": 0.9860290166577109, "loss": 0.04159258240461349, "accuracy": 0.679}}}, "0": {"1": {"metrics": {"client_number": 0, "loss": 0.09814736154079437, "accuracy": 0.4934}}, "2": {"metrics": {"client_number": 0, "synthetic_train_loss": 0.000779050433802202, "synthetic_train_accuracy": 0.9866369710467706, "train_loss": 0.00047189197480127507, "train_accuracy": 0.9896065330363771, "loss": 0.06414829699993134, "accuracy": 0.4955}}}}