{"4": {"1": {"metrics": {"client_number": 4, "accuracy": 0.9890848026868178}}}, "0": {"1": {"metrics": {"client_number": 0, "accuracy": 0.9747587230883444}}}, "3": {"1": {"metrics": {"client_number": 3, "accuracy": 0.9738973897389739}}}, "2": {"1": {"metrics": {"client_number": 2, "accuracy": 0.923696937130575}}}, "1": {"1": {"metrics": {"client_number": 1, "accuracy": 0.9880323829637452}}}}