{"1": 55.84888052940369, "2": 30.127670764923096, "3": 41.22698974609375, "4": 50.28758764266968, "5": 53.485804319381714, "6": 51.81421756744385, "7": 57.989948987960815, "8": 51.47951817512512, "9": 52.18034029006958, "10": 53.052818775177, "11": 52.22770643234253, "12": 53.70655870437622, "13": 53.03005242347717, "14": 52.2302131652832, "15": 51.97565674781799, "16": 50.776031494140625, "17": 51.65604257583618, "18": 55.8411283493042, "19": 49.77632737159729, "20": 54.016531229019165, "21": 50.98666858673096, "22": 53.84904932975769, "23": 54.09069323539734, "24": 53.477184772491455, "25": 56.16483759880066, "26": 51.720335721969604, "27": 52.959479093551636, "28": 51.25635290145874, "29": 53.068769454956055, "30": 53.38552737236023, "31": 53.34355902671814, "32": 52.302690744400024, "33": 50.81877112388611, "34": 51.0388388633728, "35": 54.01567077636719, "36": 51.45045709609985, "37": 52.09197688102722, "38": 53.404218912124634, "39": 52.17121124267578, "40": 51.58414006233215, "41": 53.02101945877075, "42": 52.88416504859924, "43": 51.18719244003296, "44": 55.02747941017151, "45": 53.73876333236694, "46": 55.91473078727722, "47": 52.92205190658569, "48": 53.910526752471924, "49": 54.77779150009155, "50": 51.98072910308838, "51": 52.741971492767334, "52": 55.17185091972351, "53": 52.03631925582886, "54": 54.12185025215149, "55": 52.362112522125244, "56": 55.47340416908264, "57": 53.670449018478394, "58": 51.94353270530701, "59": 53.319754123687744, "60": 53.83002734184265, "61": 53.705268144607544, "62": 54.868163108825684, "63": 53.16738319396973, "64": 50.670557260513306, "65": 55.8273766040802, "66": 52.909297943115234, "67": 52.75547981262207, "68": 52.4797568321228, "69": 55.63616132736206, "70": 52.05964231491089, "71": 52.94591403007507, "72": 52.48235774040222, "73": 53.582022190093994, "74": 51.22078323364258, "75": 55.89587926864624, "76": 54.00482201576233, "77": 53.32467246055603, "78": 53.482430934906006, "79": 54.31479072570801, "80": 55.26400375366211, "81": 55.480379581451416, "82": 51.74351620674133, "83": 55.250585317611694, "84": 52.86615347862244, "85": 52.725337982177734, "86": 55.04629158973694, "87": 53.079378604888916, "88": 52.74510669708252, "89": 55.894481897354126, "90": 53.60189414024353, "91": 52.18162417411804, "92": 54.929744243621826, "93": 53.23293876647949, "94": 51.65301585197449, "95": 52.114712953567505, "96": 52.597344160079956, "97": 54.24488711357117, "98": 53.166943073272705, "99": 53.117401123046875, "100": 49.76792860031128, "101": 54.674500942230225, "102": 53.52488708496094, "103": 51.85215616226196, "104": 56.14306044578552, "105": 52.52459931373596, "106": 52.618653535842896, "107": 49.593470335006714, "108": 57.45483446121216, "109": 55.464510917663574, "110": 55.59829092025757, "111": 51.33204674720764, "112": 52.79485487937927, "113": 50.162893772125244, "114": 49.16290092468262, "115": 56.55108380317688, "116": 54.38175344467163, "117": 56.265180349349976, "118": 54.029807567596436, "119": 53.84552526473999, "120": 53.22303509712219, "121": 50.791375160217285, "122": 52.349154233932495, "123": 52.5945143699646, "124": 54.22821259498596, "125": 52.56997585296631, "126": 52.778934955596924, "127": 53.21228647232056, "128": 53.05417776107788, "129": 52.63314414024353, "130": 55.614301919937134, "131": 52.06084418296814, "132": 52.80268383026123, "133": 53.18312644958496, "134": 53.08720541000366, "135": 53.444256067276, "136": 51.01865792274475, "137": 52.16400980949402, "138": 55.36319136619568, "139": 52.14172720909119, "140": 53.637484073638916, "141": 53.72380232810974, "142": 53.96105432510376, "143": 53.518075466156006, "144": 50.70449686050415, "145": 50.55914545059204, "146": 52.83641195297241, "147": 53.96886134147644, "148": 55.898605823516846, "149": 53.84657073020935, "150": 56.146225452423096, "151": 52.854323625564575, "152": 53.24551200866699, "153": 54.20582604408264, "154": 51.68564772605896, "155": 51.7497296333313, "156": 53.47158622741699, "157": 52.77930927276611, "158": 51.04640054702759, "159": 51.95050811767578, "160": 52.018818855285645, "161": 52.47918248176575, "162": 51.93841576576233, "163": 52.1592378616333, "164": 50.58892250061035, "165": 53.07564306259155, "166": 53.32373857498169, "167": 53.412527084350586, "168": 51.224457025527954, "169": 51.478257179260254, "170": 51.19737124443054, "171": 52.59649467468262, "172": 51.70979332923889, "173": 52.96295642852783, "174": 51.11600136756897, "175": 52.34507346153259, "176": 53.7875611782074, "177": 50.630778789520264, "178": 53.52998423576355, "179": 53.788719177246094, "180": 51.22258186340332, "181": 51.51547360420227, "182": 52.21779227256775, "183": 57.17676067352295, "184": 53.80667567253113, "185": 49.45604491233826, "186": 53.953572511672974, "187": 52.546281576156616, "188": 54.861809968948364, "189": 50.24746108055115, "190": 55.58045768737793, "191": 53.40207314491272, "192": 52.33753156661987, "193": 56.4873833656311, "194": 54.502119064331055, "195": 51.98611235618591, "196": 52.84492254257202, "197": 52.184630393981934, "198": 51.518510580062866, "199": 49.801095485687256, "200": 53.51971912384033}